external_id,topic_slug,type,status,content_vi,explanation_vi,content_en,explanation_en,media_ids,option_1_label,option_1_content_vi,option_1_content_en,option_1_match_vi,option_1_match_en,option_1_correct,option_2_label,option_2_content_vi,option_2_content_en,option_2_match_vi,option_2_match_en,option_2_correct,option_3_label,option_3_content_vi,option_3_content_en,option_3_match_vi,option_3_match_en,option_3_correct,option_4_label,option_4_content_vi,option_4_content_en,option_4_match_vi,option_4_match_en,option_4_correct,option_5_label,option_5_content_vi,option_5_content_en,option_5_match_vi,option_5_match_en,option_5_correct,option_6_label,option_6_content_vi,option_6_content_en,option_6_match_vi,option_6_match_en,option_6_correct,option_7_label,option_7_content_vi,option_7_content_en,option_7_match_vi,option_7_match_en,option_7_correct,option_8_label,option_8_content_vi,option_8_content_en,option_8_match_vi,option_8_match_en,option_8_correct,option_9_label,option_9_content_vi,option_9_content_en,option_9_match_vi,option_9_match_en,option_9_correct,option_10_label,option_10_content_vi,option_10_content_en,option_10_match_vi,option_10_match_en,option_10_correct,option_11_label,option_11_content_vi,option_11_content_en,option_11_match_vi,option_11_match_en,option_11_correct,option_12_label,option_12_content_vi,option_12_content_en,option_12_match_vi,option_12_match_en,option_12_correct,option_13_label,option_13_content_vi,option_13_content_en,option_13_match_vi,option_13_match_en,option_13_correct,option_14_label,option_14_content_vi,option_14_content_en,option_14_match_vi,option_14_match_en,option_14_correct,option_15_label,option_15_content_vi,option_15_content_en,option_15_match_vi,option_15_match_en,option_15_correct,option_16_label,option_16_content_vi,option_16_content_en,option_16_match_vi,option_16_match_en,option_16_correct,option_17_label,option_17_content_vi,option_17_content_en,option_17_match_vi,option_17_match_en,option_17_correct,option_18_label,option_18_content_vi,option_18_content_en,option_18_match_vi,option_18_match_en,option_18_correct,option_19_label,option_19_content_vi,option_19_content_en,option_19_match_vi,option_19_match_en,option_19_correct,option_20_label,option_20_content_vi,option_20_content_en,option_20_match_vi,option_20_match_en,option_20_correct
033e331e-cf56-4b01-a635-8eef5a036bda,exam-hall-05,SINGLE_CHOICE,DRAFT,,,Some team members assigned to a new technology project expressed their lack of knowledge about the technology and the challenges they will face during implementation. What should the project manager do?,,,A,,"A.Due to the project due dates, replace the members with more knowledgeable staff.",,,FALSE,B,,B.Ask the team members to do some research and self-learning efforts about the technology.,,,FALSE,C,,C.Reallocate the members to work on and complete different tasks for which they have experience.,,,FALSE,D,,D.Reassure the team members that a training path is in place to learn the new technology.,,,TRUE,,,,,,,,,,,,,,,,,,,,,,,,,,,,,,,,,,,,,,,,,,,,,,,,,,,,,,,,,,,,,,,,,,,,,,,,,,,,,,,,,,,,,,,,,,,,,,,,
9e41ddf9-9a73-4f30-9708-1b9ca16271f8,exam-hall-05,MULTIPLE_CHOICE,DRAFT,,,"In two months, there will be a delivery of project machines from a factory. The project team is in the process of performing a follow-up meeting to review the commitments and dependencies regarding these machines. Which actions should the project team take to ensure that the deliveries are properly performed by the factory? (Choose 2).",,,A,,A.Ensure that they track and monitor all dependencies and report at regular intervals.,,,TRUE,B,,B.Send an email to the research and development factory one week before delivery.,,,FALSE,C,,C.Specify exactly when a dependency is required and for how long this requirement holds.,,,TRUE,D,,D.Schedule a meeting with the factory regarding how the machine is going to be manufactured.,,,FALSE,E,,E.Talk to the factory employees to ascertain if they are qualified to build the machines.,,,FALSE,,,,,,,,,,,,,,,,,,,,,,,,,,,,,,,,,,,,,,,,,,,,,,,,,,,,,,,,,,,,,,,,,,,,,,,,,,,,,,,,,,,,,,,,,,
ea6f9f35-fd5d-4eb8-9871-85131d45a402,exam-hall-05,SINGLE_CHOICE,DRAFT,,,"A project team recently completed a long-term project using a predictive approach. The team then started a new project with the same project manager, but now they are using an agile approach. After the initial sprint, the team waits for the project manager to make decisions on behalf of the team, as has been done in previous projects. What should the project manager do?",,,A,,A.Ask the product owner to make decisions for the team.,,,FALSE,B,,B.Give continuous positive feedback to all team members.,,,FALSE,C,,C.Remind the team that they are using an agile approach.,,,FALSE,D,,D.Coach the team to guide and support their own decisions.,,,TRUE,,,,,,,,,,,,,,,,,,,,,,,,,,,,,,,,,,,,,,,,,,,,,,,,,,,,,,,,,,,,,,,,,,,,,,,,,,,,,,,,,,,,,,,,,,,,,,,,
71033653-8bb7-4b8d-a397-fe8bfa6a5a21,exam-hall-05,SINGLE_CHOICE,DRAFT,,,A project manager is facing a delay in a project due to a decision made by the functional manager to provide onsite support for another project without consulting other parties impacted by this decision. What should the project manager do first?,,,A,,A.Check the impact of the delay on schedule and cost.,,,TRUE,B,,B.Share the work schedule with the functional manager.,,,FALSE,C,,C.Meet with stakeholders to agree on a communications management plan.,,,FALSE,D,,D.Inform the customer about the delay and set a new delivery date.,,,FALSE,,,,,,,,,,,,,,,,,,,,,,,,,,,,,,,,,,,,,,,,,,,,,,,,,,,,,,,,,,,,,,,,,,,,,,,,,,,,,,,,,,,,,,,,,,,,,,,,
0e4f2e76-173e-4765-88e5-b18ae5c3e597,exam-hall-05,SINGLE_CHOICE,DRAFT,,,A project team has been tasked to build a new product. The team builds the demo first and add features to the initial product. This is an example of what technical practice?,,,A,,A.Test-Driven Development (TDD),,,FALSE,B,,B.Continuous Delivery,,,TRUE,C,,C.Behavior-Driven Development,,,FALSE,D,,D.Spikes,,,FALSE,,,,,,,,,,,,,,,,,,,,,,,,,,,,,,,,,,,,,,,,,,,,,,,,,,,,,,,,,,,,,,,,,,,,,,,,,,,,,,,,,,,,,,,,,,,,,,,,
5ca6e8a4-4827-461e-882d-4bce82146e50,exam-hall-05,SINGLE_CHOICE,DRAFT,,,A company's project management office (PMO) is incorporating more adaptive technologies and has hired a new project manager with hybrid project management experience. The team is slow in adopting the new methodology and has not been updating project artifacts in a timely manner. Which action should the project manager take to improve the team's performance?,,,A,,A.Send an email asking all project team members to complete updates at the end of the day.,,,FALSE,B,,B.Set up a training session for all project team members.,,,TRUE,C,,C.Reach out to the functional managers for support.,,,FALSE,D,,D.Speak individually with each project team member about making the needed updates.,,,FALSE,,,,,,,,,,,,,,,,,,,,,,,,,,,,,,,,,,,,,,,,,,,,,,,,,,,,,,,,,,,,,,,,,,,,,,,,,,,,,,,,,,,,,,,,,,,,,,,,
7baa8a9f-dd8d-46b8-a199-08fd56ff774a,exam-hall-05,SINGLE_CHOICE,DRAFT,,,A company has an existing contract to maintain and enhance a client's customer database. The company's legal department informs the project manager that a new piece of legislation requiring stricter protection of customer information might soon be signed into law. The law will require additional security features to be implemented into the database the project manager is maintaining. These features are not included in the scope of the current contract. What should the project manager do?,,,A,,A.Seek the project sponsor's support to influence the client to amend the contract immediately.,,,FALSE,B,,B.Ask the legal department to raise the issue in the next contract negotiation with the customer.,,,FALSE,C,,C.Update the risk register with the issue and plan risk response with the project sponsor and client.,,,TRUE,D,,D.Wait until the legal requirements are finalized so the change in scope can be concretely defined.,,,FALSE,,,,,,,,,,,,,,,,,,,,,,,,,,,,,,,,,,,,,,,,,,,,,,,,,,,,,,,,,,,,,,,,,,,,,,,,,,,,,,,,,,,,,,,,,,,,,,,,
97fd678f-a8d1-4b2b-8a62-c98e0716b7d3,exam-hall-05,SINGLE_CHOICE,DRAFT,,,"A newly formed team has become accustomed to agile practices. The project lead has noticed that while they are performing according to expectations, there is boredom with daily team practices among many of the team members. What should the project lead do in this situation?",,,A,,A.Allow the team to self-organize and have them analyze the situation in their retrospective session and self correct.,,,FALSE,B,,B.Challenge the team to find new ways to achieve higher levels of performance to improve the situation.,,,TRUE,C,,C.Speak with individual team members to determine what they would like to do to improve the situation in the team.,,,FALSE,D,,D.Have the team inform senior management of the situation and ask for recommendations.,,,FALSE,,,,,,,,,,,,,,,,,,,,,,,,,,,,,,,,,,,,,,,,,,,,,,,,,,,,,,,,,,,,,,,,,,,,,,,,,,,,,,,,,,,,,,,,,,,,,,,,
04b2ad39-983e-4f93-bcc9-940f62c97a0a,exam-hall-05,SINGLE_CHOICE,DRAFT,,,"A team member is hosting an event and invites several colleagues through their work calendars. Another team member, who was not invited to the event, is noticeably distracted during several standup meetings. What should the project manager do?",,,A,,A.Ask the individual who is hosting the event to mark it as private.,,,FALSE,B,,B.Set up a meeting with the distracted team member to discuss any issues.,,,TRUE,C,,C.Ask the individual who is hosting the event to use private communication methods.,,,FALSE,D,,D.Add a social events section to the charter to handle these situations.,,,FALSE,,,,,,,,,,,,,,,,,,,,,,,,,,,,,,,,,,,,,,,,,,,,,,,,,,,,,,,,,,,,,,,,,,,,,,,,,,,,,,,,,,,,,,,,,,,,,,,,
f30b3215-cdb2-441e-afda-e9df4f8ebd69,exam-hall-05,SINGLE_CHOICE,DRAFT,,,"An agile project is running its fifth iteration out of 10. After the last retrospective, the team members realize that they had to work extra hours to deliver the committed work. What should the project manager do?",,,A,,A.Ask the team to have a lower commitment for the next iteration.,,,FALSE,B,,B.Ask for additional team members to maintain the velocity.,,,FALSE,C,,C.Conduct a focused retrospective to help the team to discover the root cause.,,,TRUE,D,,D.Implement a checkpoint in the iteration to verify if the team is on track.,,,FALSE,,,,,,,,,,,,,,,,,,,,,,,,,,,,,,,,,,,,,,,,,,,,,,,,,,,,,,,,,,,,,,,,,,,,,,,,,,,,,,,,,,,,,,,,,,,,,,,,
793628c3-ccbc-48d2-962e-51ed28c95efc,exam-hall-05,SINGLE_CHOICE,DRAFT,,,A product team is using a prototyping approach to deliver a multiyear business initiative. The project manager notices that a few user stories are taking longer to be delivered. What should the project manager do?,,,A,,A.Review the project timeline and reallocate resources.,,,FALSE,B,,B.Conduct a retrospective with the team to identify bottlenecks.,,,TRUE,C,,C.Escalate the issue to senior management for intervention.,,,FALSE,D,,D.Modify the project scope to remove the delayed user stories.,,,FALSE,,,,,,,,,,,,,,,,,,,,,,,,,,,,,,,,,,,,,,,,,,,,,,,,,,,,,,,,,,,,,,,,,,,,,,,,,,,,,,,,,,,,,,,,,,,,,,,,
9d6c2f4f-aeee-434e-9929-c57dfba0e01a,exam-hall-05,SINGLE_CHOICE,DRAFT,,,"Due to a recent incident, a dissatisfied stakeholder files a complaint about a project that has been closed. What can the project manager do to help resolve this?",,,A,,A.Execute the relationship management plan.,,,FALSE,B,,B.Consult with the project sponsor to manage the dissatisfied stakeholder.,,,FALSE,C,,C.Review the project management information system (PMIS) archives.,,,TRUE,D,,D.Update the risk register.,,,FALSE,,,,,,,,,,,,,,,,,,,,,,,,,,,,,,,,,,,,,,,,,,,,,,,,,,,,,,,,,,,,,,,,,,,,,,,,,,,,,,,,,,,,,,,,,,,,,,,,
c6a26e70-9827-4e35-9c0c-4386ab4e75ad,exam-hall-05,SINGLE_CHOICE,DRAFT,,,"During a project steering committee meeting, the project manager reports that a formerly supportive key team member has become resistant to and negative about changes. Where should this information be captured?",,,A,,"A.Responsible, accountable, consult, and inform (RACI) matrix",,,FALSE,B,,B.Stakeholders engagement assessment matrix,,,TRUE,C,,C.Risk register and issue log,,,FALSE,D,,D.Work performance reports,,,FALSE,,,,,,,,,,,,,,,,,,,,,,,,,,,,,,,,,,,,,,,,,,,,,,,,,,,,,,,,,,,,,,,,,,,,,,,,,,,,,,,,,,,,,,,,,,,,,,,,
443f0157-2f24-4351-b381-eebab1c53598,exam-hall-05,SINGLE_CHOICE,DRAFT,,,A team receives outsourced deliverables and determines that they do not meet the agreed-upon acceptance criteria. What should the project manager reference to verify this with the vendor?,,,A,,A.Procurement management plan,,,FALSE,B,,B.Request for proposal (RFP),,,FALSE,C,,C.Statement of work (SOW),,,TRUE,D,,D.Inspections,,,FALSE,,,,,,,,,,,,,,,,,,,,,,,,,,,,,,,,,,,,,,,,,,,,,,,,,,,,,,,,,,,,,,,,,,,,,,,,,,,,,,,,,,,,,,,,,,,,,,,,
43643476-344e-4894-a44c-bcf705d9b40d,exam-hall-05,SINGLE_CHOICE,DRAFT,,,"A project to create a new product is completed and introduced into the market, but sales are much lower than expected. Analysis determines that the product is misaligned with the organization's core competencies. During what activity should this have been discovered?",,,A,,A.What-if scenario analysis,,,FALSE,B,,B.Business case review,,,TRUE,C,,C.Strategic performance evaluation,,,FALSE,D,,D.Scope definition,,,FALSE,,,,,,,,,,,,,,,,,,,,,,,,,,,,,,,,,,,,,,,,,,,,,,,,,,,,,,,,,,,,,,,,,,,,,,,,,,,,,,,,,,,,,,,,,,,,,,,,
158e21f9-7b4a-485a-9cba-8af8aaf3d16f,exam-hall-05,SINGLE_CHOICE,DRAFT,,,"While working on a project, the project team realizes that recent data center upgrades could impact the project's outcome. Certain modules of the project deliverable are incompatible with the new environment. The team identifies the appropriate steps to address the issue. What is the next step for the project manager?",,,A,,A.Request a budget increase.,,,FALSE,B,,B.Submit a change request.,,,TRUE,C,,C.Change the project schedule.,,,FALSE,D,,D.Update the requirements document.,,,FALSE,,,,,,,,,,,,,,,,,,,,,,,,,,,,,,,,,,,,,,,,,,,,,,,,,,,,,,,,,,,,,,,,,,,,,,,,,,,,,,,,,,,,,,,,,,,,,,,,
0f0415f3-0f44-47b9-9349-4363865f18c5,exam-hall-05,SINGLE_CHOICE,DRAFT,,,"A company is using Lean Six Sigma methodology on a project. Midway through the project, an external Lean consultant is invited to conduct an audit to ensure that the methodology is being properly applied. Which process is being employed?",,,A,,A.Manage Quality,,,TRUE,B,,B.Control Quality,,,FALSE,C,,C.Perform Qualitative Risk Analysis,,,FALSE,D,,D.Plan Quality Management,,,FALSE,,,,,,,,,,,,,,,,,,,,,,,,,,,,,,,,,,,,,,,,,,,,,,,,,,,,,,,,,,,,,,,,,,,,,,,,,,,,,,,,,,,,,,,,,,,,,,,,
b1c05eb1-758c-426e-918d-9468585492f9,exam-hall-05,SINGLE_CHOICE,DRAFT,,,An experienced project manager is preparing a kick-off meeting for a new service assessment. A high-level description of the service has been provided. What should the project manager do first?,,,A,,A.Develop the project charter.,,,TRUE,B,,"B.Develop the responsible, accountable, consult, and inform (RACI) matrix.",,,FALSE,C,,C.Define the project scope statement.,,,FALSE,D,,D.Create the work breakdown structure (WBS).,,,FALSE,,,,,,,,,,,,,,,,,,,,,,,,,,,,,,,,,,,,,,,,,,,,,,,,,,,,,,,,,,,,,,,,,,,,,,,,,,,,,,,,,,,,,,,,,,,,,,,,
5000a706-d2ba-4b1a-9477-62be23b04fb1,exam-hall-05,SINGLE_CHOICE,DRAFT,,,"During project execution, a project manager learns that a team member's functional manager wants to remove them from a project because they believe they should not execute a certain task due to conflicting priorities. What should the project manager do first?What should the project manager do first?",,,A,,A.Check the responsibility assignment matrix (RAM).,,,TRUE,B,,B.Check the work breakdown structure (WBS).,,,FALSE,C,,C.Check the organizational chart.,,,FALSE,D,,D.Check the resource management plan.,,,FALSE,,,,,,,,,,,,,,,,,,,,,,,,,,,,,,,,,,,,,,,,,,,,,,,,,,,,,,,,,,,,,,,,,,,,,,,,,,,,,,,,,,,,,,,,,,,,,,,,
161e0a99-b24f-4844-8fad-ef5a29d8d52b,exam-hall-05,SINGLE_CHOICE,DRAFT,,,A project manager discovers a significant flaw in a major project deliverable. Which project management process is being performed?,,,A,,A.Manage Quality,,,FALSE,B,,B.Control Quality,,,TRUE,C,,C.Plan Quality Management,,,FALSE,D,,D.Statistical Sampling,,,FALSE,,,,,,,,,,,,,,,,,,,,,,,,,,,,,,,,,,,,,,,,,,,,,,,,,,,,,,,,,,,,,,,,,,,,,,,,,,,,,,,,,,,,,,,,,,,,,,,,
85956d38-3bb1-4fe5-9a5b-284887b3c39e,exam-hall-05,SINGLE_CHOICE,DRAFT,,,"All quality controls have passed, and a project deliverable is ready to be released to the customer. However, a change request to add new quality criteria has been approved. What should the project manager do first?",,,A,,A.Update the project management plan.,,,FALSE,B,,B.Stop the release of the deliverable to the customer.,,,TRUE,C,,C.Use the new quality criteria for future deliverables.,,,FALSE,D,,D.Update the risk register.,,,FALSE,,,,,,,,,,,,,,,,,,,,,,,,,,,,,,,,,,,,,,,,,,,,,,,,,,,,,,,,,,,,,,,,,,,,,,,,,,,,,,,,,,,,,,,,,,,,,,,,
96aaa73e-223c-4116-9ff9-8e598ace16fe,exam-hall-05,SINGLE_CHOICE,DRAFT,,,"A multinational company is locally developing a digital product using a new technology platform. The only expert on this platform is located in the company's headquarters, and they are responsible for providing support to different countries. How can the local project manager ensure the involvement of this expert?",,,A,,"A.Design a travel schedule so that timely, onsite assistance can be provided.",,,FALSE,B,,B.Include the expert on the team using a virtual environment.,,,TRUE,C,,C.Ask the project sponsor to assign the expert as a full-time member of the team.,,,FALSE,D,,D.Ask team members to contact the expert as an external expertise source on an as-needed basis.,,,FALSE,,,,,,,,,,,,,,,,,,,,,,,,,,,,,,,,,,,,,,,,,,,,,,,,,,,,,,,,,,,,,,,,,,,,,,,,,,,,,,,,,,,,,,,,,,,,,,,,
9b773d0b-71a5-45fc-82c6-4b640af6545f,exam-hall-05,SINGLE_CHOICE,DRAFT,,,"During project closure, the project manager finds it difficult to obtain successful project completion feedback. Some stakeholders disagree with the project's success criteria and have been frustrated with the project from the beginning. To what should the project manager refer to address these concerns?",,,A,,A.Project charter,,,TRUE,B,,B.Quality management plan,,,FALSE,C,,C.Scope statement,,,FALSE,D,,D.Requirements documentation,,,FALSE,,,,,,,,,,,,,,,,,,,,,,,,,,,,,,,,,,,,,,,,,,,,,,,,,,,,,,,,,,,,,,,,,,,,,,,,,,,,,,,,,,,,,,,,,,,,,,,,
1d5f45a5-3bad-424d-b85b-5d18793ec2d6,exam-hall-05,SINGLE_CHOICE,DRAFT,,,"An impact assessment reveals that a deliverable could be delayed by two weeks. A key resource has not been available to work on a non-critical activity due to other priorities. This could cause work overload on the other remaining resources. Since cost is a major constraint for this project, what should the project manager do immediately?",,,A,,A.Determine if the task has available float to meet the project end date.,,,TRUE,B,,B.Hire a temporary resource to do the job.,,,FALSE,C,,C.Consult the team and reduce the scope.,,,FALSE,D,,D.Change the resource calendar to avoid major delays.,,,FALSE,,,,,,,,,,,,,,,,,,,,,,,,,,,,,,,,,,,,,,,,,,,,,,,,,,,,,,,,,,,,,,,,,,,,,,,,,,,,,,,,,,,,,,,,,,,,,,,,
f5753556-5aca-4be6-9323-dd16f00aab0a,exam-hall-05,SINGLE_CHOICE,DRAFT,,,"An approved project charter stated that an agile approach must be used. During a lessons learned session, the client indicates that the team was unable to provide reliable cost estimates for the project, and that more time should be allocated to define the scope during the first iteration. What lesson should be captured in the lessons learned repository?",,,A,,A.The client should be exposed to the agile approach in advance to understand the cost estimating process.,,,TRUE,B,,B.The agile approach should not be used if the client requires reliable cost estimates.,,,FALSE,C,,"C.During the first iteration of a project, time should be allocated to define the scope and ensure that reliable cost estimates are performed.",,,FALSE,D,,D.Client communications should be included in the daily standups.,,,FALSE,,,,,,,,,,,,,,,,,,,,,,,,,,,,,,,,,,,,,,,,,,,,,,,,,,,,,,,,,,,,,,,,,,,,,,,,,,,,,,,,,,,,,,,,,,,,,,,,
bc696b09-ff3f-4dd3-bdaf-e64e26ef06dc,exam-hall-05,SINGLE_CHOICE,DRAFT,,,A senior manager informs a project manager that the project is not performing as well as other projects. What can the project manager use to improve performance for the next series of iterations?,,,A,,A.Retrospective session,,,TRUE,B,,B.Backlog analysis,,,FALSE,C,,C.Team building,,,FALSE,D,,D.Team motivation,,,FALSE,,,,,,,,,,,,,,,,,,,,,,,,,,,,,,,,,,,,,,,,,,,,,,,,,,,,,,,,,,,,,,,,,,,,,,,,,,,,,,,,,,,,,,,,,,,,,,,,
b864d16e-61aa-4d11-a868-5d309da8b176,exam-hall-05,SINGLE_CHOICE,DRAFT,,,A company is kicking off a new hybrid project to be in compliance with new government regulations. The team has established a reliable velocity of 40 story points per iteration. Every iteration lasts 2 weeks. The sponsor wants to know when the project will be done if there are 800 story points remaining.,,,A,,A.4 hours,,,FALSE,B,,B.8 weeks,,,FALSE,C,,C.40 days,,,FALSE,D,,D.10 months,,,TRUE,,,,,,,,,,,,,,,,,,,,,,,,,,,,,,,,,,,,,,,,,,,,,,,,,,,,,,,,,,,,,,,,,,,,,,,,,,,,,,,,,,,,,,,,,,,,,,,,
c55a73f3-9d3c-4e60-98dd-9df56f07c282,exam-hall-05,SINGLE_CHOICE,DRAFT,,,"A project manager was just given a new project to handle. She is working on the project documents and, after reading the Project Charter, is compiling the risks as she sees them. Once she completes the list, when should it be reviewed?",,,A,,A.When starting the project and as each risk is closed.,,,FALSE,B,,"B.While organizing, preparing, and carrying out the work.",,,FALSE,C,,C.During weekly meetings as new risks are identified and added.,,,FALSE,D,,D.Regularly and throughout the project.,,,TRUE,,,,,,,,,,,,,,,,,,,,,,,,,,,,,,,,,,,,,,,,,,,,,,,,,,,,,,,,,,,,,,,,,,,,,,,,,,,,,,,,,,,,,,,,,,,,,,,,
4280a691-3d9f-402d-a311-9b96ad180ee1,exam-hall-05,SINGLE_CHOICE,DRAFT,,,At which stage in the Tuckman team development model should the project manager put the most focus on increasing team motivation?,,,A,,A.Forming,,,TRUE,B,,B.Storming,,,FALSE,C,,C.Norming,,,FALSE,D,,D.Performing,,,FALSE,,,,,,,,,,,,,,,,,,,,,,,,,,,,,,,,,,,,,,,,,,,,,,,,,,,,,,,,,,,,,,,,,,,,,,,,,,,,,,,,,,,,,,,,,,,,,,,,
0f9d6952-1b90-4e22-8015-a5628b332720,exam-hall-05,SINGLE_CHOICE,DRAFT,,,An executive stakeholder has crucial decision power on the execution and success of a project. How should this stakeholder's importance be reflected in the stakeholder engagement plan?,,,A,,"A.Describe the executive's support level, expectations, risk threshold, and appropriate communications for various project needs.",,,TRUE,B,,B.Rank the executive in an organizational chart and illustrate any affinities or hostilities with other stakeholders.,,,FALSE,C,,"C.Label the executive as ""supportive"" and ensure that email, phone numbers, and absence/vacation times are up to date.",,,FALSE,D,,D.Describe the executive's involvement in similar past projects in order to decide the appropriate engagement level on a case-by-case basis.,,,FALSE,,,,,,,,,,,,,,,,,,,,,,,,,,,,,,,,,,,,,,,,,,,,,,,,,,,,,,,,,,,,,,,,,,,,,,,,,,,,,,,,,,,,,,,,,,,,,,,,
647d8cce-b042-4559-9cef-b7a7626980ea,exam-hall-05,SINGLE_CHOICE,DRAFT,,,A project team has identified a number of defects with some deliverables and intends to resolve these as soon as possible. The project manager will need to submit a change request to the change control board (CCB). What should the project manager do before the request is submitted?,,,A,,A.Implement the changes immediately due to time constraints.,,,FALSE,B,,B.Send the change request to the client for approval.,,,FALSE,C,,C.Complete an impact analysis of each requested change.,,,TRUE,D,,D.Send the change requests to the sponsor for approval.,,,FALSE,,,,,,,,,,,,,,,,,,,,,,,,,,,,,,,,,,,,,,,,,,,,,,,,,,,,,,,,,,,,,,,,,,,,,,,,,,,,,,,,,,,,,,,,,,,,,,,,
154c6887-fcaf-4767-8efa-7ac71078bdad,exam-hall-05,SINGLE_CHOICE,DRAFT,,,"A project team uses the Internal Rate of Return (IRR) occasionally to select the project projected to be most beneficial to the company. On one such occasion the IRR figures for the four projects were: Project A = 5%, Project B = 0%, Project C = 3% , Project D = 10%. Which of these projects should be selected based on these IRR figures provided?",,,A,,A.Project A,,,FALSE,B,,B.Project B,,,FALSE,C,,C.Project C,,,FALSE,D,,D.Project D,,,TRUE,,,,,,,,,,,,,,,,,,,,,,,,,,,,,,,,,,,,,,,,,,,,,,,,,,,,,,,,,,,,,,,,,,,,,,,,,,,,,,,,,,,,,,,,,,,,,,,,
d27edf68-13a7-4297-8e18-1771227caa76,exam-hall-05,SINGLE_CHOICE,DRAFT,,,project manager participates in a focus group that implements project management changes across the organization. The goal is to improve project effectiveness and success. Which process should the project manager suggest for lasting and successful change within projects?,,,A,,A.Conduct individualized skills assessments and provide targeted training for each team member.,,,FALSE,B,,B.Monitor external regulations and adapt project management practices accordingly.,,,FALSE,C,,C.Faciliate open communication and build buy-in from all project stakeholders.,,,FALSE,D,,D.Implement a project management change management plan aligned with industry best practices.,,,TRUE,,,,,,,,,,,,,,,,,,,,,,,,,,,,,,,,,,,,,,,,,,,,,,,,,,,,,,,,,,,,,,,,,,,,,,,,,,,,,,,,,,,,,,,,,,,,,,,,
76884f4e-7516-4339-b3c5-79fe524162a3,exam-hall-05,MULTIPLE_CHOICE,DRAFT,,,"When managing a strategic project for their organization, what four tools should a project manager use for risk analysis? (Choose four)",,,A,,A.Brainstorming,,,TRUE,B,,B.Inspection,,,FALSE,C,,C.Risk checklists,,,TRUE,D,,D.Product evaluation,,,FALSE,E,,E.Interviewing,,,TRUE,F,,F.Decision tree analysis,,,TRUE,,,,,,,,,,,,,,,,,,,,,,,,,,,,,,,,,,,,,,,,,,,,,,,,,,,,,,,,,,,,,,,,,,,,,,,,,,,,,,,,,,,,
56728226-bfd6-4cc2-b8e6-2196e31568ae,exam-hall-05,MULTIPLE_CHOICE,DRAFT,,,"The project team members are dispersed across different countries. Suddenly, travel restrictions do not allow team members to collocate. When analyzing project risks, which risk analysis tools should the project manager use? (Choose two).",,,A,,A.Risk checklist,,,TRUE,B,,B.Context diagram,,,FALSE,C,,C.Meetings,,,FALSE,D,,D.Data representation,,,FALSE,E,,E.Diagramming techniques,,,TRUE,,,,,,,,,,,,,,,,,,,,,,,,,,,,,,,,,,,,,,,,,,,,,,,,,,,,,,,,,,,,,,,,,,,,,,,,,,,,,,,,,,,,,,,,,,
833733b6-6322-479e-99d6-b227b55d0e53,exam-hall-05,SINGLE_CHOICE,DRAFT,,,"During a team meeting, team members asked the project manager to advise them on project dependencies. What should the project manager ask the team to do for internal dependencies?",,,A,,A.Become familiar with the latest organizational changes.,,,TRUE,B,,B.Read about the merger with a competing organization.,,,FALSE,C,,C.Check the changes related to the work-from-home policy.,,,FALSE,D,,D.Become familiar with the upgrade of the Internet provider.,,,FALSE,,,,,,,,,,,,,,,,,,,,,,,,,,,,,,,,,,,,,,,,,,,,,,,,,,,,,,,,,,,,,,,,,,,,,,,,,,,,,,,,,,,,,,,,,,,,,,,,
5ea46906-29fb-4b94-8de3-8987bbf5c85b,exam-hall-05,SINGLE_CHOICE,DRAFT,,,"A project manager is working on a complex project with many stakeholders that have conflicting priorities. Senior management asked the project manager to avoid ""noise"" because this is a highly political project. The project manager opted to use expert opinion from well known industry profiles. What did the project manager do to satisfy senior management's request?",,,A,,A.Responded in a friendly manner to senior management,,,FALSE,B,,B.Appeared to be consistent in the use of words and actions,,,FALSE,C,,C.Cooperated with senior management to achieve mutual goals,,,FALSE,D,,D.Took action based on the senior management's power to act,,,TRUE,,,,,,,,,,,,,,,,,,,,,,,,,,,,,,,,,,,,,,,,,,,,,,,,,,,,,,,,,,,,,,,,,,,,,,,,,,,,,,,,,,,,,,,,,,,,,,,,
4447574f-6144-45d8-9498-e6c55749399b,exam-hall-05,SINGLE_CHOICE,DRAFT,,,"A project manager is working on a complex, political project with many stakeholders having conflicting priorities. Senior management asked the project manager to ensure that there was no ""noise"" regarding the project. During a stakeholder meeting, the project manager asked a series of questions to confirm acceptance for each deliverable before asking for acceptance of the whole project. What did the project manager do to satisfy stakeholders?",,,A,,A.Responded to positive actions of the stakeholders to reward actions,,,FALSE,B,,B.Acted in a manner that was consistent in the use of words and actions,,,TRUE,C,,C.Engaged with stakeholders by cooperating toward mutual goals,,,FALSE,D,,D.Acted based on the power authorized by senior management,,,FALSE,,,,,,,,,,,,,,,,,,,,,,,,,,,,,,,,,,,,,,,,,,,,,,,,,,,,,,,,,,,,,,,,,,,,,,,,,,,,,,,,,,,,,,,,,,,,,,,,
2a1f330d-2187-4e48-aa63-5d1c25773723,exam-hall-05,SINGLE_CHOICE,DRAFT,,,"A project manager is working with a team to develop work packages. The project manager noticed a gap in the requirements gathering where important points were missing, which would impact the project timeline. What should the project manager do?",,,A,,A.Meet with the project sponsor to discuss canceling the project.,,,FALSE,B,,B.Meet with the project sponsor and stakeholders to request a budget increase.,,,FALSE,C,,C.Meet with the product manager to create a backlog with the missing requirements.,,,TRUE,D,,"D.Evaluate the impact, update the risk register, and present it to the stakeholders.",,,FALSE,,,,,,,,,,,,,,,,,,,,,,,,,,,,,,,,,,,,,,,,,,,,,,,,,,,,,,,,,,,,,,,,,,,,,,,,,,,,,,,,,,,,,,,,,,,,,,,,
b7d409e4-3368-4c2b-b381-5d86c7f71695,exam-hall-05,SINGLE_CHOICE,DRAFT,,,"A project manager planning a strategic predictive project has suddenly fallen ill. The project baseline must be submitted to the customer within 3 days, and the project management office (PMO) director must find someone to finish the planning. The choices are: Project manager A: highly experienced in Scrum projects only, available immediately for 2 days only. Project manager B: moderately experienced mainly in construction projects, available the next day for 1 week. Which project manager should the PMO director choose and on what basis?",,,A,,A.A is available immediately and has more experience to plan quickly and correctly.,,,FALSE,B,,B.B better understands the complexities of predictive planning and has use of a network of subject matter experts (SMEs).,,,TRUE,C,,C.A is more up to date and conversant with the latest project planning trends and methodologies.,,,FALSE,D,,D.B will be available to work for a longer period in case the submission deadline is missed.,,,FALSE,,,,,,,,,,,,,,,,,,,,,,,,,,,,,,,,,,,,,,,,,,,,,,,,,,,,,,,,,,,,,,,,,,,,,,,,,,,,,,,,,,,,,,,,,,,,,,,,
044ee7d2-a292-4d38-b225-d3e318acc0d5,exam-hall-05,SINGLE_CHOICE,DRAFT,,,A project manager has engaged the sponsor and discussed concerns regarding noncompliance. The project manager understands that this could be a potential audit situation. What should the project manager do?,,,A,,"A.Do nothing and continue to work as before, assuming there will be an audit.",,,FALSE,B,,"B.Disengage the noncompliant department, as this is problematic.",,,FALSE,C,,C.Disclose the source of the problem to the auditors and let them decide.,,,TRUE,D,,D.Gain the commitment and approval from leadership on noncompliance.,,,FALSE,,,,,,,,,,,,,,,,,,,,,,,,,,,,,,,,,,,,,,,,,,,,,,,,,,,,,,,,,,,,,,,,,,,,,,,,,,,,,,,,,,,,,,,,,,,,,,,,
b299b9b5-5976-4422-92b0-61b88fb37901,exam-hall-05,SINGLE_CHOICE,DRAFT,,,"A project manager has made compliance-related changes by adopting a new project delivery approach. During external validation, an audit revealed that some of the component work did not conform to the organization's standards. What should the project manager have done?",,,A,,A.Executed only compliant deliverables.,,,FALSE,B,,B.Clarified interpretation of compliance guidelines.,,,TRUE,C,,C.Translated business requirements to design.,,,FALSE,D,,D.Researched regulations in the public sector.,,,FALSE,,,,,,,,,,,,,,,,,,,,,,,,,,,,,,,,,,,,,,,,,,,,,,,,,,,,,,,,,,,,,,,,,,,,,,,,,,,,,,,,,,,,,,,,,,,,,,,,
acaa2b22-af5e-4f36-bace-a94e792ac90d,exam-hall-05,SINGLE_CHOICE,DRAFT,,,A project team recently experienced delays due to noncompliance which have made the project schedule less flexible and increased risk to cost and poor quality. The team is brainstorming about ways to avoid this in future. What is most far-reaching implication for the organization if this noncompliance is not resolved?,,,A,,A.Business survival and continuity,,,TRUE,B,,B.Unhappy clients or end users,,,FALSE,C,,C.Slower response to system,,,FALSE,D,,D.Fines and penalties,,,FALSE,,,,,,,,,,,,,,,,,,,,,,,,,,,,,,,,,,,,,,,,,,,,,,,,,,,,,,,,,,,,,,,,,,,,,,,,,,,,,,,,,,,,,,,,,,,,,,,,
05c687bf-c545-4d6c-b37b-de97c0722cf8,exam-hall-05,MULTIPLE_CHOICE,DRAFT,,,A project team decides to document new aspects of a regulation as additional elements in the work breakdown structure (WBS). Which of the following are potential downsides to this approach? (Choose 2).,,,A,,A.Traceability improves but requirements will likely remain fragmented.,,,TRUE,B,,B.Traceability of requirements becomes more difficult at the project level.,,,FALSE,C,,C.Some of these requirements may not be completed as part of the project itself.,,,TRUE,D,,D.Regulatory requirements are not necessarily tied to the scope of the project.,,,FALSE,E,,E.Splitting the new items takes time and also requires effort to update the WBS.,,,FALSE,,,,,,,,,,,,,,,,,,,,,,,,,,,,,,,,,,,,,,,,,,,,,,,,,,,,,,,,,,,,,,,,,,,,,,,,,,,,,,,,,,,,,,,,,,
366eac13-e1f1-411d-82d5-06ed5abfc841,exam-hall-05,SINGLE_CHOICE,DRAFT,,,"A project manager considers compliance to be part of the organization's process assets. The project team, however, has decided to include compliance as inputs to the relevant processes rather than document these rules as requirements. What is the project manager's compliance responsibility?",,,A,,A.Acts as coordinator for the resources and activities,,,TRUE,B,,B.Conducts audits for the compliance requirement,,,FALSE,C,,C.Performs risk analyses of compliance risks,,,FALSE,D,,D.Changes process assets of the organization,,,FALSE,,,,,,,,,,,,,,,,,,,,,,,,,,,,,,,,,,,,,,,,,,,,,,,,,,,,,,,,,,,,,,,,,,,,,,,,,,,,,,,,,,,,,,,,,,,,,,,,
b43a5f98-f6ea-4873-9339-e351d5cda2a4,exam-hall-05,SINGLE_CHOICE,DRAFT,,,"A large infrastructure organization is reviewing and standardizing project tools and techniques. Regarding the question “When should the decision be made to take corrective action?”, which process group can this question come from?",,,A,,A.Initiating Process Group,,,FALSE,B,,B.Planning Process Group,,,FALSE,C,,C.Executing Process Group,,,FALSE,D,,D.Monitoring and Controlling Process Group,,,TRUE,,,,,,,,,,,,,,,,,,,,,,,,,,,,,,,,,,,,,,,,,,,,,,,,,,,,,,,,,,,,,,,,,,,,,,,,,,,,,,,,,,,,,,,,,,,,,,,,
765d202c-87b1-4a7b-bab1-fec5fbad075d,exam-hall-05,SINGLE_CHOICE,DRAFT,,,"During a complex project, a stakeholder informs the project manager about a requirement and proposes to call a meeting to inform team members mid-sprint. What should the project manager do first?",,,A,,A.Schedule a meeting with the stakeholder and a team member.,,,FALSE,B,,B.Ask the stakeholder to explain and implement the requirements immediately.,,,FALSE,C,,C.Host a meeting with all team members to discuss the requirements.,,,FALSE,D,,D.Request the product owner add to the product backlog to be treated in the next iteration.,,,TRUE,,,,,,,,,,,,,,,,,,,,,,,,,,,,,,,,,,,,,,,,,,,,,,,,,,,,,,,,,,,,,,,,,,,,,,,,,,,,,,,,,,,,,,,,,,,,,,,,
a5f7bfe0-266a-48e9-ba3b-743e808af49a,exam-hall-05,SINGLE_CHOICE,DRAFT,,,A product owner has requested to incorporate embedded functionality for the patient portal in the next sprint. The team decided to perform an Affinity Estimation session to define how much value will be delivered. Which role is responsible to facilitate the session?,,,A,,A.Product Owner,,,FALSE,B,,B.Scrum Master,,,TRUE,C,,C.Developer,,,FALSE,D,,D.Stakeholder,,,FALSE,,,,,,,,,,,,,,,,,,,,,,,,,,,,,,,,,,,,,,,,,,,,,,,,,,,,,,,,,,,,,,,,,,,,,,,,,,,,,,,,,,,,,,,,,,,,,,,,
9498a0e3-8e0a-479d-adbf-285bed49df99,exam-hall-05,SINGLE_CHOICE,DRAFT,,,Project managers must be able to identify flaws that cause errors in decision making. Which option would help a project manager make optimal decisions?,,,A,,A.Utilizing biases,,,FALSE,B,,B.Using false assumptions,,,FALSE,C,,C.Checking with others,,,TRUE,D,,D.Applying logical errors,,,FALSE,,,,,,,,,,,,,,,,,,,,,,,,,,,,,,,,,,,,,,,,,,,,,,,,,,,,,,,,,,,,,,,,,,,,,,,,,,,,,,,,,,,,,,,,,,,,,,,,
51144434-1210-40ae-9b4e-1d49a16de3f6,exam-hall-05,SINGLE_CHOICE,DRAFT,,,A project manager is working on requirement management in a pharmaceutical company. Which improvement is something the project manager's organization should expect as an outcome of the project?,,,A,,A.Reduced quality,,,FALSE,B,,B.Increased costs,,,FALSE,C,,C.Reduced risks,,,TRUE,D,,D.Increased schedule,,,FALSE,,,,,,,,,,,,,,,,,,,,,,,,,,,,,,,,,,,,,,,,,,,,,,,,,,,,,,,,,,,,,,,,,,,,,,,,,,,,,,,,,,,,,,,,,,,,,,,,
575c0c75-ccd6-49a1-ac4f-557c801d042a,exam-hall-05,SINGLE_CHOICE,DRAFT,,,"Project manager B has been assigned to take over a project from Project Manager A. Project Manager A informs Project Manager B that the project is on schedule, only because Project Manager A constantly pushes the team to perform. What is the first action Project Manager B should take as the new project manager?",,,A,,A.Check the risk status.,,,FALSE,B,,B.Check the cost performance.,,,FALSE,C,,C.Determine a management strategy.,,,TRUE,D,,D.Tell the team the new objectives.,,,FALSE,,,,,,,,,,,,,,,,,,,,,,,,,,,,,,,,,,,,,,,,,,,,,,,,,,,,,,,,,,,,,,,,,,,,,,,,,,,,,,,,,,,,,,,,,,,,,,,,
18649392-3c04-49bd-af89-548df537525d,exam-hall-05,SINGLE_CHOICE,DRAFT,,,"The project manager of an AI project leads with grace and confidence. They provide support, listen attentively, and allow their team members to work under little supervision. What model of worker behavior does the project manager exhibit?",,,A,,A.Expectancy theory,,,FALSE,B,,B.Theory X,,,FALSE,C,,C.Theory Y,,,TRUE,D,,D.Theory Z,,,FALSE,,,,,,,,,,,,,,,,,,,,,,,,,,,,,,,,,,,,,,,,,,,,,,,,,,,,,,,,,,,,,,,,,,,,,,,,,,,,,,,,,,,,,,,,,,,,,,,,
abe23d6b-26f1-450b-9de4-da60a954f100,exam-hall-05,SINGLE_CHOICE,DRAFT,,,Which is an essential component for maintaining the support and commitment of all stakeholders?,,,A,,A.Honesty,,,FALSE,B,,B.Effective communication,,,TRUE,C,,C.Transparency,,,FALSE,D,,D.Reliability,,,FALSE,,,,,,,,,,,,,,,,,,,,,,,,,,,,,,,,,,,,,,,,,,,,,,,,,,,,,,,,,,,,,,,,,,,,,,,,,,,,,,,,,,,,,,,,,,,,,,,,
1d25e669-eb3a-483f-bbe3-acef1b597d30,exam-hall-05,SINGLE_CHOICE,DRAFT,,,Which of the following is a tactic that a project manager can employ to effectively monitor the impact of the risk on the project while monitoring risks?,,,A,,A.Risk avoidance,,,FALSE,B,,B.Risk escalation,,,FALSE,C,,C.Risk acceptance,,,FALSE,D,,D.Risk reporting,,,TRUE,,,,,,,,,,,,,,,,,,,,,,,,,,,,,,,,,,,,,,,,,,,,,,,,,,,,,,,,,,,,,,,,,,,,,,,,,,,,,,,,,,,,,,,,,,,,,,,,
24acb972-0ce8-497f-aa08-2f34905d09f0,exam-hall-05,SINGLE_CHOICE,DRAFT,,,A project manager's team has identified the lack of proper knowledge transfer expectations in the project. Which of the obstacles does not apply in this situation?,,,A,,A.A systematic review of the completed project,,,TRUE,B,,B.Personally handled failures and mistakes,,,FALSE,C,,C.Insufficient individual motivation to document the lessons learned,,,FALSE,D,,D.Sparse leadership involvement to promote knowledge transfer,,,FALSE,,,,,,,,,,,,,,,,,,,,,,,,,,,,,,,,,,,,,,,,,,,,,,,,,,,,,,,,,,,,,,,,,,,,,,,,,,,,,,,,,,,,,,,,,,,,,,,,
ac1038cc-5025-4098-9415-7b4d7d76e58b,exam-hall-05,SINGLE_CHOICE,DRAFT,,,"A project manager is leading an agile project. For iterations one through five, the team’s velocity chart displays 18 story points, 30 story points, 22 story points, 23 story points, and 22 story points. What does this information demonstrate about the team's performance?",,,A,,A.The team is not following agile practices properly.,,,FALSE,B,,B.The team's velocity is stabilizing over time.,,,TRUE,C,,C.The team is lagging behind as per the schedule.,,,FALSE,D,,D.The team needs to change their agile methodology.,,,FALSE,,,,,,,,,,,,,,,,,,,,,,,,,,,,,,,,,,,,,,,,,,,,,,,,,,,,,,,,,,,,,,,,,,,,,,,,,,,,,,,,,,,,,,,,,,,,,,,,
ab2e7fcb-136a-42a0-895d-6e66fdaf827d,exam-hall-05,SINGLE_CHOICE,DRAFT,,,A project manager is leading an agile project. The product owner complains that the project team is constantly completing fewer story points than the Scrum team working on another project. What should the project manager do to address this issue?,,,A,,A.Ask the team to address this issue as part of the retrospective to improve their velocity in the next sprint.,,,FALSE,B,,B.Tell the product owner that it is incorrect to compare velocity across teams because story points are specific to each team.,,,TRUE,C,,"C.Get approval from the product owner to add a contingency buffer to the sprint, and change the duration to increase velocity.",,,FALSE,D,,D.Take full responsibility for the team’s low performance as compared to the other team and apologize.,,,FALSE,,,,,,,,,,,,,,,,,,,,,,,,,,,,,,,,,,,,,,,,,,,,,,,,,,,,,,,,,,,,,,,,,,,,,,,,,,,,,,,,,,,,,,,,,,,,,,,,
c128310f-e78e-4cbf-9275-91262e8bfc75,exam-hall-05,SINGLE_CHOICE,DRAFT,,,"During an important project, one of the contractors complains that the approval process is difficult to handle and may delay the project schedule. What should the project manager do first?",,,A,,A.Hire additional resources for the team to mitigate this risk.,,,FALSE,B,,B.Discuss with the team to find options to mitigate the risk.,,,FALSE,C,,C.Escalate the risk to upper management as critical for timely delivery.,,,FALSE,D,,D.Add the risk to the risk register to be monitored and reviewed.,,,TRUE,,,,,,,,,,,,,,,,,,,,,,,,,,,,,,,,,,,,,,,,,,,,,,,,,,,,,,,,,,,,,,,,,,,,,,,,,,,,,,,,,,,,,,,,,,,,,,,,
d1ff9ffd-5222-4118-95fe-4a44ba281e67,exam-hall-05,SINGLE_CHOICE,DRAFT,,,A project manager is managing a project involving a few vendors. The project sponsor asks how the project will acquire goods and external services. Where should this information be documented?,,,A,,A.In the Procurement Management Plan,,,TRUE,B,,B.In the Master Service Agreement,,,FALSE,C,,C.In the Bill of Materials Contract,,,FALSE,D,,D.In the Service Level Agreement,,,FALSE,,,,,,,,,,,,,,,,,,,,,,,,,,,,,,,,,,,,,,,,,,,,,,,,,,,,,,,,,,,,,,,,,,,,,,,,,,,,,,,,,,,,,,,,,,,,,,,,
240b5024-f289-4519-9d04-4e83d2fad7a6,exam-hall-05,SINGLE_CHOICE,DRAFT,,,A project manager is working on a complex project that has a very high environmental impact. The project was approved by the organization's PMO and is now in the planning phase. The project sponsor provided the project manager with a list of all project stakeholders. What will be the next activity in the Stakeholder Management Plan?,,,A,,A.Analyze,,,TRUE,B,,B.Monitor,,,FALSE,C,,C.Engage,,,FALSE,D,,D.Identify,,,FALSE,,,,,,,,,,,,,,,,,,,,,,,,,,,,,,,,,,,,,,,,,,,,,,,,,,,,,,,,,,,,,,,,,,,,,,,,,,,,,,,,,,,,,,,,,,,,,,,,
fdf03227-8153-40e0-af66-1172e372ebe8,exam-hall-05,SINGLE_CHOICE,DRAFT,,,A project manager is managing an agile project. The PMO manager is not familiar with agile delivery. Which of the following statements describe the agile approach?,,,A,,A.Responding to change over following a plan,,,TRUE,B,,B.Customer collaboration over following a plan,,,FALSE,C,,C.Responding to change over processes and tools,,,FALSE,D,,D.Customer collaboration over comprehensive testing,,,FALSE,,,,,,,,,,,,,,,,,,,,,,,,,,,,,,,,,,,,,,,,,,,,,,,,,,,,,,,,,,,,,,,,,,,,,,,,,,,,,,,,,,,,,,,,,,,,,,,,
de324515-adc4-4ac2-ab56-2cad7ac68de8,exam-hall-05,SINGLE_CHOICE,DRAFT,,,A project manager has just completed the initiation phase of a project and needs to identify and analyze the stakeholders. The project charter focused on scope and budget approval only. What should the project manager do to identify stakeholders?,,,A,,A.Review lessons learned from previous projects.,,,TRUE,B,,B.Review the project charter.,,,FALSE,C,,C.Conduct a brainstorming session with the project team.,,,FALSE,D,,D.Review the organization chart.,,,FALSE,,,,,,,,,,,,,,,,,,,,,,,,,,,,,,,,,,,,,,,,,,,,,,,,,,,,,,,,,,,,,,,,,,,,,,,,,,,,,,,,,,,,,,,,,,,,,,,,
4324e741-ad66-417e-bf27-88798352f7ba,exam-hall-05,SINGLE_CHOICE,DRAFT,,,A project manager recently joined a new organization. The project sponsor is a subject matter expert and wants to manage scope by delivering in small increments and changing the scope based on feedback. Which of the following approaches should be the recommended option?,,,A,,A.Scrum,,,TRUE,B,,B.Waterfall,,,FALSE,C,,C.Kanban,,,FALSE,D,,D.Predictive,,,FALSE,,,,,,,,,,,,,,,,,,,,,,,,,,,,,,,,,,,,,,,,,,,,,,,,,,,,,,,,,,,,,,,,,,,,,,,,,,,,,,,,,,,,,,,,,,,,,,,,
454b9df9-ee84-49c3-bfa7-20a832e83ecf,exam-hall-05,SINGLE_CHOICE,DRAFT,,,You are the project manager in an organization that is implementing agile delivery. You have experience as a scrum master and will perform this role in addition to the project management responsibilities. One of the team members wants to know what the main focus of a servant leader is. What will be your response?,,,A,,A.Client satisfaction and value delivered demonstration.,,,FALSE,B,,B.Growth and well-being of people and communities they belong to.,,,TRUE,C,,C.Stakeholders expectation management and communication.,,,FALSE,D,,D.Productivity and efficiency to achieve commitments made.,,,FALSE,,,,,,,,,,,,,,,,,,,,,,,,,,,,,,,,,,,,,,,,,,,,,,,,,,,,,,,,,,,,,,,,,,,,,,,,,,,,,,,,,,,,,,,,,,,,,,,,
c8967fa2-edec-4f84-accb-4dde3425a37f,exam-hall-05,SINGLE_CHOICE,DRAFT,,,What are the four team-building leadership styles?,,,A,,"A.Visionary, affiliative, coaching and participative",,,TRUE,B,,"B.Visionary, affiliative, coaching and pace setting",,,FALSE,C,,"C.Visionary, affiliative, coaching and directive",,,FALSE,D,,"D.Visionary, affiliative, coaching and high waters",,,FALSE,,,,,,,,,,,,,,,,,,,,,,,,,,,,,,,,,,,,,,,,,,,,,,,,,,,,,,,,,,,,,,,,,,,,,,,,,,,,,,,,,,,,,,,,,,,,,,,,
74690155-ebb8-4886-bdb4-31e54e80e6a4,exam-hall-05,SINGLE_CHOICE,DRAFT,,,A project manager wants to motivate their team members and improve project performance. Which approach is most likely to be effective?,,,A,,A.Reward all team members equally with formal awards to publicly recognize their achievements.,,,FALSE,B,,B.Implement initiatives based on the project manager's understanding of what motivates others.,,,FALSE,C,,"C.Delegate motivation to team members, assuming they are professionals who self-motivate.",,,FALSE,D,,D.Offer a diverse range of motivational incentives tailored to individual team member needs.,,,TRUE,,,,,,,,,,,,,,,,,,,,,,,,,,,,,,,,,,,,,,,,,,,,,,,,,,,,,,,,,,,,,,,,,,,,,,,,,,,,,,,,,,,,,,,,,,,,,,,,
d2e1b70d-ed9b-4189-ae7d-bb49f267f193,exam-hall-05,SINGLE_CHOICE,DRAFT,,,"During the team meeting, two of the team members who worked on the same tasks are arguing about who is at fault for the task being late. None of them want to be perceived as the one who caused the delay. What is the most likely cause of this issue?",,,A,,A.Conflicting Priorities,,,FALSE,B,,B.Unclear Responsibilities,,,TRUE,C,,C.Personal Competition,,,FALSE,D,,D.Personnel Selection,,,FALSE,,,,,,,,,,,,,,,,,,,,,,,,,,,,,,,,,,,,,,,,,,,,,,,,,,,,,,,,,,,,,,,,,,,,,,,,,,,,,,,,,,,,,,,,,,,,,,,,
a7a8b17b-8898-44a2-8884-2b80fc60272c,exam-hall-05,SINGLE_CHOICE,DRAFT,,,"After an organization trained and implemented a new mandatory project management software application for all project staff, the project manager noticed that several team members show low levels of commitment to the new software. What is the cause for this?",,,A,,A.Fear of the unknown,,,TRUE,B,,B.Lack of required skills,,,FALSE,C,,C.Lack of clear project vision,,,FALSE,D,,D.Too much communication,,,FALSE,,,,,,,,,,,,,,,,,,,,,,,,,,,,,,,,,,,,,,,,,,,,,,,,,,,,,,,,,,,,,,,,,,,,,,,,,,,,,,,,,,,,,,,,,,,,,,,,
2b60bab4-219d-4307-af53-c7f775e51f46,exam-hall-05,SINGLE_CHOICE,DRAFT,,,A project manager is working on a long-term project in a complex environment. The project manager's focus is on maintaining healthy team work and collaboration. What conflict resolution strategy should be used within the project team?,,,A,,A.Problem solving,,,TRUE,B,,B.Compromising,,,FALSE,C,,C.Accommodating,,,FALSE,D,,D.Consultation,,,FALSE,,,,,,,,,,,,,,,,,,,,,,,,,,,,,,,,,,,,,,,,,,,,,,,,,,,,,,,,,,,,,,,,,,,,,,,,,,,,,,,,,,,,,,,,,,,,,,,,
1a83cbf9-1cce-4b86-a842-c8e64dfc7927,exam-hall-05,SINGLE_CHOICE,DRAFT,,,A team lead is assigned to an ongoing project. The team members have been working together for a while. How should the team lead start building relationships?,,,A,,A.Distribute tasks and observe the quality of the deliverables.,,,FALSE,B,,B.Talk about personal preferences and make sure the team understands your approach.,,,FALSE,C,,C.Ask some team members to share information about other members to become familiar with the team.,,,FALSE,D,,D.Ask the team members directly about both personal and work-related matters.,,,TRUE,,,,,,,,,,,,,,,,,,,,,,,,,,,,,,,,,,,,,,,,,,,,,,,,,,,,,,,,,,,,,,,,,,,,,,,,,,,,,,,,,,,,,,,,,,,,,,,,
c18952f3-1b84-492c-bcd0-57c862fde1c6,exam-hall-05,SINGLE_CHOICE,DRAFT,,,A project manager wants to establish an incentive and rewards strategy for the project team. What approach should be taken?,,,A,,A.Ask Human Resources department which incentives should be provided.,,,FALSE,B,,B.Check on budget availability in order to determine specific reward amounts.,,,FALSE,C,,C.Provide an opportunity for publicly presenting the outcomes.,,,FALSE,D,,D.Identify the specific needs for each team member to determine incentives.,,,TRUE,,,,,,,,,,,,,,,,,,,,,,,,,,,,,,,,,,,,,,,,,,,,,,,,,,,,,,,,,,,,,,,,,,,,,,,,,,,,,,,,,,,,,,,,,,,,,,,,
14c81dcf-860e-4f1b-9272-8c34270e9de0,exam-hall-05,MULTIPLE_CHOICE,DRAFT,,,Select three ways to improve and practice leadership skills. (Choose 3),,,A,,A.Engage the team in the project process.,,,TRUE,B,,B.Be actively involved in the project tasks.,,,TRUE,C,,C.Treat each team member the same way.,,,FALSE,D,,D.Ask for feedback and analyze the results.,,,TRUE,E,,E.Use democracy for all team decisions.,,,FALSE,,,,,,,,,,,,,,,,,,,,,,,,,,,,,,,,,,,,,,,,,,,,,,,,,,,,,,,,,,,,,,,,,,,,,,,,,,,,,,,,,,,,,,,,,,
fd6df852-4e92-4aa8-96da-869eb0eca113,exam-hall-05,SINGLE_CHOICE,DRAFT,,,Which of the following steps gives special attention to the group decision making processes?,,,A,,A.Problem Definition,,,FALSE,B,,B.Problem Solution Generation,,,FALSE,C,,C.Ideas to Action,,,TRUE,D,,D.Solution Action Planning,,,FALSE,,,,,,,,,,,,,,,,,,,,,,,,,,,,,,,,,,,,,,,,,,,,,,,,,,,,,,,,,,,,,,,,,,,,,,,,,,,,,,,,,,,,,,,,,,,,,,,,
77c9175f-9ec6-4a80-adba-a726d11d190d,exam-hall-05,SINGLE_CHOICE,DRAFT,,,A project manager seeks to alleviate the IT department's workload while empowering the business to initiate new implementations and lay the groundwork for future solutions. How should the project manager facilitate this transition?,,,A,,"A.Enforce stringent IT governance policies centralized within the IT department, ensuring uniformity and control over all IT endeavors.",,,FALSE,B,,B.Mandate comprehensive IT project proposals to the IT department for assessment and approval before any project can commence.,,,FALSE,C,,C.Enable business units to use a simplified IT project management platform to initiate and monitor projects independently.,,,TRUE,D,,"D.Collaborate with cross-functional IT business teams to jointly plan and execute IT projects, fostering cooperation between stakeholders.",,,FALSE,,,,,,,,,,,,,,,,,,,,,,,,,,,,,,,,,,,,,,,,,,,,,,,,,,,,,,,,,,,,,,,,,,,,,,,,,,,,,,,,,,,,,,,,,,,,,,,,
a82102f3-69eb-414e-9600-4518ac7784a5,exam-hall-05,SINGLE_CHOICE,DRAFT,,,"A project manager is assessing two investment opportunities. Project A is expected to generate cash flows of $100,000 per year for five years, with an initial investment of $350,000. Project B is expected to generate cash flows of $80,000 per year for five years, with an initial investment of $250,000. The company's required rate of return is 10%. What is the Net Present Value (NPV) for each project, and which one should the project manager recommend?",,,A,,"A.The NPV for Project A is -$21,462.75, and for Project B is -$14,850.30. The project manager should recommend Project B because it has a lower NPV.",,,FALSE,B,,"B.The NPV for Project A is $21,462.75, and for Project B is $14,850.30. The project manager should recommend neither project as their NPVs are similar.",,,FALSE,C,,"C.The NPV for Project A is -$21,462.75, and for Project B is -$14,850.30. The project manager should recommend neither project as both have negative NPVs.",,,FALSE,D,,"D.The NPV for Project A is $21,462.75, and for Project B is $14,850.30. The project manager should recommend Project A because it has a higher NPV.",,,TRUE,,,,,,,,,,,,,,,,,,,,,,,,,,,,,,,,,,,,,,,,,,,,,,,,,,,,,,,,,,,,,,,,,,,,,,,,,,,,,,,,,,,,,,,,,,,,,,,,
0b74192e-fad0-4e65-baa0-f633e09fffea,exam-hall-05,SINGLE_CHOICE,DRAFT,,,One in two dispersed teams fails to reach objectives due to:,,,A,,A.Inability to manage the distributed workforce,,,TRUE,B,,B.Conflict management,,,FALSE,C,,C.Team purpose identification,,,FALSE,D,,D.Distribution of power,,,FALSE,,,,,,,,,,,,,,,,,,,,,,,,,,,,,,,,,,,,,,,,,,,,,,,,,,,,,,,,,,,,,,,,,,,,,,,,,,,,,,,,,,,,,,,,,,,,,,,,
0fefc68c-e7b3-4497-a534-d39ef61734aa,exam-hall-05,SINGLE_CHOICE,DRAFT,,,A new project manager is attempting to enable shared leadership within their virtual team. Which of the following options should the project manager avoid?,,,A,,A.Respect team members’ competencies,,,FALSE,B,,B.Loosen the reins and avoid the “responsibility trap”,,,FALSE,C,,C.Encourage leadership behaviors,,,FALSE,D,,"D.Maintain a ""natural distance"" with the team",,,TRUE,,,,,,,,,,,,,,,,,,,,,,,,,,,,,,,,,,,,,,,,,,,,,,,,,,,,,,,,,,,,,,,,,,,,,,,,,,,,,,,,,,,,,,,,,,,,,,,,
548ad240-cd9f-4557-ad60-ad57335967aa,exam-hall-05,MULTIPLE_CHOICE,DRAFT,,,A project manager needs to ensure that the products of the organization meet certain government standards and regulations. The project manager's team is developing a business requirements document (BRD) to help in this regard. Which of the following statements are correct about compliance requirements? (Choose 2).,,,A,,A.Compliance requirements are functional requirements and must be included in the BRD.,,,FALSE,B,,B.Compliance requirements are non-functional requirements and must be documented in the BRD.,,,TRUE,C,,C.Compliance requirements should be part of the project scope and should be managed by the project team.,,,TRUE,D,,D.Compliance requirements can be considered organization assets and do not need to be included in the BRD.,,,FALSE,E,,E.Compliance requirements can not be considered organization assets and must be included in the BRD.,,,FALSE,,,,,,,,,,,,,,,,,,,,,,,,,,,,,,,,,,,,,,,,,,,,,,,,,,,,,,,,,,,,,,,,,,,,,,,,,,,,,,,,,,,,,,,,,,
0e453891-274d-4897-bb37-03967d1891c5,exam-hall-05,SINGLE_CHOICE,DRAFT,,,"A project manager is on a project that is part of a business transformation initiative impacting most of the 10,000 employees in the company. The scope of the project is the improvement of collaboration between teams by implementing a new cloud platform that will replace a 20-year-old communication tool. What will be the most critical success factor?",,,A,,"A.Good quality, go-live should have zero critical defects.",,,FALSE,B,,B.Good user interface developed by talented graphical artists,,,FALSE,C,,C.Good change management planning and execution,,,TRUE,D,,D.Good change control process with fast approvals,,,FALSE,,,,,,,,,,,,,,,,,,,,,,,,,,,,,,,,,,,,,,,,,,,,,,,,,,,,,,,,,,,,,,,,,,,,,,,,,,,,,,,,,,,,,,,,,,,,,,,,
9e9bf849-ef4f-405e-87d7-d8ffd43eaa7a,exam-hall-05,MULTIPLE_CHOICE,DRAFT,,,"Project manager for a large government organization decides to save money by changing the local implementation partner, and is considering using offshore resources instead. What are the main risks associated with using offshore resources? (Choose 3).",,,A,,A.Offshore resources may need more supervision due to time and cultural differences,,,TRUE,B,,B.Offshore resources may not have the same business domain knowledge as the previous vendor,,,FALSE,C,,C.Offshore resources may need more effort in planning and managing project budgets,,,TRUE,D,,D.Offshore resources may need longer onboarding due to geopolitical differences,,,TRUE,E,,E.Offshore resources may need detailed documentation due to time and cultural differences,,,FALSE,,,,,,,,,,,,,,,,,,,,,,,,,,,,,,,,,,,,,,,,,,,,,,,,,,,,,,,,,,,,,,,,,,,,,,,,,,,,,,,,,,,,,,,,,,
6f912aba-48ba-4e87-a189-09ff881a189c,exam-hall-05,SINGLE_CHOICE,DRAFT,,,"A project manager has identified stakeholders for a software development project: the sales team will be the primary users of the new software application; the IT department will be responsible for deploying and maintaining the new software application; and the project sponsor is the executive who is responsible for approving the project and providing funding. The project manager is in the planning phase of the project, and must engage the stakeholders. What is the most important thing for the project manager to do to build shared understanding?",,,A,,A.Hold a kick-off meeting with all stakeholders.,,,FALSE,B,,B.Create a stakeholder register and communication plan.,,,FALSE,C,,C.Identify the stakeholders' needs and expectations.,,,TRUE,D,,D.Document the stakeholders' concerns and risks.,,,FALSE,,,,,,,,,,,,,,,,,,,,,,,,,,,,,,,,,,,,,,,,,,,,,,,,,,,,,,,,,,,,,,,,,,,,,,,,,,,,,,,,,,,,,,,,,,,,,,,,
743b174a-ec59-4d4a-9285-fa84dba4778c,exam-hall-05,SINGLE_CHOICE,DRAFT,,,"A long-term agile project has just reached its midway mark and a new project manager is appointed to take over. Additional to the project manager, a current stakeholder was interchanged with another who has more experience regarding the projects’ technology. What next step should the project manager take?'",,,A,,A.Discuss expectations from the stakeholder and revise the engagement plan accordingly.,,,FALSE,B,,B.Encourage the new stakeholder to convene with the product owner to review pertinent information.,,,TRUE,C,,C.Notify all stakeholders after revising the project plan with new contents added.,,,FALSE,D,,D.Hold all upcoming sprint review meetings with the new stakeholder in attendance and revise the project plan.,,,FALSE,,,,,,,,,,,,,,,,,,,,,,,,,,,,,,,,,,,,,,,,,,,,,,,,,,,,,,,,,,,,,,,,,,,,,,,,,,,,,,,,,,,,,,,,,,,,,,,,
936322c4-040d-46e8-a2a7-63f063826164,exam-hall-05,SINGLE_CHOICE,DRAFT,,,"During a retrospective meeting, the project team confirmed that all deliverables were completed according to the specifications provided in the product backlog. However, the number of errors found during testing increased dramatically. What should the project manager do?",,,A,,A.Meet with quality assurance specialists to clarify the issue and seek resolutions.,,,TRUE,B,,B.Review the risk management plan to determine the mitigation strategy.,,,FALSE,C,,C.Perform a Monte Carlo analysis to identify possible scenarios and actions.,,,FALSE,D,,D.Register the risk in the risk register and monitor it during the next iteration.,,,FALSE,,,,,,,,,,,,,,,,,,,,,,,,,,,,,,,,,,,,,,,,,,,,,,,,,,,,,,,,,,,,,,,,,,,,,,,,,,,,,,,,,,,,,,,,,,,,,,,,
e3b79489-0229-4546-93c0-c7a98336789b,exam-hall-05,SINGLE_CHOICE,DRAFT,,,"An application developer took a story card to work that read ""Customer can pay using credit card"". After the implementation, the functionality was rejected because the application could not accept foreign credit cards. What should the project manager have done to avoid this issue?",,,A,,A.Described the user story in more detail.,,,TRUE,B,,B.Scheduled the user story for the next iteration.,,,FALSE,C,,C.Performed iterative backlog grooming with the team.,,,FALSE,D,,D.Gathered more detailed requirement specifications from end users.,,,FALSE,,,,,,,,,,,,,,,,,,,,,,,,,,,,,,,,,,,,,,,,,,,,,,,,,,,,,,,,,,,,,,,,,,,,,,,,,,,,,,,,,,,,,,,,,,,,,,,,
6d94b9f3-6b7f-4e26-b9cb-fb3cd268b819,exam-hall-05,SINGLE_CHOICE,DRAFT,,,"A customer requires knowing exactly the state of a product, the overall project, and the next steps planned for the next month each month. How should the project manager communicate with this customer?",,,A,,"A.Send a weekly status email, including a complete assessment of earned value.",,,FALSE,B,,B.Generate a monthly status report and include technical issues as an attachment.,,,FALSE,C,,C.Have a monthly call with the customer to summarize what happened recently and give a general review of the product.,,,FALSE,D,,D.Present the project progress in monthly increments with a formal validation and comprehensive understanding of the status.,,,TRUE,,,,,,,,,,,,,,,,,,,,,,,,,,,,,,,,,,,,,,,,,,,,,,,,,,,,,,,,,,,,,,,,,,,,,,,,,,,,,,,,,,,,,,,,,,,,,,,,
aaa1cc9a-0fda-420b-8e5e-175db0f3ee37,exam-hall-05,SINGLE_CHOICE,DRAFT,,,"The sponsor notified the product owner that the budget was approved for a project. However, any additional investment for the project would have to wait until the next fiscal year. The product owner is concerned that this will hold up the project. What should the product owner do?",,,A,,A.Track the budget based on the release plan and show the value to the business.,,,TRUE,B,,B.Explain that the project is just starting and the budget will need to be adjusted.,,,FALSE,C,,C.Track the budget based on each sprint and remove nice-to-have deliverables.,,,FALSE,D,,D.Ensure that the project manager monitors every invoice from the project.,,,FALSE,,,,,,,,,,,,,,,,,,,,,,,,,,,,,,,,,,,,,,,,,,,,,,,,,,,,,,,,,,,,,,,,,,,,,,,,,,,,,,,,,,,,,,,,,,,,,,,,
717d000c-0f8a-4a33-853e-6692485002d8,exam-hall-05,SINGLE_CHOICE,DRAFT,,,"During release planning, a conflict arises between stakeholders regarding prioritizing certain needs, which is causing the development team to lose focus. To align all stakeholders and resolve this conflict, which conflict resolution technique should the project manager employ?",,,A,,A.Forcing,,,FALSE,B,,B.Collaboration,,,TRUE,C,,C.Withdrawal,,,FALSE,D,,D.Smoothing,,,FALSE,,,,,,,,,,,,,,,,,,,,,,,,,,,,,,,,,,,,,,,,,,,,,,,,,,,,,,,,,,,,,,,,,,,,,,,,,,,,,,,,,,,,,,,,,,,,,,,,
7414a299-5b2f-4a22-8135-210870ead789,exam-hall-05,SINGLE_CHOICE,DRAFT,,,"An agile team has been struggling to keep up with the planned pace, which is frequently resulting in sprint failures. What should the project manager do to help avoid this situation in the future?",,,A,,A.Ask the project sponsor to approve overtime to compensate for the lack of performance while adjusting the plan.,,,FALSE,B,,B.Review the velocity of the team over the last several sprints and adjust the plan accordingly.,,,TRUE,C,,"C.Replace junior team members with more experienced ones, and negotiate the project scope to compensate for the budget gap.",,,FALSE,D,,D.Switch to a Kanban approach to have better control on the planned pace by limiting work in progress.,,,FALSE,,,,,,,,,,,,,,,,,,,,,,,,,,,,,,,,,,,,,,,,,,,,,,,,,,,,,,,,,,,,,,,,,,,,,,,,,,,,,,,,,,,,,,,,,,,,,,,,
6358a3c7-ac57-4a76-b034-5d9b736263fb,exam-hall-05,SINGLE_CHOICE,DRAFT,,,"A project manager is struggling to figure out the performance of the project teams in an agile environment. For the same scope of work, team A has calculated and delivered 100 story points and team B has calculated and delivered 125 story points. Which team is performing better?",,,A,,A.Team A as they have calculated fewer story points than team B.,,,FALSE,B,,B.Team B as they have calculated more story points than team A.,,,FALSE,C,,C.The team that completes the most stories selected from the sprint backlog.,,,FALSE,D,,D.The team with the least amount of defects in their deliverables.,,,TRUE,,,,,,,,,,,,,,,,,,,,,,,,,,,,,,,,,,,,,,,,,,,,,,,,,,,,,,,,,,,,,,,,,,,,,,,,,,,,,,,,,,,,,,,,,,,,,,,,
ce5177e3-1432-4d15-abd4-ad25fff43e4f,exam-hall-05,SINGLE_CHOICE,DRAFT,,,The steering committee has asked a project manager experienced in agile to provide an indication of the time remaining on a medium-sized project. What tools can be used to provide this information?,,,A,,A.Analysis of the business requirements document,,,FALSE,B,,B.A release burndown chart,,,TRUE,C,,C.Story points for the remaining user stories,,,FALSE,D,,D.Surrogate measurements,,,FALSE,,,,,,,,,,,,,,,,,,,,,,,,,,,,,,,,,,,,,,,,,,,,,,,,,,,,,,,,,,,,,,,,,,,,,,,,,,,,,,,,,,,,,,,,,,,,,,,,
0626e575-f9ab-4d25-9ccc-ecdd3d81cbdc,exam-hall-05,SINGLE_CHOICE,DRAFT,,,A large corporation is transforming itself from a predictive to agile approach. A project team with knowledge of agile practices is experiencing significant conflicts with the executives regarding the processes to be followed. How should these conflicts be resolved?,,,A,,A.Negotiate with the executives and agree on a process.,,,FALSE,B,,B.Train the executives on agile practices.,,,TRUE,C,,C.Include the executives in team retrospectives.,,,FALSE,D,,D.Request that the executives use agile practices.,,,FALSE,,,,,,,,,,,,,,,,,,,,,,,,,,,,,,,,,,,,,,,,,,,,,,,,,,,,,,,,,,,,,,,,,,,,,,,,,,,,,,,,,,,,,,,,,,,,,,,,
cbc5beff-6072-4cb6-b17a-6a6eee524218,exam-hall-05,SINGLE_CHOICE,DRAFT,,,"A project manager is managing a hybrid project. A stakeholder has directly contacted a team member and has requested a change. Due to the request, the team member was distracted from their work, which caused a loss in productivity. What should the team member do?",,,A,,A.Inform the stakeholder that the correct procedure for new requirements is to provide it directly to the project manager.,,,FALSE,B,,B.Inform the stakeholder that the correct procedure for new requirements is to provide it directly to the change control board (CCB).,,,FALSE,C,,C.Inform the scrum master regarding the stakeholder's request for a change and the impact this has had on productivity.,,,TRUE,D,,D.Inform the scrum master so that the change can be discussed directly with the stakeholder.,,,FALSE,,,,,,,,,,,,,,,,,,,,,,,,,,,,,,,,,,,,,,,,,,,,,,,,,,,,,,,,,,,,,,,,,,,,,,,,,,,,,,,,,,,,,,,,,,,,,,,,
0dae3c04-56c2-4942-8908-d65f2168e1d1,exam-hall-05,SINGLE_CHOICE,DRAFT,,,"In an industrial plant, the owner has decided to add more capacity to the plant by installing a new machine and updating the software used in production. This capacity enlargement will occur while the plant is still functioning and producing. The software update will be accomplished using an agile approach in order to minimize risk. The machine procurement, installation, and integration will be accomplished using predictive approaches. What types of communications will the project manager have to design into the schedule management plan to ensure the project will be on schedule?",,,A,,A.Weekly colocated meetings with the relevant stakeholders,,,TRUE,B,,B.Biweekly written status reports from the relevant stakeholders,,,FALSE,C,,C.Weekly one-on-one meetings with each of the relevant stakeholders,,,FALSE,D,,D.Biweekly conference calls with the relevant stakeholders,,,FALSE,,,,,,,,,,,,,,,,,,,,,,,,,,,,,,,,,,,,,,,,,,,,,,,,,,,,,,,,,,,,,,,,,,,,,,,,,,,,,,,,,,,,,,,,,,,,,,,,
1750f7c5-c2ea-4eed-ae54-3d8d5f6a4168,exam-hall-05,SINGLE_CHOICE,DRAFT,,,"A project is being executed. The project's life cycle is defined as predictive; however, a major deliverable will be handed over incrementally to the customer. The assigned resources are experienced and reliable and are willing to make decisions that the project manager used to make after each incremental delivery on other projects. What should the project manager do?",,,A,,"A.Inform the team that although this is a hybrid environment, the project manager must still be responsible for making decisions.",,,FALSE,B,,B.Consult the product owner about letting the resources make decisions.,,,FALSE,C,,C.Support the decisions of the team and transfer the decision making responsibility to them.,,,TRUE,D,,D.Schedule a steering committee meeting and obtain their approval on the request.,,,FALSE,,,,,,,,,,,,,,,,,,,,,,,,,,,,,,,,,,,,,,,,,,,,,,,,,,,,,,,,,,,,,,,,,,,,,,,,,,,,,,,,,,,,,,,,,,,,,,,,
87b668ec-3696-4b63-9233-c98f6740f35f,exam-hall-05,SINGLE_CHOICE,DRAFT,,,A transportation company is transforming its operational processes and the main system this company uses to move freight. The scope statement is in place. An iterative delivery approach has been agreed by all stakeholders. What does the project manager need to do next to help the team understand the work that needs to be done?,,,A,,"A.Start working on the project management plan with work packages, a detailed schedule, and work assignments for team members.",,,FALSE,B,,B.Work directly with stakeholders on the work breakdown structure (WBS) and assign tasks with a required timeline for each team member to start the work.,,,FALSE,C,,C.Work with the team to decompose the scope into a WBS and work packages in order to create required deliverables and timelines.,,,TRUE,D,,"D.Create the requirements management plan to outline how project requirements will be collected, analyzed, and documented, and then assign requirements to team members.",,,FALSE,,,,,,,,,,,,,,,,,,,,,,,,,,,,,,,,,,,,,,,,,,,,,,,,,,,,,,,,,,,,,,,,,,,,,,,,,,,,,,,,,,,,,,,,,,,,,,,,
b476184e-d053-45a4-a7fb-83c2cd9f0ca3,exam-hall-05,SINGLE_CHOICE,DRAFT,,,"A lengthy, ongoing project exhausts a project team. Due to deadline issues, the project manager cannot extend the project schedule. What should the project manager do next?",,,A,,A.Review the project charter.,,,FALSE,B,,B.Provide more recognition to team members.,,,FALSE,C,,C.Discuss the situation with the team.,,,TRUE,D,,D.Request additional resources.,,,FALSE,,,,,,,,,,,,,,,,,,,,,,,,,,,,,,,,,,,,,,,,,,,,,,,,,,,,,,,,,,,,,,,,,,,,,,,,,,,,,,,,,,,,,,,,,,,,,,,,
9fdf2419-01bc-437a-9248-c3b489f3bb7c,exam-hall-05,SINGLE_CHOICE,DRAFT,,,"A project manager in a cross-functional organization needs to inform the department manager of the number and type of resources required, and the length of time they will be needed. What should the project manager use to present this resource information?",,,A,,A.Resource assignments,,,FALSE,B,,B.Resource histogram,,,TRUE,C,,C.Responsibility assignment matrix (RAM),,,FALSE,D,,D.Project organization chart,,,FALSE,,,,,,,,,,,,,,,,,,,,,,,,,,,,,,,,,,,,,,,,,,,,,,,,,,,,,,,,,,,,,,,,,,,,,,,,,,,,,,,,,,,,,,,,,,,,,,,,
42afbc63-e0e2-46d0-ab13-1b962004daac,exam-hall-05,SINGLE_CHOICE,DRAFT,,,"A project manager is leading a project that is being implemented simultaneously in two countries with an 11-hour time zone difference. The project manager needs to determine a mutually convenient time to provide stakeholders with information on the project's schedule, cost, and performance progress. What should the project manager do?",,,A,,A.Use a world clock to identify a few potential times that work for all stakeholders.,,,TRUE,B,,B.Send a survey to stakeholders asking them for their availability during the week.,,,FALSE,C,,"C.Schedule two separate meetings, one for stakeholders in each country.",,,FALSE,D,,D.Record the meeting and send it to stakeholders to watch on their own time.,,,FALSE,,,,,,,,,,,,,,,,,,,,,,,,,,,,,,,,,,,,,,,,,,,,,,,,,,,,,,,,,,,,,,,,,,,,,,,,,,,,,,,,,,,,,,,,,,,,,,,,
256c9142-157d-4cbb-82be-2c912532c8d0,exam-hall-05,SINGLE_CHOICE,DRAFT,,,"A demanding project stakeholder insists that an additional feature be added to a project product without changing the scope, budget, or schedule. The project manager allows this feature to be included since it adds great value to the end product. However, the project manager discovers that adding this feature has lengthened the project schedule and increased project costs. Which process should the project manager have followed before including the additional product feature?",,,A,,A.Change control,,,TRUE,B,,B.Schedule planning,,,FALSE,C,,C.Procurement planning,,,FALSE,D,,D.Quality audit,,,FALSE,,,,,,,,,,,,,,,,,,,,,,,,,,,,,,,,,,,,,,,,,,,,,,,,,,,,,,,,,,,,,,,,,,,,,,,,,,,,,,,,,,,,,,,,,,,,,,,,
1b6cedc6-fb8a-43dc-8f52-646be42d8267,exam-hall-05,SINGLE_CHOICE,DRAFT,,,A project is being audited to ensure compliance with organizational policies. What process is being conducted?,,,A,,A.Audit Schedule,,,FALSE,B,,B.Plan Quality Management,,,FALSE,C,,C.Control Quality,,,FALSE,D,,D.Manage Quality,,,TRUE,,,,,,,,,,,,,,,,,,,,,,,,,,,,,,,,,,,,,,,,,,,,,,,,,,,,,,,,,,,,,,,,,,,,,,,,,,,,,,,,,,,,,,,,,,,,,,,,
3161e26f-6950-4a3c-b64a-b2bf2f8319d6,exam-hall-05,SINGLE_CHOICE,DRAFT,,,A customer's requested design change is approved by the change control board (CCB). The project manager then discovers that the change will cause a three-month project delay. What should the project manager have done to avoid this?,,,A,,"A.Increased the authorized budget, and requested additional resources",,,FALSE,B,,B.Redefined the project scope to include the new design,,,FALSE,C,,C.Fast tracked and crashed the schedule,,,FALSE,D,,D.Thoroughly assessed the request in accordance with the risk management plan,,,TRUE,,,,,,,,,,,,,,,,,,,,,,,,,,,,,,,,,,,,,,,,,,,,,,,,,,,,,,,,,,,,,,,,,,,,,,,,,,,,,,,,,,,,,,,,,,,,,,,,
5ffacd32-cdef-4990-b418-32c1547a273d,exam-hall-05,SINGLE_CHOICE,DRAFT,,,"During a project's initiation phase, the project manager reviews the business case and finds that information is incomplete. What should the project manager do?",,,A,,A.Add an information gap to the risk register.,,,FALSE,B,,B.Review the project statement of work (SOW) to create the project charter.,,,FALSE,C,,C.Revise the business case to narrow the project scope and create the project charter.,,,FALSE,D,,D.Review the business case with the sponsoring organization to confirm that the project aligns with business needs.,,,TRUE,,,,,,,,,,,,,,,,,,,,,,,,,,,,,,,,,,,,,,,,,,,,,,,,,,,,,,,,,,,,,,,,,,,,,,,,,,,,,,,,,,,,,,,,,,,,,,,,
1d6ab004-199d-4b5a-986f-970758671dcd,exam-hall-05,SINGLE_CHOICE,DRAFT,,,"During project implementation, an issue arises that requires the execution of the project's contingency plan, which will impact the project schedule. What should the project manager do?",,,A,,A.Initiate a risk audit.,,,FALSE,B,,B.Issue a change request.,,,TRUE,C,,C.Review the cost impact.,,,FALSE,D,,D.Update the contingency plan.,,,FALSE,,,,,,,,,,,,,,,,,,,,,,,,,,,,,,,,,,,,,,,,,,,,,,,,,,,,,,,,,,,,,,,,,,,,,,,,,,,,,,,,,,,,,,,,,,,,,,,,
ccbfe67f-00d9-439d-af53-0bd725b98356,exam-hall-05,SINGLE_CHOICE,DRAFT,,,"While preparing a project charter for a new project, a project manager reviews lessons learned from previous projects. The lessons learned documents show frequent issues with low engagement levels and stakeholder misalignment on project objectives. What should the project manager do to avoid repetition of this issue in the new project?",,,A,,A.Allow any stakeholder to join the change control board (CCB) at any time in the project.,,,FALSE,B,,B.Include all stakeholders in the responsibility assignment matrix (RAM) for acceptance of the deliverables.,,,FALSE,C,,C.Gather all the requirements provided by every individual stakeholder and include in the work breakdown structure (WBS).,,,FALSE,D,,D.Build a common understanding among stakeholders about key deliverables described in the approved project charter.,,,TRUE,,,,,,,,,,,,,,,,,,,,,,,,,,,,,,,,,,,,,,,,,,,,,,,,,,,,,,,,,,,,,,,,,,,,,,,,,,,,,,,,,,,,,,,,,,,,,,,,
6040d3c5-d4a6-49d6-9c5e-d655d11477b4,exam-hall-05,SINGLE_CHOICE,DRAFT,,,A new project has high uncertainty in the cost required for completion. What approach should the project manager use to determine the expected costs?,,,A,,A.Analogous estimating,,,FALSE,B,,B.Statistical techniques estimating,,,FALSE,C,,C.Parametric estimating,,,FALSE,D,,D.Three-point estimating,,,TRUE,,,,,,,,,,,,,,,,,,,,,,,,,,,,,,,,,,,,,,,,,,,,,,,,,,,,,,,,,,,,,,,,,,,,,,,,,,,,,,,,,,,,,,,,,,,,,,,,
7ddce9d5-3a8f-471e-8c66-c15529d90fd1,exam-hall-05,SINGLE_CHOICE,DRAFT,,,"During a group activity to identify an input to the Plan Procurement Management process, some participants disagree with the ranking of compliance-related items. What tool or technique should the project manager use to resolve this?",,,A,,A.Affinity diagram,,,FALSE,B,,B.Multicriteria decision analysis,,,FALSE,C,,C.Nominal group technique,,,TRUE,D,,D.Brainstorming,,,FALSE,,,,,,,,,,,,,,,,,,,,,,,,,,,,,,,,,,,,,,,,,,,,,,,,,,,,,,,,,,,,,,,,,,,,,,,,,,,,,,,,,,,,,,,,,,,,,,,,
5182ed7e-30bb-4e6c-86e9-f9707558ce0d,exam-hall-05,SINGLE_CHOICE,DRAFT,,,"A project manager is on a mega industrial project. The project team is distributed throughout six different countries and time zones. During a review meeting, it was noticed that important baselined milestone dates were missed. What is the most likely reason for the missed deadlines?",,,A,,A.Lack of buy-in commitment,,,FALSE,B,,B.Poor team communication,,,TRUE,C,,C.Misunderstanding stakeholder expectations,,,FALSE,D,,D.Stakeholders' expectation is set too high,,,FALSE,,,,,,,,,,,,,,,,,,,,,,,,,,,,,,,,,,,,,,,,,,,,,,,,,,,,,,,,,,,,,,,,,,,,,,,,,,,,,,,,,,,,,,,,,,,,,,,,
20d229e3-7a34-463e-a64d-a7e98ada1e45,exam-hall-05,SINGLE_CHOICE,DRAFT,,,"In an agile development environment, when should a risk analysis be performed?",,,A,,A.Before the start of each iteration,,,TRUE,B,,B.During the daily standup meeting,,,FALSE,C,,C.In the retrospective meeting,,,FALSE,D,,D.After every scrum meeting,,,FALSE,,,,,,,,,,,,,,,,,,,,,,,,,,,,,,,,,,,,,,,,,,,,,,,,,,,,,,,,,,,,,,,,,,,,,,,,,,,,,,,,,,,,,,,,,,,,,,,,
9dd9e9a1-68ae-4424-b25c-a2b6ef2022ac,exam-hall-05,SINGLE_CHOICE,DRAFT,,,A project manager has noticed apparent interpersonal conflict between some team members during the initiation of a project. When should the project manager address this problem?,,,A,,A.At the earliest time possible to prevent the conflict from escalating later in the project,,,TRUE,B,,B.Prior to every meeting by reminding the project team to be respectful with each other,,,FALSE,C,,C.Directly after an outburst or dispute between members to determine which member is right,,,FALSE,D,,D.At the end of the project to let the conflict de-escalate and record it in the lessons learned,,,FALSE,,,,,,,,,,,,,,,,,,,,,,,,,,,,,,,,,,,,,,,,,,,,,,,,,,,,,,,,,,,,,,,,,,,,,,,,,,,,,,,,,,,,,,,,,,,,,,,,
9ecdc64a-66b7-406b-8295-4e6abea81821,exam-hall-05,SINGLE_CHOICE,DRAFT,,,"A team is working on a complex and fast-changing new product development project. After a recent process evaluation, the team decides to add an agile toolkit to the predictive approach they are using. This addition is intended to improve the overall project delivery, success, and productivity. Which of the following describes how this change is intended to add value to the overall delivery, success, and productivity?",,,A,,"A.Use the agile toolkit to leverage the ability of agile methods to respond effectively to change, while maintaining the benefits of a predictive approach to project management.",,,TRUE,B,,"B.Use the agile toolkit to replace all predictive methods with new agile methods, and by doing so, reduce poor productivity.",,,FALSE,C,,"C.Use the agile toolkit to compare agile against predictive methods, then choose the best approach for future projects.",,,FALSE,D,,D.Use the agile toolkit and ask team members to choose between agile and predictive methods so that they will work more effectively and productively.,,,FALSE,,,,,,,,,,,,,,,,,,,,,,,,,,,,,,,,,,,,,,,,,,,,,,,,,,,,,,,,,,,,,,,,,,,,,,,,,,,,,,,,,,,,,,,,,,,,,,,,
a0d82d00-79c4-4952-a0b6-f89ef9174443,exam-hall-05,SINGLE_CHOICE,DRAFT,,,"A project manager engaged in the delivery of a global project is in the process of recruiting a project team. After the team is formed, what should the project manager do?",,,A,,A.Send a welcome email and host a team introductory event with the team members so they get to know each other.,,,TRUE,B,,B.Send a project management plan and charter to team members to familiarize them with project goals and procedures.,,,FALSE,C,,C.Arrange a meeting for team members to discuss any concerns regarding requirements and project scope.,,,FALSE,D,,"D.Send the team members a survey to learn more about each member, share the results via email.",,,FALSE,,,,,,,,,,,,,,,,,,,,,,,,,,,,,,,,,,,,,,,,,,,,,,,,,,,,,,,,,,,,,,,,,,,,,,,,,,,,,,,,,,,,,,,,,,,,,,,,
2a7c24da-bcd0-43da-9b2f-f1fb9c7a1747,exam-hall-05,SINGLE_CHOICE,DRAFT,,,A pharmaceutical project in the initiation phase is likely to be impacted by new market regulations. Which stakeholder categories should the project manager assign to the relevant regulatory body?,,,A,,A.External with high power/influence,,,TRUE,B,,B.Internal with high power/influence,,,FALSE,C,,C.Internal with antagonist/resistant support level,,,FALSE,D,,D.External with antagonist/resistant support level,,,FALSE,,,,,,,,,,,,,,,,,,,,,,,,,,,,,,,,,,,,,,,,,,,,,,,,,,,,,,,,,,,,,,,,,,,,,,,,,,,,,,,,,,,,,,,,,,,,,,,,
4a6e9de6-203c-44ac-85e9-d2a8ae63e757,exam-hall-05,SINGLE_CHOICE,DRAFT,,,"After stakeholder data and information collection is complete, an analysis of the collected data begins. The power/interest scores are plotted for each stakeholder on a set of the axis to provide a visualization of stakeholder power and interest. There are three stakeholders that have low power and low interest. What are the actions for them?",,,A,,A.They must be kept satisfied by ensuring their concerns and questions are addressed adequately.,,,FALSE,B,,B.They require minimal management effort.,,,TRUE,C,,C.They must be kept informed and updated on the project.,,,FALSE,D,,"D.They must be kept satisfied, but also actively engaged with and consulted on the project.",,,FALSE,,,,,,,,,,,,,,,,,,,,,,,,,,,,,,,,,,,,,,,,,,,,,,,,,,,,,,,,,,,,,,,,,,,,,,,,,,,,,,,,,,,,,,,,,,,,,,,,
23218976-aadb-4a7d-bc5b-289379e5bbdd,exam-hall-05,SINGLE_CHOICE,DRAFT,,,A team member approaches the project manager immediately after the end of the project meeting about his need for help to complete a late-due-date task. What should the project manager do?,,,A,,"A.Ignore the team member's request, and ask for double the efforts to complete the task",,,FALSE,B,,"B.Discuss the issue during the daily meeting, and decide the course of action with the team",,,TRUE,C,,C.Ask the team member to step out from the task and re-allocate the task to someone else,,,FALSE,D,,D.Ask a junior team member to help in the completion of the task on the due date,,,FALSE,,,,,,,,,,,,,,,,,,,,,,,,,,,,,,,,,,,,,,,,,,,,,,,,,,,,,,,,,,,,,,,,,,,,,,,,,,,,,,,,,,,,,,,,,,,,,,,,
c5513a52-7eb2-482a-bfbd-836a1d8c5cf7,exam-hall-05,SINGLE_CHOICE,DRAFT,,,A company is considering adopting the agile methodology for future projects. The project manager is leading a discussion focused on the benefits associated with the agile methodology. Which of the following points should the project manager highlight?,,,A,,"A.Transparency is central, early and reliable delivery, methodology embraces change",,,TRUE,B,,"B.Product based method, divides projects into valuable phases, focuses on business justification",,,FALSE,C,,"C.Clear documentation exist, single point of responsibility, effective collaboration",,,FALSE,D,,"D.No overtime if possible, face-to-face contact and constantly looking back to move forward",,,FALSE,,,,,,,,,,,,,,,,,,,,,,,,,,,,,,,,,,,,,,,,,,,,,,,,,,,,,,,,,,,,,,,,,,,,,,,,,,,,,,,,,,,,,,,,,,,,,,,,
91d8fb8d-06ae-4fe4-ae58-ea69f962c0ec,exam-hall-05,SINGLE_CHOICE,DRAFT,,,"A project team just completed an environmental scan and have uncovered a lot of related hindrances that could potentially affect the project delivery negatively. The project manager is working with the team to understand the details of each identified hindrance and how the hindrances relate to each other, in order to understand the overall complexity of the project. This will enable the team to arrive at a plan that addresses the challenges identified. Which of the following techniques has the project manager used in this instance?",,,A,,A.Pareto analysis,,,FALSE,B,,B.Critical analysis,,,FALSE,C,,C.Systems thinking,,,TRUE,D,,D.Total quality management,,,FALSE,,,,,,,,,,,,,,,,,,,,,,,,,,,,,,,,,,,,,,,,,,,,,,,,,,,,,,,,,,,,,,,,,,,,,,,,,,,,,,,,,,,,,,,,,,,,,,,,
954e0578-8c39-4705-bdfe-05f49faccb77,exam-hall-05,SINGLE_CHOICE,DRAFT,,,A project team has successfully completed a project. The same team and three new people start another project led by a new scrum master. How will the new scrum master lead?,,,A,,"A.High directive, high supportive",,,FALSE,B,,"B.Low directive, high supportive",,,TRUE,C,,"C.High directive, low supportive",,,FALSE,D,,"D.Low directive, low supportive",,,FALSE,,,,,,,,,,,,,,,,,,,,,,,,,,,,,,,,,,,,,,,,,,,,,,,,,,,,,,,,,,,,,,,,,,,,,,,,,,,,,,,,,,,,,,,,,,,,,,,,
26409541-dd61-46d1-a3f1-e1670919f0c8,exam-hall-05,SINGLE_CHOICE,DRAFT,,,"What interpersonal skills do project managers or teams need to monitor stakeholder relationships, evaluate engagement strategies, and modify these approaches as needed?",,,A,,"A.Active listening, leadership, and cultural and political awareness",,,TRUE,B,,"B.Coaching, decision-making, and cultural and political awareness",,,FALSE,C,,"C.Active listening, team building, leadership, and networking",,,FALSE,D,,"D.Networking, influencing, and cultural awareness",,,FALSE,,,,,,,,,,,,,,,,,,,,,,,,,,,,,,,,,,,,,,,,,,,,,,,,,,,,,,,,,,,,,,,,,,,,,,,,,,,,,,,,,,,,,,,,,,,,,,,,
8528e705-1f05-4450-86fb-cec7169e40c6,exam-hall-05,MULTIPLE_CHOICE,DRAFT,,,A project manager is working on a complex project. The project includes many stakeholders with conflicting priorities. Which two actions should the project manager take to be prepared for negotiations and gain support from all of the stakeholders? (Choose two),,,A,,A.Allow enough contingency to cope with scope changes.,,,FALSE,B,,B.Develop a good relationship with the project team.,,,TRUE,C,,C.Understand the politics and personal interests of the stakeholders.,,,TRUE,D,,D.Develop a good communications management plan.,,,FALSE,E,,E.Develop a good risk management plan.,,,FALSE,,,,,,,,,,,,,,,,,,,,,,,,,,,,,,,,,,,,,,,,,,,,,,,,,,,,,,,,,,,,,,,,,,,,,,,,,,,,,,,,,,,,,,,,,,
b5a6ffe2-da19-4485-8f31-fadd75b31052,exam-hall-05,MULTIPLE_CHOICE,DRAFT,,,"A project manager is working on a complex project that has high interest from senior management. There are many stakeholders with competing priorities, which requires significant negotiation skills to overcome rising conflicts. Which two principles should the project manager follow when developing the negotiation strategy? (Choose two).",,,A,,A.Separate the people from the problem.,,,TRUE,B,,B.Focus on political issues first.,,,FALSE,C,,C.Focus on management priorities.,,,FALSE,D,,"D.Focus on interests, not positions.",,,TRUE,E,,E.Delegate the decisions to the team.,,,FALSE,,,,,,,,,,,,,,,,,,,,,,,,,,,,,,,,,,,,,,,,,,,,,,,,,,,,,,,,,,,,,,,,,,,,,,,,,,,,,,,,,,,,,,,,,,
ab29fa97-ba7e-4f73-8347-06aa3225eee3,exam-hall-05,SINGLE_CHOICE,DRAFT,,,"A project manager is leading a project that is vital to their organization and the local environmental and energy authority. During a team meeting to discuss project risks , the team raised a high risk that an important senior manager is not currently involved with project. What should the project manager do to mitigate this risk?",,,A,,A.Implement regular status reporting.,,,FALSE,B,,B.Escalate this risk to senior management.,,,TRUE,C,,C.Develop a highly detailed project management plan,,,FALSE,D,,D.Invite the senior manager to daily project meetings.,,,FALSE,,,,,,,,,,,,,,,,,,,,,,,,,,,,,,,,,,,,,,,,,,,,,,,,,,,,,,,,,,,,,,,,,,,,,,,,,,,,,,,,,,,,,,,,,,,,,,,,
5f76b724-8d86-4b6c-ae94-0a9c1c090ab4,exam-hall-05,SINGLE_CHOICE,DRAFT,,,A project team is working on a complex high-priority project. The project manager is informed that there is a superficial disagreement between a project sponsor and a project team member. This conflict could negatively impact the project timeline and must be resolved immediately. The team member desires to maintain a good relationship with the project sponsor and asks the project manager how they should approach the situation. What conflict resolution approach should the project manager suggest?,,,A,,A.Collaborating,,,FALSE,B,,B.Accommodating,,,TRUE,C,,C.Compromising,,,FALSE,D,,D.Forcing,,,FALSE,,,,,,,,,,,,,,,,,,,,,,,,,,,,,,,,,,,,,,,,,,,,,,,,,,,,,,,,,,,,,,,,,,,,,,,,,,,,,,,,,,,,,,,,,,,,,,,,
f4f78c16-060a-4760-bb72-d88aa2c294c6,exam-hall-05,SINGLE_CHOICE,DRAFT,,,An educational institution raises a complaint after placing an order for a software module from a company using agile practices. The complaint claims that billing for payment of a partial delivery violates the Agile Manifesto if the customer was not involved in progress meetings. The customer's claim is supported by which of the Four Values of the Agile Manifesto?,,,A,,A.Processes maintaining a constant pace indefinitely,,,FALSE,B,,B.Software delivery frequently and in short periods,,,FALSE,C,,C.Customer collaboration over contract negotiation,,,TRUE,D,,D.Working software as a primary measure of progress,,,FALSE,,,,,,,,,,,,,,,,,,,,,,,,,,,,,,,,,,,,,,,,,,,,,,,,,,,,,,,,,,,,,,,,,,,,,,,,,,,,,,,,,,,,,,,,,,,,,,,,
fd2c0094-deb3-4bec-8f9e-b0d72998b78e,exam-hall-05,SINGLE_CHOICE,DRAFT,,,"A project vendor has informed a project manager that an outsourced project deliverable will be available 6 months later than the agreed project schedule. The vendor stated that they are focusing on other project deliverables with priority dependencies, and this particular deliverable had no stated dependencies. What should the project manager do to avoid schedule delays in future?",,,A,,A.Monitor the dependencies and respond to challenges.,,,FALSE,B,,B.Ensure that all new dependencies are finish to start,,,FALSE,C,,C.Specify any dependencies if they exist.,,,TRUE,D,,D.Conduct a meeting to inform the customer.,,,FALSE,,,,,,,,,,,,,,,,,,,,,,,,,,,,,,,,,,,,,,,,,,,,,,,,,,,,,,,,,,,,,,,,,,,,,,,,,,,,,,,,,,,,,,,,,,,,,,,,
fdd07f67-1c24-4f9a-9d15-4e678a38cc21,exam-hall-05,SINGLE_CHOICE,DRAFT,,,A project manager is working on a new compliance project that is different from regular projects as it will involve multinational partners and several government departments. The project will result in the adoption of new standards and procedures. What must the project manager do from the onset?,,,A,,A.Ensure that the business requirements are defined and met,,,FALSE,B,,B.Ensure solution design is available from the start of the project,,,FALSE,C,,C.Ensure execution and handover are done effectively,,,FALSE,D,,D.Ensure the interpretation of compliance guidance and validation,,,TRUE,,,,,,,,,,,,,,,,,,,,,,,,,,,,,,,,,,,,,,,,,,,,,,,,,,,,,,,,,,,,,,,,,,,,,,,,,,,,,,,,,,,,,,,,,,,,,,,,
a12bce61-7158-4935-9cef-097ccabdeb09,exam-hall-05,SINGLE_CHOICE,DRAFT,,,A complex construction project entails the meeting of several regulations throughout project execution. The project team is brainstorming how to implement an effective method to ensure compliance throughout the term of the project. Which compliance review process is suitable for this situation?,,,A,,A.Conduct a gated review throughout the project phases.,,,TRUE,B,,B.Review at the end of the project.,,,FALSE,C,,C.Review before the closure of the project.,,,FALSE,D,,D.Conduct an informal review only that is based on need.,,,FALSE,,,,,,,,,,,,,,,,,,,,,,,,,,,,,,,,,,,,,,,,,,,,,,,,,,,,,,,,,,,,,,,,,,,,,,,,,,,,,,,,,,,,,,,,,,,,,,,,
a34634dc-d391-4226-8e90-dc7fb44d54c6,exam-hall-05,SINGLE_CHOICE,DRAFT,,,"A project manager is helping an organization transition from traditional methods to agile. The infrastructure, data warehousing, and enterprise architecture teams operate very differently than the application development teams. How should the project manager implement agile in this organization?",,,A,,A.Ask every team in the organization to implement the same agile methodology so that a one-size-fits-all solution can provide consistency across all teams.,,,FALSE,B,,B.Tailor the implementation by deliberately adapting the approach to make it more suitable for the given environment and work at hand.,,,TRUE,C,,C.Force the top-down transition approach by asking the CEO to provide support for implementing agile in every team in the organization.,,,FALSE,D,,D.Ask one team to implement scrum as a pilot so that all other teams in the organization can also implement scrum by learning from this team.,,,FALSE,,,,,,,,,,,,,,,,,,,,,,,,,,,,,,,,,,,,,,,,,,,,,,,,,,,,,,,,,,,,,,,,,,,,,,,,,,,,,,,,,,,,,,,,,,,,,,,,
10e2222f-5d17-4b5a-bea5-9710d878862a,exam-hall-05,SINGLE_CHOICE,DRAFT,,,A group of stakeholders at a financial institution are conducting a project closure review. Some of the stakeholders are concerned that the project deliverables do not satisfy the established closure criteria. What is the first thing that the project manager should do to address this issue?,,,A,,A.Assure the stakeholders that the project deliverables satisfy all established closure criteria.,,,FALSE,B,,B.Propose that the closure criteria be amended by removing the criteria that have not been met.,,,FALSE,C,,C.Take corrective measures by adapting the closure criteria and extending the project timeline.,,,FALSE,D,,D.Perform a thorough analysis to determine why the closure criteria have not been satisfied.,,,TRUE,,,,,,,,,,,,,,,,,,,,,,,,,,,,,,,,,,,,,,,,,,,,,,,,,,,,,,,,,,,,,,,,,,,,,,,,,,,,,,,,,,,,,,,,,,,,,,,,
e846b361-6d79-4ebb-a0c5-f364eb1c4b03,exam-hall-05,SINGLE_CHOICE,DRAFT,,,"An operational support project is running smoothly, but a customer consistently complains about a lack of visibility into the quality of the support work. How should the project manager address this customer concern?",,,A,,"A.Prepare relevant reports, send them to the customer daily, and publish them in a shared folder for future review.",,,FALSE,B,,B.Request the customer to appoint a manager from their area to review day-to-day activities and agreements reached during all discussions.,,,FALSE,C,,C.Plan a recurring governance meeting with the customer to present progress and publish data in a shared folder for future review.,,,TRUE,D,,"D.Inform the customer that every day after the most important discussions occur, one team member will oversee updating them.",,,FALSE,,,,,,,,,,,,,,,,,,,,,,,,,,,,,,,,,,,,,,,,,,,,,,,,,,,,,,,,,,,,,,,,,,,,,,,,,,,,,,,,,,,,,,,,,,,,,,,,
562af37f-3c5c-4d93-ae7e-b41b53c1ccdb,exam-hall-05,SINGLE_CHOICE,DRAFT,,,"During the planning of a project with incremental deliveries, the team realizes that they will need specific expertise for one of the deliverables towards the end of the project. What should the project manager do next?",,,A,,A.Enroll the team in training so they can be equipped with the needed expertise.,,,FALSE,B,,B.Request the availability of the needed resources with expertise from the project sponsor.,,,TRUE,C,,C.Ask the team members to acquire expertise through self-paced learning.,,,FALSE,D,,D.Define and share the work agreement with the team to coordinate activities to acquire expertise.,,,FALSE,,,,,,,,,,,,,,,,,,,,,,,,,,,,,,,,,,,,,,,,,,,,,,,,,,,,,,,,,,,,,,,,,,,,,,,,,,,,,,,,,,,,,,,,,,,,,,,,
af522438-9be3-4a1a-ab01-88e09d8d1b3c,exam-hall-05,SINGLE_CHOICE,DRAFT,,,"In the middle of a project incremental delivery, due to a change in the technology, a team member informed the project leader that due to a lack of knowledge in the technology the delivery will be delayed and suggests outsourcing services. What should the project manager do?",,,A,,A.Inform the end user of the delay of the specific delivery due to the new technology,,,FALSE,B,,B.Search for an outsourcing service with the experience needed,,,FALSE,C,,C.Inform the sponsor of the delay and ask for their support and approval,,,FALSE,D,,D.Discuss the impact of the new technology with the team and decide action jointly,,,TRUE,,,,,,,,,,,,,,,,,,,,,,,,,,,,,,,,,,,,,,,,,,,,,,,,,,,,,,,,,,,,,,,,,,,,,,,,,,,,,,,,,,,,,,,,,,,,,,,,
5047b55c-23d2-445a-90d1-58c5d344e526,exam-hall-05,SINGLE_CHOICE,DRAFT,,,An agile coach is counseling a large software organization that has been using waterfall methodology and now plans to start using agile or hybrid methodology. What would be a project manager's suggestion?,,,A,,"A.Continue using waterfall, since hybrid does not fit with the organizational structure.",,,FALSE,B,,"B.Start with agile and then move to hybrid, although agile takes time to implement.",,,TRUE,C,,C.Start using hybrid methodologies because waterfall knowledge is transferable.,,,FALSE,D,,"D.Start using hybrid, the more appropriate methodology for software organizations.",,,FALSE,,,,,,,,,,,,,,,,,,,,,,,,,,,,,,,,,,,,,,,,,,,,,,,,,,,,,,,,,,,,,,,,,,,,,,,,,,,,,,,,,,,,,,,,,,,,,,,,
a8e6ca0d-18e7-471e-9709-3a6df1cbf602,exam-hall-05,SINGLE_CHOICE,DRAFT,,,"A project manager is leading a team on a new development project. The team is made up of a diverse group of people with different personalities and work styles. The project manager is committed to creating a cohesive and productive team, so they decided to introduce the DISC behavior model to help team members understand each other better. Based on the DISC behavior model, which of the following characteristics best describes the Influence style?",,,A,,"A.Direct, result-oriented, and firm",,,FALSE,B,,"B.Outgoing, enthusiastic, optimistic",,,TRUE,C,,"C.Accommodating, patient, humble, tactful",,,FALSE,D,,"D.Analytical, reserved, and precise",,,FALSE,,,,,,,,,,,,,,,,,,,,,,,,,,,,,,,,,,,,,,,,,,,,,,,,,,,,,,,,,,,,,,,,,,,,,,,,,,,,,,,,,,,,,,,,,,,,,,,,
94905e0c-50b8-4cb0-918e-7f0b9b31e9ec,exam-hall-05,SINGLE_CHOICE,DRAFT,,,A project manager works for a global company and understands the importance of the requirement management plan. When should the requirement management plan be implemented?,,,A,,A.At the start of the project,,,FALSE,B,,B.Prior to executing,,,FALSE,C,,C.After customer contract signature,,,FALSE,D,,D.During the planning phase,,,TRUE,,,,,,,,,,,,,,,,,,,,,,,,,,,,,,,,,,,,,,,,,,,,,,,,,,,,,,,,,,,,,,,,,,,,,,,,,,,,,,,,,,,,,,,,,,,,,,,,
4c49082a-6a0d-4bec-a84e-f8b82bd75e79,exam-hall-05,MULTIPLE_CHOICE,DRAFT,,,"A project manager is assigned to a project that is already in progress because the original project manager left the organization unexpectedly. Unfortunately, the previous project manager did not adhere to the organization's knowledge transfer procedures prior to leaving the organization. What can the new project manager do to fill the knowledge gaps? (Choose 3)",,,A,,"A.Review the project documentation, including the project plan, requirements document, and risk register.",,,TRUE,B,,B.Proceed with the project as planned and engage in job shadowing activities.,,,FALSE,C,,C.Meet with key stakeholders to understand their expectations and priorities.,,,TRUE,D,,D.Interview team members to learn about their areas of expertise and experience with the project.,,,TRUE,E,,E.Reach out to the previous project manager and request a comprehensive knowledge transfer.,,,FALSE,,,,,,,,,,,,,,,,,,,,,,,,,,,,,,,,,,,,,,,,,,,,,,,,,,,,,,,,,,,,,,,,,,,,,,,,,,,,,,,,,,,,,,,,,,
2d65f20c-82ed-4116-bd2a-2e8cb69bef12,exam-hall-05,SINGLE_CHOICE,DRAFT,,,"In an agile environment, a project leader should always consider a time for open and free discussions between team members on how the team can increase their performance. Why is this practice important for the team?",,,A,,A.Teams should take actions to continuously increase productivity,,,FALSE,B,,B.Teams should continuously experiment new ways of doing things,,,FALSE,C,,C.Teams should continuously seek to improve their processes,,,TRUE,D,,D.Teams should continuously push their members to work harder,,,FALSE,,,,,,,,,,,,,,,,,,,,,,,,,,,,,,,,,,,,,,,,,,,,,,,,,,,,,,,,,,,,,,,,,,,,,,,,,,,,,,,,,,,,,,,,,,,,,,,,
279da1df-c5c9-4a7d-ae08-1c3ea5e93647,exam-hall-05,SINGLE_CHOICE,DRAFT,,,"A project manager is leading a project with a scope partially delivered by a vendor. The vendor's processes and tools differ from the project team's, which may pose a risk. How should the project manager mitigate this risk?",,,A,,A.Coach the internal project team to use the vendor's processes and tools.,,,FALSE,B,,B.Train the vendor to use the same processes and tools as the internal team.,,,FALSE,C,,C.Develop a strategy to align the internal and vendor processes and tools.,,,TRUE,D,,D.Recommend engaging a new vendor that uses the internal processes and tools.,,,FALSE,,,,,,,,,,,,,,,,,,,,,,,,,,,,,,,,,,,,,,,,,,,,,,,,,,,,,,,,,,,,,,,,,,,,,,,,,,,,,,,,,,,,,,,,,,,,,,,,
b3552fb3-2601-4826-96bf-ffc9baf390b8,exam-hall-05,MULTIPLE_CHOICE,DRAFT,,,A project is in the execution phase. Equipment and devices must be transported from the vendor's warehouse to the project site through five towns. Which stakeholders should the project manager involve in planning and executing a safe transport? (Choose 3).,,,A,,A.City councils,,,FALSE,B,,B.Project sponsor,,,TRUE,C,,C.Equipment installers,,,TRUE,D,,D.Equipment suppliers,,,TRUE,E,,E.Warehouse technician,,,FALSE,,,,,,,,,,,,,,,,,,,,,,,,,,,,,,,,,,,,,,,,,,,,,,,,,,,,,,,,,,,,,,,,,,,,,,,,,,,,,,,,,,,,,,,,,,
73e9ef28-9d2c-4f2f-af4b-b025eecb91cb,exam-hall-05,SINGLE_CHOICE,DRAFT,,,"A project requires the services of a specialized vendor to install a very complex and expensive piece of equipment. The project manager sent an email a week ago to a partner to request a specialist come on-site. Unfortunately, the vendor has not replied to confirm. What communication method was used in this case?",,,A,,A.Pull,,,FALSE,B,,B.Interactive,,,FALSE,C,,C.Push,,,TRUE,D,,D.Interpersonal,,,FALSE,,,,,,,,,,,,,,,,,,,,,,,,,,,,,,,,,,,,,,,,,,,,,,,,,,,,,,,,,,,,,,,,,,,,,,,,,,,,,,,,,,,,,,,,,,,,,,,,
2175ff48-83f2-4b2e-aa46-2f3e7733edd8,exam-hall-05,SINGLE_CHOICE,DRAFT,,,"A project manager is managing an agile project. A new team member, who has never worked in an agile team, joins the project. The new member asks the project manager to explain why an agile approach is used. What should the project manager's response be?",,,A,,A.To eliminate the risk and increase the predictability and visibility,,,FALSE,B,,B.To deliver value faster and change the scope based on feedback,,,TRUE,C,,C.To reduce the costs and increase the quality of the end deliverables,,,FALSE,D,,D.To eliminate the need for documentation by delivering working products,,,FALSE,,,,,,,,,,,,,,,,,,,,,,,,,,,,,,,,,,,,,,,,,,,,,,,,,,,,,,,,,,,,,,,,,,,,,,,,,,,,,,,,,,,,,,,,,,,,,,,,
3dda3da0-4433-4a4e-aa91-6acfad372798,exam-hall-05,SINGLE_CHOICE,DRAFT,,,"After an annual staff review, discussing project management and soft skills knowledge, the company made a decision to train all staff members to face new challenges. The method to train all staff members will be on a website where all content, exams,  templates, and other organizational assets are available. What method is being used for training purposes?",,,A,,A.Pull,,,TRUE,B,,B.Push,,,FALSE,C,,C.Interactive,,,FALSE,D,,D.Interpersonal,,,FALSE,,,,,,,,,,,,,,,,,,,,,,,,,,,,,,,,,,,,,,,,,,,,,,,,,,,,,,,,,,,,,,,,,,,,,,,,,,,,,,,,,,,,,,,,,,,,,,,,
b58b43f9-c047-463a-9145-73286858161e,exam-hall-05,MULTIPLE_CHOICE,DRAFT,,,A project steering group has made a decision to change the vendor that will deliver a component of a project. Which of the following activities should be included in the handover? (Choose 2).,,,A,,A.The old vendor should provide training for the new one and assist with the transition.,,,TRUE,B,,B.Both vendors should provide additional incentives for staff during the transition.,,,FALSE,C,,C.The new vendor should take over activities as per the existing project plan.,,,FALSE,D,,D.The new vendor should shadow the old vendor to ensure knowledge transfer.,,,TRUE,,,,,,,,,,,,,,,,,,,,,,,,,,,,,,,,,,,,,,,,,,,,,,,,,,,,,,,,,,,,,,,,,,,,,,,,,,,,,,,,,,,,,,,,,,,,,,,,
0eb65e4c-80d8-4371-bcd5-3bb4cff515af,exam-hall-05,MULTIPLE_CHOICE,DRAFT,,,A project manager is working on a large business transformation project. All of the build deliverables were signed off and the project manager is managing the transition to BAU (Business as Usual). Which of the following are important operational readiness considerations that the project manager needs to consider? (Choose 2).,,,A,,A.A cheat sheet for core functionality is provided and self training is encouraged.,,,FALSE,B,,B.Formal training and access to documentation should be provided to all users.,,,TRUE,C,,C.Responsibility and accountability are formally handed over to operational teams.,,,TRUE,D,,D.The project team remains responsible for operational support during BAU.,,,FALSE,,,,,,,,,,,,,,,,,,,,,,,,,,,,,,,,,,,,,,,,,,,,,,,,,,,,,,,,,,,,,,,,,,,,,,,,,,,,,,,,,,,,,,,,,,,,,,,,
416da742-8eec-41fe-a206-25de465beb1a,exam-hall-05,SINGLE_CHOICE,DRAFT,,,"While developing the stakeholder management plan for a large project, a project manager organizes a workshop to identify and assess stakeholder power and influence. Due to time constraints, the workshop can only be one day long. What should the project manager do to achieve this goal within the workshop timeframe?",,,A,,A.Use a Power-Interest Matrix,,,TRUE,B,,B.Use Nominal Group Technique,,,FALSE,C,,C.Use a Stakeholder Cube Model,,,FALSE,D,,D.Use a Pareto Diagram,,,FALSE,,,,,,,,,,,,,,,,,,,,,,,,,,,,,,,,,,,,,,,,,,,,,,,,,,,,,,,,,,,,,,,,,,,,,,,,,,,,,,,,,,,,,,,,,,,,,,,,
3a7594be-d6f9-4484-abf4-db6534ff5af9,exam-hall-05,MULTIPLE_CHOICE,DRAFT,,,In the Project team meeting the team members are complaining of a drop in motivation and that they don't feel that their efforts are appreciated. You decided to build and present the team as a high performance team to the organization. Which of the following attributes of the organizational environment and managerial style will lead to a high performance team? Select 3,,,A,,A.Personal Driving Forces.,,,TRUE,B,,B.Work Challenge Dividend.,,,TRUE,C,,C.Progressive Financial Rewards.,,,FALSE,D,,D.Stimulating Environment.,,,TRUE,E,,E.Problem Solving Techniques,,,FALSE,F,,F.Theory of Constraints,,,FALSE,,,,,,,,,,,,,,,,,,,,,,,,,,,,,,,,,,,,,,,,,,,,,,,,,,,,,,,,,,,,,,,,,,,,,,,,,,,,,,,,,,,,
6e861dd4-30c5-4bf6-ace0-f3d18d1cf7b8,exam-hall-05,SINGLE_CHOICE,DRAFT,,,A project manager decided to involve a third party to manage project risk given that they had more experience than the current project team. What kind of response strategy did the project manager apply to address overall project risk?,,,A,,A.Avoid,,,FALSE,B,,B.Exploit,,,FALSE,C,,C.Transfer,,,TRUE,D,,D.Reduce,,,FALSE,,,,,,,,,,,,,,,,,,,,,,,,,,,,,,,,,,,,,,,,,,,,,,,,,,,,,,,,,,,,,,,,,,,,,,,,,,,,,,,,,,,,,,,,,,,,,,,,
00e7dd07-5187-4426-997a-d9a381002819,exam-hall-05,MULTIPLE_CHOICE,DRAFT,,,"An internal project has delivered its scope on time, within budget, and with the expected quality. The client was satisfied with the result and it enabled them to launch the new product to market. However, the product did not attract the expected interest and did not cover the investment made. The project team is aware of these results and it is impacting their morale to deliver the next project. How should the project manager handle this situation? Choose 2 answers.",,,A,,A.Have a discussion with the team to explain that the product success is not a direct result of the project and it does not reflect their performance,,,TRUE,B,,B.Have a meeting with the business to make sure they understand the project met its objectives,,,FALSE,C,,"C.No action is necessary, as the project manager is only responsible for the project deliverables.",,,FALSE,D,,D.Have a conversation with the business sponsor to validate the strategy for the new project based on this result.,,,TRUE,,,,,,,,,,,,,,,,,,,,,,,,,,,,,,,,,,,,,,,,,,,,,,,,,,,,,,,,,,,,,,,,,,,,,,,,,,,,,,,,,,,,,,,,,,,,,,,,
02f81877-7f2f-426b-a0a0-1018bc8b0326,exam-hall-05,MULTIPLE_CHOICE,DRAFT,,,What is the difference between risks and issues? (Choose two).,,,A,,A.Risks are uncertain and issues are certain.,,,TRUE,B,,B.Risks are certain and issues are uncertain.,,,FALSE,C,,C.Risks have occurred and issues may not occur.,,,FALSE,D,,D.Risks may not occur and an issue has occurred.,,,TRUE,,,,,,,,,,,,,,,,,,,,,,,,,,,,,,,,,,,,,,,,,,,,,,,,,,,,,,,,,,,,,,,,,,,,,,,,,,,,,,,,,,,,,,,,,,,,,,,,
42bb8210-2a17-4417-bc0b-afe828078850,exam-hall-05,SINGLE_CHOICE,DRAFT,,,Which one of the following is not a Resource-Based Power in relation to mega projects?,,,A,,A.Recruiting on a contractual basis,,,FALSE,B,,B.Recruiting expert talents,,,FALSE,C,,C.Recruitment on the basis of secondment,,,FALSE,D,,D.Recruitment via Direct Control,,,TRUE,,,,,,,,,,,,,,,,,,,,,,,,,,,,,,,,,,,,,,,,,,,,,,,,,,,,,,,,,,,,,,,,,,,,,,,,,,,,,,,,,,,,,,,,,,,,,,,,
118bfbd8-01d9-48cd-85cc-f2ba0d463db6,exam-hall-05,SINGLE_CHOICE,DRAFT,,,A project manager in an organization is considering implementing an agile project delivery. The organization has a strong project management office (PMO) and a well-defined change control process. What key aspect of agile project delivery should the project manager emphasize as the most compelling argument for its adoption?,,,A,,A.Agile delivery can improve quality through incremental delivery and efficient defect repair.,,,FALSE,B,,B.Agile teams offer flexibility in accommodating planned changes while streamlining the approval process.,,,FALSE,C,,"C.The product owner utilizes a list known as the backlog to prioritize work items, including planned changes.",,,FALSE,D,,D.Agile delivery is well-suited for handling unforeseen changes and shifting business expectations.,,,TRUE,,,,,,,,,,,,,,,,,,,,,,,,,,,,,,,,,,,,,,,,,,,,,,,,,,,,,,,,,,,,,,,,,,,,,,,,,,,,,,,,,,,,,,,,,,,,,,,,
4416ac05-34a8-485c-9576-b0c38e128902,exam-hall-05,MULTIPLE_CHOICE,DRAFT,,,"A project manager is assigned to a very complex and technical project. The project manager is currently working on the resources plan, and intends to recommend to the project sponsor that external resources should be used instead. What risks can be mitigated using one or more vendors to deliver components of the project? (Choose 3).",,,A,,A.Financial,,,TRUE,B,,B.Schedule,,,TRUE,C,,C.Technical,,,FALSE,D,,D.Political,,,TRUE,E,,E.Scope,,,FALSE,,,,,,,,,,,,,,,,,,,,,,,,,,,,,,,,,,,,,,,,,,,,,,,,,,,,,,,,,,,,,,,,,,,,,,,,,,,,,,,,,,,,,,,,,,
1886b00a-e185-4bf7-982a-3e3911cd2a9b,exam-hall-05,SINGLE_CHOICE,DRAFT,,,What tool should a project manager incorporate to better identify and respond to common stakeholder resistance to change challenges?,,,A,,A.Change management,,,TRUE,B,,B.Risk management,,,FALSE,C,,C.Stakeholder management,,,FALSE,D,,D.Communication management,,,FALSE,,,,,,,,,,,,,,,,,,,,,,,,,,,,,,,,,,,,,,,,,,,,,,,,,,,,,,,,,,,,,,,,,,,,,,,,,,,,,,,,,,,,,,,,,,,,,,,,
bd96b825-dcd1-40f0-948d-8b11fea06ca6,exam-hall-05,SINGLE_CHOICE,DRAFT,,,"There is a variety of communication styles along a continuum that includes passive at one end – expressive in the middle – aggressive at the other end. As a project manager, which is the best style for success in communications with stakeholders?",,,A,,A.Passive,,,FALSE,B,,B.Aggressive,,,FALSE,C,,C.Passive-Aggressive,,,FALSE,D,,D.Expressive,,,TRUE,,,,,,,,,,,,,,,,,,,,,,,,,,,,,,,,,,,,,,,,,,,,,,,,,,,,,,,,,,,,,,,,,,,,,,,,,,,,,,,,,,,,,,,,,,,,,,,,
bf7a160b-3235-4647-915f-6aa61c9e99ed,exam-hall-05,SINGLE_CHOICE,DRAFT,,,"An experienced project manager is managing a multi-million dollar agile project. The project manager communicates the ground rules to the team, but after 12 iterations, the project manager starts noticing that some team members are not following the ground rules. What should the project manager do first to ensure team adherence to the ground rules? What should the project manager do first to ensure team adherence to the ground rules?",,,A,,A.Contact human resources to request a written warning letter be sent to team members not following the ground rules.,,,FALSE,B,,B.Ask the functional manager to replace team members not following the ground rules.,,,FALSE,C,,C.Schedule a meeting with the project team to reinforce the ground rules.,,,TRUE,D,,D.Notify the project sponsor about this behavior and ask the sponsor to take disciplinary action.,,,FALSE,,,,,,,,,,,,,,,,,,,,,,,,,,,,,,,,,,,,,,,,,,,,,,,,,,,,,,,,,,,,,,,,,,,,,,,,,,,,,,,,,,,,,,,,,,,,,,,,
42d9e30f-6270-4166-a2ab-acb8477270ad,exam-hall-05,SINGLE_CHOICE,DRAFT,,,"A project manager is working with a Scrum team that is continually missing deadlines. The steering committee is concerned about the project as it is not clear that it will deliver the expected value. After some analysis, the project manager discovers there is a mismatch of competencies in one of the teams. What should the project manager do?",,,A,,A.Accept the risk of the project missing deadlines due to the mismatch.,,,FALSE,B,,B.Provide appropriate training to compensate for the mismatch.,,,TRUE,C,,C.Update the project schedule to reflect the delay.,,,FALSE,D,,D.Emphasize to the teams the importance of meeting the agreed deadlines.,,,FALSE,,,,,,,,,,,,,,,,,,,,,,,,,,,,,,,,,,,,,,,,,,,,,,,,,,,,,,,,,,,,,,,,,,,,,,,,,,,,,,,,,,,,,,,,,,,,,,,,
7858b9b8-82aa-4cf7-87b1-3f8c3fb485d8,exam-hall-05,SINGLE_CHOICE,DRAFT,,,A team has been working for two months and has consistently missed planned user stories. How should the project manager address this issue?,,,A,,A.Promote changing the iteration duration in order to commit as planned.,,,FALSE,B,,B.Ensure the sprint size is appropriate for the iteration duration.,,,TRUE,C,,C.Engage in recruiting a highly skilled resource to reinforce the skills.,,,FALSE,D,,D.Consider using a reward system to encourage timely delivery.,,,FALSE,,,,,,,,,,,,,,,,,,,,,,,,,,,,,,,,,,,,,,,,,,,,,,,,,,,,,,,,,,,,,,,,,,,,,,,,,,,,,,,,,,,,,,,,,,,,,,,,
f25d24fe-a54b-409e-aa69-f26b753b69fd,exam-hall-05,SINGLE_CHOICE,DRAFT,,,A project manager is managing a project with a hybrid approach and has requested a senior team member to perform a quantitative risk analysis. The team member responds that they do not have the knowledge to perform such an analysis. What should the project manager do?,,,A,,A.Escalate the issue to the functional manager.,,,FALSE,B,,B.Contact the project management office (PMO) and request them to assign another team member who has the knowledge to perform this task to the team.,,,FALSE,C,,"C.Help the team member to perform the quantitative risk analysis through coaching, mentoring, and training.",,,TRUE,D,,D.Perform the quantitative risk analysis for the team member.,,,FALSE,,,,,,,,,,,,,,,,,,,,,,,,,,,,,,,,,,,,,,,,,,,,,,,,,,,,,,,,,,,,,,,,,,,,,,,,,,,,,,,,,,,,,,,,,,,,,,,,
3fd87dd0-9ca8-41d2-8822-c01f76b11563,exam-hall-05,SINGLE_CHOICE,DRAFT,,,A new warehouse facility is under construction. The project manager implements team development efforts such as training that will result in a lower defect ratio. What should the project manager do next?,,,A,,A.Introduce a training program.,,,FALSE,B,,B.Update the resource management plan.,,,TRUE,C,,C.Increase quality control reviews.,,,FALSE,D,,D.Add training costs to the budget.,,,FALSE,,,,,,,,,,,,,,,,,,,,,,,,,,,,,,,,,,,,,,,,,,,,,,,,,,,,,,,,,,,,,,,,,,,,,,,,,,,,,,,,,,,,,,,,,,,,,,,,
544e8bc0-a723-44e9-b45e-b04af5e47d49,exam-hall-05,SINGLE_CHOICE,DRAFT,,,"A project manager is creating a software project's quality management plan. While reviewing lessons learned from past, similar projects, the project manager discovers that rework due to quality issues resulted in cost overruns. What should the project manager do to ensure that quality is addressed throughout the software development life cycle?",,,A,,A.Conduct recurring retrospectives to regularly check on the effectiveness of quality processes.,,,TRUE,B,,B.Assign a resource to focus solely on the project’s quality.,,,FALSE,C,,C.Ensure that quality is tied to performance reviews.,,,FALSE,D,,D.Identify new quality policies and procedures for the project.,,,FALSE,,,,,,,,,,,,,,,,,,,,,,,,,,,,,,,,,,,,,,,,,,,,,,,,,,,,,,,,,,,,,,,,,,,,,,,,,,,,,,,,,,,,,,,,,,,,,,,,
70fd18eb-b837-4a0e-ba81-3264c81d4588,exam-hall-05,SINGLE_CHOICE,DRAFT,,,"A newly-hired project manager is running a project for the first time and is worried about rising tensions. Project team members are arguing during an effort-intensive phase and stakeholders have voiced some doubts about the project's performance. In a discussion with a senior project manager, the new project manager admits that they have a fear of conflict and asks the senior project manager how they perceive conflict. How should the senior project manager respond?",,,A,,A.Conflict in projects is inevitable - focus on managing it.,,,TRUE,B,,B.Conflict in projects is preventable - replan the mitigation.,,,FALSE,C,,C.Conflict in projects is disastrous - prepare a recovery plan.,,,FALSE,D,,D.Conflict in projects is healthy - refrain from interfering.,,,FALSE,,,,,,,,,,,,,,,,,,,,,,,,,,,,,,,,,,,,,,,,,,,,,,,,,,,,,,,,,,,,,,,,,,,,,,,,,,,,,,,,,,,,,,,,,,,,,,,,
1e13bfd6-6110-46aa-94c5-fbc946e42245,exam-hall-05,SINGLE_CHOICE,DRAFT,,,"A new graduate recently joined a mature agile R&D team. A mentor, assigned to work with the graduate, is overwhelmed by the extra workload. Team performance and motivation are dropping. How can the project manager help with this situation?",,,A,,"A.Maintain a laissez-faire leadership style with the team, but use a transactional style to give firm guidance to the graduate.",,,TRUE,B,,B.Ask the mentor to use a collaborative servant leader approach to perform the usual duties along with the mentor role.,,,FALSE,C,,C.Cancel the mentor plan and focus on keeping the graduate motivated by learning through an intensive immersion.,,,FALSE,D,,D.Ask three more team members to share the mentor role in order to reduce the individual mentor workload by 75%.,,,FALSE,,,,,,,,,,,,,,,,,,,,,,,,,,,,,,,,,,,,,,,,,,,,,,,,,,,,,,,,,,,,,,,,,,,,,,,,,,,,,,,,,,,,,,,,,,,,,,,,
a0bd3293-a41a-4b2d-a6fe-4d05cea3578a,exam-hall-05,SINGLE_CHOICE,DRAFT,,,A project team is faced with deciding on the next steps to take in order to address recently identified tasks schedule delays. The project manager expects team members to make the appropriate decisions for their respectively assigned tasks and proceed to implement them. Which type of leadership style is the project manager using in this instance?,,,A,,A.Democratic,,,FALSE,B,,B.Autocratic,,,FALSE,C,,C.Free rein,,,TRUE,D,,D.Smoothing,,,FALSE,,,,,,,,,,,,,,,,,,,,,,,,,,,,,,,,,,,,,,,,,,,,,,,,,,,,,,,,,,,,,,,,,,,,,,,,,,,,,,,,,,,,,,,,,,,,,,,,
1650e858-bae1-4e8b-8006-a2b45efb1731,exam-hall-05,SINGLE_CHOICE,DRAFT,,,"A project team is in the process of identifying the benefits associated with two projects in order to choose the one that will deliver more business value. The task involves analyzing which project best helps the company meet its compliance and regulatory requirements, as well as improve customer satisfaction. Which of the following best describes the category of the benefits being analyzed in this task?",,,A,,A.Quantitative benefit,,,FALSE,B,,B.Qualitative benefit,,,TRUE,C,,C.Quality benefit,,,FALSE,D,,D.Real benefit,,,FALSE,,,,,,,,,,,,,,,,,,,,,,,,,,,,,,,,,,,,,,,,,,,,,,,,,,,,,,,,,,,,,,,,,,,,,,,,,,,,,,,,,,,,,,,,,,,,,,,,
14610200-6100-4476-ba07-b293dbdfd282,exam-hall-05,SINGLE_CHOICE,DRAFT,,,A project is set to install three MRI units in a hospital; one unit has passed acceptance testing and two are under construction. The client requests a change order to add a fourth unit with slightly different requirements. What should the project manager do to accurately estimate the additional unit's delivery?,,,A,,A.Rely on historical data from similar projects.,,,FALSE,B,,B.Break the work down into smaller tasks and estimate each individually.,,,TRUE,C,,C.Use industry formulas or models based on project characteristics.,,,FALSE,D,,D. Compare the new unit to the existing ones and adjust the existing estimates.,,,FALSE,,,,,,,,,,,,,,,,,,,,,,,,,,,,,,,,,,,,,,,,,,,,,,,,,,,,,,,,,,,,,,,,,,,,,,,,,,,,,,,,,,,,,,,,,,,,,,,,
43eeca7e-4d2b-4e2c-912f-3e8c65ff5df2,exam-hall-05,SINGLE_CHOICE,DRAFT,,,"A project manager is leading a project team composed of members from different departments, including engineering, marketing, and sales. During the development process, a conflict arises between the engineering and marketing teams. The engineering team is focused on delivering the product on time and within budget, while the marketing team is focused on ensuring that the product meets the needs of the target market. What should the project manager do?",,,A,,A.Suggest that the engineering and marketing teams each give up something to reach an agreement.,,,FALSE,B,,B.Suggest that the engineering and marketing teams work together to find a solution that works for both teams.,,,TRUE,C,,C.Suggest that the engineering team is correct and ensure that the product is delivered on time and within budget.,,,FALSE,D,,D.Suggest that the engineering and marketing teams compete to see who can come up with the best solution.,,,FALSE,,,,,,,,,,,,,,,,,,,,,,,,,,,,,,,,,,,,,,,,,,,,,,,,,,,,,,,,,,,,,,,,,,,,,,,,,,,,,,,,,,,,,,,,,,,,,,,,
f8a1b16e-a37f-4d41-a030-b8222f221fde,exam-hall-05,SINGLE_CHOICE,DRAFT,,,A project team is working on determining the dependencies for activities for an ongoing project. What action should the project team take first to manage dependencies successfully?,,,A,,A.Monitor and track the dependencies.,,,FALSE,B,,B.Communicate the dependencies to the sponsor.,,,FALSE,C,,C.Assess and document the dependencies.,,,TRUE,D,,D.Appoint project schedulers for all tasks.,,,FALSE,,,,,,,,,,,,,,,,,,,,,,,,,,,,,,,,,,,,,,,,,,,,,,,,,,,,,,,,,,,,,,,,,,,,,,,,,,,,,,,,,,,,,,,,,,,,,,,,
2c67e326-db5f-4a9a-9d56-3d46681ab39e,exam-hall-05,SINGLE_CHOICE,DRAFT,,,A project manager is in a successful automotive company with high quality standards. The project manager needs to ensure that they create a high-quality WBS. Which of the following is not a key characteristic of a high quality WBS?,,,A,,A.Deliverable oriented,,,FALSE,B,,B.Hierarchical,,,FALSE,C,,C.The 100% rule,,,FALSE,D,,D.Customer focused,,,TRUE,,,,,,,,,,,,,,,,,,,,,,,,,,,,,,,,,,,,,,,,,,,,,,,,,,,,,,,,,,,,,,,,,,,,,,,,,,,,,,,,,,,,,,,,,,,,,,,,
ec7425a9-9cf2-4ed0-b0bf-727a86f98ffd,exam-hall-05,SINGLE_CHOICE,DRAFT,,,Which of the following project artifacts do not utilize the WBS as an input?,,,A,,A.Project schedule,,,FALSE,B,,B.Project scope,,,TRUE,C,,C.Risk management plan,,,FALSE,D,,D.Quality plan,,,FALSE,,,,,,,,,,,,,,,,,,,,,,,,,,,,,,,,,,,,,,,,,,,,,,,,,,,,,,,,,,,,,,,,,,,,,,,,,,,,,,,,,,,,,,,,,,,,,,,,
0826b709-b1d7-4403-8cd6-50d87c3df406,exam-hall-05,SINGLE_CHOICE,DRAFT,,,"In a program, several groups are identifying problem solving techniques and each group presents a proposal. Among those listed, which is valid?",,,A,,A.Performing project health checks,,,FALSE,B,,B.Reading literature related to your industry,,,FALSE,C,,C.Establishing a project suggestion box,,,FALSE,D,,D.All of the above,,,TRUE,,,,,,,,,,,,,,,,,,,,,,,,,,,,,,,,,,,,,,,,,,,,,,,,,,,,,,,,,,,,,,,,,,,,,,,,,,,,,,,,,,,,,,,,,,,,,,,,
ba9268f4-9b42-45ca-b65b-99e90105381f,exam-hall-05,MULTIPLE_CHOICE,DRAFT,,,A project manager is leading a project with 34 team members from six countries. The scope of the project is to modernize a process used for almost 40 years in the organization. What criteria should the project manager consider while developing the communication plan? (Choose 3).,,,A,,A.Personal diversity,,,TRUE,B,,B.Age diversity,,,FALSE,C,,C.Cultural diversity,,,TRUE,D,,D.Skill diversity,,,TRUE,,,,,,,,,,,,,,,,,,,,,,,,,,,,,,,,,,,,,,,,,,,,,,,,,,,,,,,,,,,,,,,,,,,,,,,,,,,,,,,,,,,,,,,,,,,,,,,,
741ffe0f-a2c9-4d71-8866-c975b8cd4d51,exam-hall-05,SINGLE_CHOICE,DRAFT,,,"After consultation with executive stakeholders, it was decided that the project manager would replace a vendor while the project is in the execution phase. The new vendor simply has more domain knowledge and was not identified earlier, but is probably the right vendor candidate now. Which of the following documents would contain the best information for the new vendor?",,,A,,A.Request for Information (RFI),,,FALSE,B,,B.Request for Quote (RFQ),,,FALSE,C,,C.Request for Proposal (RFP),,,TRUE,D,,D.Request for Contract (RFC),,,FALSE,,,,,,,,,,,,,,,,,,,,,,,,,,,,,,,,,,,,,,,,,,,,,,,,,,,,,,,,,,,,,,,,,,,,,,,,,,,,,,,,,,,,,,,,,,,,,,,,
e4382812-e724-48fa-8ba5-90deb9d3a85b,exam-hall-05,SINGLE_CHOICE,DRAFT,,,"During the weekly meeting, team members are reviewing the tasks assigned by the Project Manager. A few team members are complaining that there is not enough information to estimate how long it will take to complete the work. What is the most likely cause for this issue?",,,A,,A.Project objectives are not clearly defined,,,TRUE,B,,B.The business environment is very dynamic,,,FALSE,C,,C.Internal competition between team members,,,FALSE,D,,D.Roles & Responsibilities are not clearly defined,,,FALSE,,,,,,,,,,,,,,,,,,,,,,,,,,,,,,,,,,,,,,,,,,,,,,,,,,,,,,,,,,,,,,,,,,,,,,,,,,,,,,,,,,,,,,,,,,,,,,,,
e2d46c45-2256-4749-837c-81ca46440846,exam-hall-05,SINGLE_CHOICE,DRAFT,,,"You are managing a complex project with a large number of stakeholders. You decided to use the Salience Model to identify and group the most important stakeholders based on their power, urgency and legitimacy. Which of the following aspects is the most important in this instance?",,,A,,A.Dominant,,,FALSE,B,,B.Dependent,,,FALSE,C,,C.Demanding,,,FALSE,D,,D.Definitive,,,TRUE,,,,,,,,,,,,,,,,,,,,,,,,,,,,,,,,,,,,,,,,,,,,,,,,,,,,,,,,,,,,,,,,,,,,,,,,,,,,,,,,,,,,,,,,,,,,,,,,
603d30d9-e1ac-44dc-88da-cb0fc1ea1240,exam-hall-05,SINGLE_CHOICE,DRAFT,,,"At the midway point of a project, the project manager was informed of a market movement that would make the project results useless to the client. This information could cause the project to be cancelled or at least a big change on the scope and desired outcome. What should the project manager do next?",,,A,,A.Prepare all status reports and demos to keep the client focused on the project execution that has been successful.,,,FALSE,B,,"B.Have a transparent discussion with the project sponsor, offering support on the strategy evaluation if needed.",,,TRUE,C,,"C.Continue working on the project execution, as the business strategy is not responsibility of the project manager.",,,FALSE,D,,"D.Halt the project immediately, as the project manager knows it will be useless to the client.",,,FALSE,,,,,,,,,,,,,,,,,,,,,,,,,,,,,,,,,,,,,,,,,,,,,,,,,,,,,,,,,,,,,,,,,,,,,,,,,,,,,,,,,,,,,,,,,,,,,,,,
948f7f9a-0549-4f04-bd7e-73fd9ed2a81e,exam-hall-05,SINGLE_CHOICE,DRAFT,,,Which of the following is different to the other options for managing external stakeholders in mega projects?,,,A,,A.Persuasion,,,FALSE,B,,B.Deputation,,,FALSE,C,,C.Give and take,,,FALSE,D,,D.Strict orders,,,TRUE,,,,,,,,,,,,,,,,,,,,,,,,,,,,,,,,,,,,,,,,,,,,,,,,,,,,,,,,,,,,,,,,,,,,,,,,,,,,,,,,,,,,,,,,,,,,,,,,
