external_id,topic_slug,type,status,content_vi,explanation_vi,content_en,explanation_en,media_ids,option_1_label,option_1_content_vi,option_1_content_en,option_1_match_vi,option_1_match_en,option_1_correct,option_2_label,option_2_content_vi,option_2_content_en,option_2_match_vi,option_2_match_en,option_2_correct,option_3_label,option_3_content_vi,option_3_content_en,option_3_match_vi,option_3_match_en,option_3_correct,option_4_label,option_4_content_vi,option_4_content_en,option_4_match_vi,option_4_match_en,option_4_correct,option_5_label,option_5_content_vi,option_5_content_en,option_5_match_vi,option_5_match_en,option_5_correct,option_6_label,option_6_content_vi,option_6_content_en,option_6_match_vi,option_6_match_en,option_6_correct,option_7_label,option_7_content_vi,option_7_content_en,option_7_match_vi,option_7_match_en,option_7_correct,option_8_label,option_8_content_vi,option_8_content_en,option_8_match_vi,option_8_match_en,option_8_correct,option_9_label,option_9_content_vi,option_9_content_en,option_9_match_vi,option_9_match_en,option_9_correct,option_10_label,option_10_content_vi,option_10_content_en,option_10_match_vi,option_10_match_en,option_10_correct,option_11_label,option_11_content_vi,option_11_content_en,option_11_match_vi,option_11_match_en,option_11_correct,option_12_label,option_12_content_vi,option_12_content_en,option_12_match_vi,option_12_match_en,option_12_correct,option_13_label,option_13_content_vi,option_13_content_en,option_13_match_vi,option_13_match_en,option_13_correct,option_14_label,option_14_content_vi,option_14_content_en,option_14_match_vi,option_14_match_en,option_14_correct,option_15_label,option_15_content_vi,option_15_content_en,option_15_match_vi,option_15_match_en,option_15_correct,option_16_label,option_16_content_vi,option_16_content_en,option_16_match_vi,option_16_match_en,option_16_correct,option_17_label,option_17_content_vi,option_17_content_en,option_17_match_vi,option_17_match_en,option_17_correct,option_18_label,option_18_content_vi,option_18_content_en,option_18_match_vi,option_18_match_en,option_18_correct,option_19_label,option_19_content_vi,option_19_content_en,option_19_match_vi,option_19_match_en,option_19_correct,option_20_label,option_20_content_vi,option_20_content_en,option_20_match_vi,option_20_match_en,option_20_correct
24eee5ae-ae67-4db7-a7ac-f5a9f86bdd62,exam-hall-04,SINGLE_CHOICE,DRAFT,,,"The first version delivered to the quality control team has poor performance, and the testers are complaining that they cannot complete all the test cases as planned. Which is a tool to help to monitor performance?",,,A,,A.Run Chart,,,TRUE,B,,B.Data Flow Diagram,,,FALSE,C,,C.Flow Chart,,,FALSE,D,,D.Non-Control Chart,,,FALSE,,,,,,,,,,,,,,,,,,,,,,,,,,,,,,,,,,,,,,,,,,,,,,,,,,,,,,,,,,,,,,,,,,,,,,,,,,,,,,,,,,,,,,,,,,,,,,,,
321c8390-c3da-472f-ac67-be2f88c27537,exam-hall-04,SINGLE_CHOICE,DRAFT,,,A project manager for a small company is assigned to a project with a scope that is complex and new. The program manager recommends creating a team with individuals that can offer complementary expertise. What are the characteristics of the network that should be built?,,,A,,"A.Central coordination, team members with internal and external stakeholders, all participants abiding to the work agreement and set of rules",,,FALSE,B,,"B.Self-organized, team members with internal and external stakeholders, all participants abiding to the work agreement and set of rules",,,TRUE,C,,"C.Self-organized, team members with internal stakeholders, all participants abiding to the work agreement and set of rules",,,FALSE,D,,"D.Central coordination, team members with internal stakeholders, all participants abiding to the work agreement and set of rules",,,FALSE,,,,,,,,,,,,,,,,,,,,,,,,,,,,,,,,,,,,,,,,,,,,,,,,,,,,,,,,,,,,,,,,,,,,,,,,,,,,,,,,,,,,,,,,,,,,,,,,
5afedc36-a429-49fc-ba24-2e3ef819e8f0,exam-hall-04,SINGLE_CHOICE,DRAFT,,,"In the middle of project execution, the project sponsor leaves, and a new sponsor is assigned. The new sponsor is requesting major revisions to the deliverables. What should the project manager do?",,,A,,A.Implement all the changes to the deliverables.,,,FALSE,B,,B.Request additional resources to adjust the deliverables.,,,FALSE,C,,C.Evaluate the possible impacts of the changes.,,,TRUE,D,,D.Extend the project timeline to include the changes.,,,FALSE,,,,,,,,,,,,,,,,,,,,,,,,,,,,,,,,,,,,,,,,,,,,,,,,,,,,,,,,,,,,,,,,,,,,,,,,,,,,,,,,,,,,,,,,,,,,,,,,
a5a12b53-8951-4175-8524-6767a2e9f831,exam-hall-04,SINGLE_CHOICE,DRAFT,,,A new Scrum project manager at a company is contracted to build a traffic measurement and control application for a municipality. The project manager is notified that the municipality has just rejected the traffic measurement portion of the application because it does not comply with longstanding national regulations. What should the project manager have done to avoid this situation?,,,A,,A.Requested that the product owner handle the regulation compliance.,,,FALSE,B,,B.Allocated an experienced team member to validate regulatory compliance.,,,TRUE,C,,C.Made the scrum master solely responsible for regulatory compliance.,,,FALSE,D,,D.Discussed the importance of regulation compliance with the sponsor.,,,FALSE,,,,,,,,,,,,,,,,,,,,,,,,,,,,,,,,,,,,,,,,,,,,,,,,,,,,,,,,,,,,,,,,,,,,,,,,,,,,,,,,,,,,,,,,,,,,,,,,
883b86d6-0166-4c3d-9a3f-4ce0419ed209,exam-hall-04,SINGLE_CHOICE,DRAFT,,,A company has decided to form agile teams within the organization to improve project results and take advantage of new opportunities in the market. A project manager with extensive agile experience was recruited to oversee the process. What should the project manager do first?,,,A,,"A.Recruit, appoint, and evaluate new agile project practitioners.",,,FALSE,B,,B.Implement an agile project management office (PMO).,,,FALSE,C,,C.Determine the criteria for when to launch agile projects.,,,TRUE,D,,D.Perform a retrospective analysis of prior project experiences.,,,FALSE,,,,,,,,,,,,,,,,,,,,,,,,,,,,,,,,,,,,,,,,,,,,,,,,,,,,,,,,,,,,,,,,,,,,,,,,,,,,,,,,,,,,,,,,,,,,,,,,
d12eda94-f212-4609-b166-5c5d1283d874,exam-hall-04,SINGLE_CHOICE,DRAFT,,,"A large-scale, multiyear transformation project was completed as per the defined requirements and within the approved budget and schedule. The requirements were also validated and confirmed by the business. However, the post-delivery analysis of the project revealed that the project did not provide benefits as expected. What should the project manager have done to avoid this?",,,A,,A.Ensured the requirements were properly captured in the product backlog.,,,FALSE,B,,B.Created a business strategy to assist with organizational change management.,,,FALSE,C,,C.Improved the status reporting processes to highlight specific project results.,,,FALSE,D,,D.Measured and demonstrated business value throughout the project lifecycle.,,,TRUE,,,,,,,,,,,,,,,,,,,,,,,,,,,,,,,,,,,,,,,,,,,,,,,,,,,,,,,,,,,,,,,,,,,,,,,,,,,,,,,,,,,,,,,,,,,,,,,,
47d4fad3-dc36-4a55-b468-a0091b970183,exam-hall-04,SINGLE_CHOICE,DRAFT,,,"A project manager is managing a hybrid project with a fixed time and fixed price agreement. The project manager is having difficulty getting the team to submit their time sheets. The feedback received from the team is that work will be delivered every two weeks, so no time sheets are required. However, the project manager needs the time sheets to complete a cost assessment of the project. What should the project manager do to ensure all team members submit their time sheets as required?",,,A,,A.Ask the project management office (PMO) to ensure the team submits their time sheets.,,,FALSE,B,,B.Send a weekly reminder to each team member notifying them to submit their time sheets.,,,FALSE,C,,C.Explain the impact of not submitting time sheets on the project's cost assessment.,,,TRUE,D,,D.Change the submission frequency for the time sheets from biweekly to weekly.,,,FALSE,,,,,,,,,,,,,,,,,,,,,,,,,,,,,,,,,,,,,,,,,,,,,,,,,,,,,,,,,,,,,,,,,,,,,,,,,,,,,,,,,,,,,,,,,,,,,,,,
0619f12b-fa14-4f82-abee-169c4fb94351,exam-hall-04,MULTIPLE_CHOICE,DRAFT,,,"A department store chain is in the implementation stage of a project to replace the payment systems across all of its stores in multiple countries. The project planning followed a predictive approach, and implementation is based on multiple iterations for each country. Implementation in country C is stalled due to new laws regulating the security of the new payment solution implementation. Which two actions should the project manager take to avoid a significant delay on the project? (Choose two)",,,A,,A.Monitor compliance with the laws of each country continuously during planning and after implementation in each country.,,,TRUE,B,,B.Document the legal compliance risks in the project management plan for country C in the implementation phase and iterations.,,,FALSE,C,,C.Deploy alternative systems compatible with the security standards and legal framework for country C.,,,FALSE,D,,D.Execute another country's implementation phase after validating the compliance standards while a solution is prepared for country C.,,,TRUE,E,,"E.Communicate the delay in the project to the steering committee, and place the project on hold until a decision is reached.",,,FALSE,,,,,,,,,,,,,,,,,,,,,,,,,,,,,,,,,,,,,,,,,,,,,,,,,,,,,,,,,,,,,,,,,,,,,,,,,,,,,,,,,,,,,,,,,,
1f2452e5-9523-4c3e-aae9-6395d312a4d9,exam-hall-04,SINGLE_CHOICE,DRAFT,,,An organization previously using predictive approaches has recently decided to adopt the Scaled Agile Framework (SAFe®) approach. A critical project for the organization is in the middle of the execution phase at the time of this decision. Which approach should the project manager use to continue the project delivery?,,,A,,A.Scrum,,,FALSE,B,,B.Kanban,,,FALSE,C,,C.Predictive,,,TRUE,D,,D.Large-Scale Scrum (LeSS),,,FALSE,,,,,,,,,,,,,,,,,,,,,,,,,,,,,,,,,,,,,,,,,,,,,,,,,,,,,,,,,,,,,,,,,,,,,,,,,,,,,,,,,,,,,,,,,,,,,,,,
21ad5466-9f36-404d-b85b-1a045be00e3d,exam-hall-04,SINGLE_CHOICE,DRAFT,,,"A project manager is leading a project that requires approval from a government agency. The agency is currently drafting legislation that will impact the project's approval process, but it is unclear when the legislation will become law. The project manager is concerned that the legislation may delay the project's key milestones or limit the project's development options. What should the project manager do?",,,A,,A.Apply for an additional contingency to prepare for the anticipated delay in project milestones.,,,FALSE,B,,B.Review the project scope and submit a request to exclude activities associated with the legislation.,,,FALSE,C,,C.Continuously evaluate exposure to the risk to minimize negative impacts on the project and its outcomes.,,,TRUE,D,,D.Proceed with the project with the understanding that the pending legislation will pass without delay.,,,FALSE,,,,,,,,,,,,,,,,,,,,,,,,,,,,,,,,,,,,,,,,,,,,,,,,,,,,,,,,,,,,,,,,,,,,,,,,,,,,,,,,,,,,,,,,,,,,,,,,
94d9befa-9c8b-434e-b120-6608cffed110,exam-hall-04,SINGLE_CHOICE,DRAFT,,,"A project manager is leading a critical project to deliver a new solution. The CEO is highly invested in the project, and the CFO is the product owner. During the testing phase, the CFO requests an additional nonfunctional requirement to shorten the frequency of transaction processing. This new requirement will impact the launch date, and the CFO is insistent on having it implemented. What should the project manager do to minimize the impact of the new requirement on the launch date and manage the expectations of the CEO and CFO?",,,A,,A.Meet with the CFO and suggest delaying the implementation of the new requirement to the post-launch phase.,,,FALSE,B,,"B.Ask the CEO to intervene and stop the implementation of the new requirement, as development is complete.",,,FALSE,C,,C.Tell the project team to update the product backlog with the new requirement and adjust the project plans.,,,FALSE,D,,D.Assess the scope of the new nonfunctional requirement to determine its specific impact on the planned go-live date.,,,TRUE,,,,,,,,,,,,,,,,,,,,,,,,,,,,,,,,,,,,,,,,,,,,,,,,,,,,,,,,,,,,,,,,,,,,,,,,,,,,,,,,,,,,,,,,,,,,,,,,
4ffd38aa-bf8c-459c-943f-b1ab94865cd9,exam-hall-04,SINGLE_CHOICE,DRAFT,,,"A project manager is working on a hybrid (predictive-agile) project. During a standup meeting, a team member mentions that because of experience on a previous project, they think that one of the upcoming deliverables may need to comply with government regulations. What should the project manager do next?",,,A,,A.Escalate the issue with the project management office (PMO) so they can determine if any compliance is required.,,,FALSE,B,,B.Stop the project until it is confirmed that the deliverable is subject to any regulations.,,,FALSE,C,,C.Review lessons learned from the previous project to determine if any compliance is required.,,,TRUE,D,,D.Remove the task from the critical path and assign the resource to work on another requirement.,,,FALSE,,,,,,,,,,,,,,,,,,,,,,,,,,,,,,,,,,,,,,,,,,,,,,,,,,,,,,,,,,,,,,,,,,,,,,,,,,,,,,,,,,,,,,,,,,,,,,,,
cc4931fa-df7b-4ab6-a4d4-462fc210e95d,exam-hall-04,SINGLE_CHOICE,DRAFT,,,A project for an accounts receivable system that was recently launched into production received a fine from a regulatory body because the system did not comply with local regulations. What should the project manager have done to avoid this situation?,,,A,,A.Defined risk control management.,,,FALSE,B,,B.Defined a control quality process.,,,TRUE,C,,C.Implemented an issue control log.,,,FALSE,D,,D.Involved the audit department in project planning.,,,FALSE,,,,,,,,,,,,,,,,,,,,,,,,,,,,,,,,,,,,,,,,,,,,,,,,,,,,,,,,,,,,,,,,,,,,,,,,,,,,,,,,,,,,,,,,,,,,,,,,
2787b367-41d2-489e-9e68-b402e234ae33,exam-hall-04,SINGLE_CHOICE,DRAFT,,,"A project manager is assigned to a legacy system modernization project. The project management plan is solidified and the requirements have been handed off to the IT department for development. However, the company's CEO announces the company's new strategic direction and upcoming plans for an enterprise resource planning (ERP) implementation. What should the project manager do?",,,A,,A.Ask the project sponsor for recommendations to keep the project on track.,,,FALSE,B,,B.Understand and clarify how the existing project aligns with the overall organization vision.,,,TRUE,C,,C.Conduct a project team meeting to plan and confirm resource assignments for the new project.,,,FALSE,D,,D.Review the project schedule to ensure the project will be completed on time.,,,FALSE,,,,,,,,,,,,,,,,,,,,,,,,,,,,,,,,,,,,,,,,,,,,,,,,,,,,,,,,,,,,,,,,,,,,,,,,,,,,,,,,,,,,,,,,,,,,,,,,
7fff5eab-9c8d-4581-b5ff-eadacb38f984,exam-hall-04,SINGLE_CHOICE,DRAFT,,,"A business environment has become unstable because a stakeholder has altered the project deliverables and outcomes in the middle of the execution phase. Taking the stakeholder into consideration, how should the project manager ensure the project benefits are delivered?",,,A,,A.Ensure the project team agrees to the project management plan and provide the stakeholder with constant updates.,,,FALSE,B,,B.Combine both agile and predictive approaches and manage changes to the overall scope with minimal deviations.,,,FALSE,C,,C.Ensure the project's deliverables and objectives are tailored to the initial requirements.,,,FALSE,D,,D.Engage the stakeholder based on level of impact and ensure their requirements are captured adequately according to change management process.,,,TRUE,,,,,,,,,,,,,,,,,,,,,,,,,,,,,,,,,,,,,,,,,,,,,,,,,,,,,,,,,,,,,,,,,,,,,,,,,,,,,,,,,,,,,,,,,,,,,,,,
5caa62d4-f3c3-41ee-9802-46212d75f1af,exam-hall-04,SINGLE_CHOICE,DRAFT,,,"During a project governance assessment, and after expending 40% of the approved project budget, management approved the auditor's recommendation to have the project terminated. What should the project manager do next?",,,A,,A.Compute the expected monetary value of the project and document it in lessons learned.,,,FALSE,B,,B.Engage an independent consultant to justify project continuation.,,,FALSE,C,,C.Initiate the project closeout process and document lessons learned for future reference.,,,TRUE,D,,D.Prepare a financial report to recognize the actual costs expended as sunk costs.,,,FALSE,,,,,,,,,,,,,,,,,,,,,,,,,,,,,,,,,,,,,,,,,,,,,,,,,,,,,,,,,,,,,,,,,,,,,,,,,,,,,,,,,,,,,,,,,,,,,,,,
890971ad-832a-4ce9-8246-3f6ff22a3257,exam-hall-04,SINGLE_CHOICE,DRAFT,,,"A project team is working on a regulatory application that has a fixed duration for delivery. The team is using a hybrid approach and has divided development into three sprints. The first two sprints have not produced the required results mainly due to delays from functional units. The finance director is agitated due to the imminent sanctions if the application is not completed, and the project team is demoralized. Who is responsible for inspiring the project team?",,,A,,A.Product Owner,,,FALSE,B,,B.Financial Director,,,FALSE,C,,C.Functional Manager,,,FALSE,D,,D.Project Manager,,,TRUE,,,,,,,,,,,,,,,,,,,,,,,,,,,,,,,,,,,,,,,,,,,,,,,,,,,,,,,,,,,,,,,,,,,,,,,,,,,,,,,,,,,,,,,,,,,,,,,,
b9e06df2-7d85-4bed-8950-0ef48e9b02aa,exam-hall-04,SINGLE_CHOICE,DRAFT,,,"A client requests a major scope change due to a change in the market environment, which will significantly add to the project cost. This change is approved through the change control process. What should the project manager do to put the project on track?",,,A,,A.Reevaluate the scope baseline and impact on the project objectives.,,,FALSE,B,,B.Use the management reserve to account for the schedule uncertainty.,,,TRUE,C,,C.Monitor risks to ensure the effectiveness of the risk management process.,,,FALSE,D,,D.Reevaluate the cost management plan to address the impact of the change.,,,FALSE,,,,,,,,,,,,,,,,,,,,,,,,,,,,,,,,,,,,,,,,,,,,,,,,,,,,,,,,,,,,,,,,,,,,,,,,,,,,,,,,,,,,,,,,,,,,,,,,
1737ee21-5470-4294-b03a-e393be5b9b38,exam-hall-04,MULTIPLE_CHOICE,DRAFT,,,A project manager is leading a project that received a request for additional scope caused by changes in market demand. The change request also seeks a more rapid delivery time frame. Which two actions should the project manager take? (Choose two),,,A,,A.Assess company performance and the scope of other projects to ensure minimal impact.,,,FALSE,B,,B.Organize a workshop with the sponsors and ask them to increase the project budget.,,,FALSE,C,,C.Collect data and analyze the business environment to validate the business benefits.,,,TRUE,D,,"D.Assess new technologies and competitors, then benchmark the change against them.",,,FALSE,E,,"E.Organize a risk workshop, then update the risk management plan and the risk register.",,,TRUE,,,,,,,,,,,,,,,,,,,,,,,,,,,,,,,,,,,,,,,,,,,,,,,,,,,,,,,,,,,,,,,,,,,,,,,,,,,,,,,,,,,,,,,,,,
a0c710ae-6229-4e62-91fa-3d2e214aed2e,exam-hall-04,SINGLE_CHOICE,DRAFT,,,"Due to a downturn in the business environment, a customer is only able to make a project's payment in part, rather than the fully committed monthly payment. What should the project manager do?",,,A,,A.Discuss it with management and pause the project because of the customer's budget constraint.,,,FALSE,B,,"B.Deliver the features with the highest business value, based on the available budget.",,,TRUE,C,,"C.Deliver the features that have small independent components, based on the available budget.",,,FALSE,D,,D.Continue with the planned development and deliver only when full payment is made.,,,FALSE,,,,,,,,,,,,,,,,,,,,,,,,,,,,,,,,,,,,,,,,,,,,,,,,,,,,,,,,,,,,,,,,,,,,,,,,,,,,,,,,,,,,,,,,,,,,,,,,
868ffb4d-cb2f-4c9e-bc2e-afe9a438e886,exam-hall-04,MULTIPLE_CHOICE,DRAFT,,,A project manager new to an organization has been tasked with running the first agile project. The project manager has decided to begin by assessing the organization's ability to adapt to an agile project. Which three characteristics of the organization will help to set up the project for success? (Choose three),,,A,,A.Safe work environment,,,TRUE,B,,B.Key performance indicators (KPIs),,,TRUE,C,,C.Willingness to experiment,,,TRUE,D,,D.Speed to market,,,FALSE,E,,E.Predictability,,,FALSE,,,,,,,,,,,,,,,,,,,,,,,,,,,,,,,,,,,,,,,,,,,,,,,,,,,,,,,,,,,,,,,,,,,,,,,,,,,,,,,,,,,,,,,,,,
6c467765-cac3-44dc-ad43-65ceb15d1ec5,exam-hall-04,SINGLE_CHOICE,DRAFT,,,"A project manager is tracking an infrastructure project that is dependent on a service provider. The service provider informed the project manager that some of the third-party components will no longer be manufactured or supported. Upon an initial review, this would significantly delay the schedule and increase the budget. What should the project manager do?",,,A,,A.Escalate this issue to the project sponsor.,,,TRUE,B,,B.Update the risk register.,,,FALSE,C,,C.Convene a review with the team.,,,FALSE,D,,D.Update the project status to reflect these findings.,,,FALSE,,,,,,,,,,,,,,,,,,,,,,,,,,,,,,,,,,,,,,,,,,,,,,,,,,,,,,,,,,,,,,,,,,,,,,,,,,,,,,,,,,,,,,,,,,,,,,,,
c5e57f39-d80b-45ae-8dbb-2d3de2e9b125,exam-hall-04,SINGLE_CHOICE,DRAFT,,,A project is under scrutiny for its amount of water usage. The government's water licensing branch is changing its policy to be more restrictive. What should the project manager do?,,,A,,A.Align project resources to oppose the new water license standard.,,,FALSE,B,,B.Cancel the project because of the uncertainty introduced with the policy change.,,,FALSE,C,,C.Assess the impact of the policy change on the project scope.,,,TRUE,D,,D.Create a new project schedule based on potential changes to the water policy.,,,FALSE,,,,,,,,,,,,,,,,,,,,,,,,,,,,,,,,,,,,,,,,,,,,,,,,,,,,,,,,,,,,,,,,,,,,,,,,,,,,,,,,,,,,,,,,,,,,,,,,
64b30e6f-372c-4e8b-b7b7-a88ac4a8a015,exam-hall-04,SINGLE_CHOICE,DRAFT,,,"Following the start of a sprint, a key stakeholder constructed an email to a project team voicing displeasure of the work that just commenced, despite being inexperienced in agile. The stakeholder is insistent about changing the internal and external deliverables. What next step should the project manager take?",,,A,,A.Request the team’s assessment of the matter at the next standup meeting.,,,FALSE,B,,B.Change the backlog and comply with the stakeholder’s request.,,,FALSE,C,,C.Facilitate a meeting with the product owner and the key stakeholder to align on deliverables.,,,TRUE,D,,D.Encourage the stakeholder to participate in a discussion regarding backlog clarification.,,,FALSE,,,,,,,,,,,,,,,,,,,,,,,,,,,,,,,,,,,,,,,,,,,,,,,,,,,,,,,,,,,,,,,,,,,,,,,,,,,,,,,,,,,,,,,,,,,,,,,,
d91edaf4-b217-4dca-a73a-712364868d66,exam-hall-04,SINGLE_CHOICE,DRAFT,,,"A new project manager is assigned to lead an agile project. The project manager wants to use motivation to encourage the team to perform well throughout the project.

What should the project manager do?",,,A,,A.Implement a reward system aimed to keep the team engaged and motivated.,,,TRUE,B,,B.Use the management reserves to fund some team-building activities.,,,FALSE,C,,C.Inflate project estimates to provide a financial buffer for team activities.,,,FALSE,D,,D.Ask project sponsor to fund more for team building activities.,,,FALSE,,,,,,,,,,,,,,,,,,,,,,,,,,,,,,,,,,,,,,,,,,,,,,,,,,,,,,,,,,,,,,,,,,,,,,,,,,,,,,,,,,,,,,,,,,,,,,,,
4ecf2267-fdc8-451b-bc0f-e2642b1f7f8f,exam-hall-04,SINGLE_CHOICE,DRAFT,,,"A company begins to implement Scrum. About halfway through the first sprint, communication issues develop. Some project team members are not in sync with other team members. What should the project manager do next?",,,A,,A.Educate the team on the importance of communication in Scrum.,,,FALSE,B,,B.Establish clear communication guidelines.,,,FALSE,C,,C.Identify the root cause of the communication issues.,,,TRUE,D,,D.Monitor the team's communication and provide feedback.,,,FALSE,,,,,,,,,,,,,,,,,,,,,,,,,,,,,,,,,,,,,,,,,,,,,,,,,,,,,,,,,,,,,,,,,,,,,,,,,,,,,,,,,,,,,,,,,,,,,,,,
a82c391c-f4e8-466d-8e3e-5522fe77d32c,exam-hall-04,SINGLE_CHOICE,DRAFT,,,A team is assembled for a new project that will be using a predictive approach through requirements gathering and an agile approach for development and testing. Not everyone on the team has experience working in agile. The schedule has started slipping due to the unclear structure of the agile development approach. What should the project manager have done to avoid this situation?,,,A,,A.Set up weekly status meetings to review team progress and regularly escalate delays.,,,FALSE,B,,"B.Met with the team, allowed team members to make decisions about what to do, and established performance goals.",,,FALSE,C,,C.Established daily standup meetings to track team progress and escalate delays to stakeholders as appropriate.,,,TRUE,D,,D.Conducted routine meetings and identified team members who are under performing.,,,FALSE,,,,,,,,,,,,,,,,,,,,,,,,,,,,,,,,,,,,,,,,,,,,,,,,,,,,,,,,,,,,,,,,,,,,,,,,,,,,,,,,,,,,,,,,,,,,,,,,
dea2aced-25bc-4686-9a50-965b1b003157,exam-hall-04,SINGLE_CHOICE,DRAFT,,,A project manager is assigned to a water treatment investment project. The local government has recently passed a law that requires compliance with clean water according to global standards. This is a new regulation that was initiated in the last month and was quickly passed. What should the project manager do?,,,A,,A.Inform the stakeholders and continue with the project according to the original plans since the law was passed after the project started.,,,FALSE,B,,B.Meet with the project sponsor and recommend that the project continue because the new legal requirements can be delivered.,,,FALSE,C,,C.Conduct an analysis of the impact of the regulation on the project and the business and communicate it to stakeholders.,,,TRUE,D,,D.Recommend that all work on the project be stopped immediately until the impact of the regulation is understood.,,,FALSE,,,,,,,,,,,,,,,,,,,,,,,,,,,,,,,,,,,,,,,,,,,,,,,,,,,,,,,,,,,,,,,,,,,,,,,,,,,,,,,,,,,,,,,,,,,,,,,,
0feed971-041e-487c-8b5a-061a833dee97,exam-hall-04,SINGLE_CHOICE,DRAFT,,,"A project manager works in a matrix organization and manages an internal software development project to improve the company's tracking system. The project is scheduled to be completed in one month. Some benefits will be realized once the system is online, however, full benefits will not be realized for a while. Although the project manager will track benefits through project closure, they are concerned about tracking the benefits of post-project activities. What should the project manager do?",,,A,,A.Request that a new project be initiated to monitor and report the achievement of benefits.,,,FALSE,B,,B.Revise the benefits management plan to extend the project until all benefits are realized.,,,FALSE,C,,C.Update the work breakdown structure (WBS) and project schedule with tasks to track benefits realization.,,,FALSE,D,,D.Coordinate with the benefits owner to monitor the achievement of benefits after the project closes.,,,TRUE,,,,,,,,,,,,,,,,,,,,,,,,,,,,,,,,,,,,,,,,,,,,,,,,,,,,,,,,,,,,,,,,,,,,,,,,,,,,,,,,,,,,,,,,,,,,,,,,
9f87e304-a156-428f-afbc-93ffde8f82b2,exam-hall-04,SINGLE_CHOICE,DRAFT,,,"A project is developing a product where the time to market is critical. During the execution phase, the client submits a change request to include the latest technology that will enhance the product features and provide a competitive advantage. The change will impact the project constraints, but the benefits outweigh the cost and effort. What should the project manager do next?",,,A,,A.Adopt an incremental delivery approach and release essential features of the product into the market first to counter competition.,,,TRUE,B,,B.Start a separate project to adopt the new technology incrementally to enhance the product features as the technology matures.,,,FALSE,C,,C.Perform an integrated change control process and review the project constraints to effectively manage the enhanced scope.,,,FALSE,D,,D.Close the current project and start a new project with an incremental delivery approach.,,,FALSE,,,,,,,,,,,,,,,,,,,,,,,,,,,,,,,,,,,,,,,,,,,,,,,,,,,,,,,,,,,,,,,,,,,,,,,,,,,,,,,,,,,,,,,,,,,,,,,,
ad28c45a-ec12-4f6b-b354-0791d8186946,exam-hall-04,SINGLE_CHOICE,DRAFT,,,A complex project has multiple participants. The project manager agrees with the team that they need to better understand the perspective of all project participants for the optimal success of the project. What should the project manager do?,,,A,,A.Review the stakeholder analysis.,,,TRUE,B,,B.Create a communication plan.,,,FALSE,C,,C.Conduct a SWOT analysis.,,,FALSE,D,,D.Perform a risk analysis.,,,FALSE,,,,,,,,,,,,,,,,,,,,,,,,,,,,,,,,,,,,,,,,,,,,,,,,,,,,,,,,,,,,,,,,,,,,,,,,,,,,,,,,,,,,,,,,,,,,,,,,
21447545-064c-4e85-8b4e-33c709fe480b,exam-hall-04,SINGLE_CHOICE,DRAFT,,,"A project execution phase overlaps with a holiday in the country where the majority of team members are based. This phase is critical, and all team members are required to work through the holiday. This negatively impacts team morale. What should the project manager have done to avoid this?",,,A,,A.Requested help from other teams based in other countries,,,FALSE,B,,B.Postponed project activities,,,FALSE,C,,C.Prepared the stakeholder engagement plan,,,FALSE,D,,D.Better developed the resource management plan,,,TRUE,,,,,,,,,,,,,,,,,,,,,,,,,,,,,,,,,,,,,,,,,,,,,,,,,,,,,,,,,,,,,,,,,,,,,,,,,,,,,,,,,,,,,,,,,,,,,,,,
824b091e-a301-4b6f-9588-b94b2f85847a,exam-hall-04,SINGLE_CHOICE,DRAFT,,,"Midway through project execution, several stakeholders raise concerns about team performance and delivery. The project manager believes the project is progressing per the approved scope, budget, and schedule. What should the project manager do next?",,,A,,A.Email the stakeholders to assure them of action.,,,FALSE,B,,B.Consult the communications management plan to manage stakeholders' expectations.,,,TRUE,C,,C.Ask the project sponsor to intervene.,,,FALSE,D,,D.Ask stakeholders to escalate their concerns to the CEO.,,,FALSE,,,,,,,,,,,,,,,,,,,,,,,,,,,,,,,,,,,,,,,,,,,,,,,,,,,,,,,,,,,,,,,,,,,,,,,,,,,,,,,,,,,,,,,,,,,,,,,,
a0174f30-00fd-4b40-a34c-a4ce29c71b5b,exam-hall-04,SINGLE_CHOICE,DRAFT,,,An unforeseen issue results in the need to procure a new piece of machinery critical for meeting quality specifications. From where may the necessary funds be obtained?,,,A,,A.Key stakeholders,,,FALSE,B,,B.Management reserve,,,TRUE,C,,C.Contingency reserve,,,FALSE,D,,D.Project sponsor,,,FALSE,,,,,,,,,,,,,,,,,,,,,,,,,,,,,,,,,,,,,,,,,,,,,,,,,,,,,,,,,,,,,,,,,,,,,,,,,,,,,,,,,,,,,,,,,,,,,,,,
3ae45ba7-abad-42f4-9e51-e692a851eb6a,exam-hall-04,SINGLE_CHOICE,DRAFT,,,"A project manager for a US$15 million construction project must meet a specific project milestone earlier than planned because a season-long pattern of extreme weather is expected soon. The project is already over budget, and the project sponsor is not prepared to provide additional funding. Which tool or technique should the project manager use to achieve the milestone before the extreme weather begins?",,,A,,A.Simulation,,,FALSE,B,,B.Fast tracking,,,TRUE,C,,C.Resource smoothing,,,FALSE,D,,D.Crashing,,,FALSE,,,,,,,,,,,,,,,,,,,,,,,,,,,,,,,,,,,,,,,,,,,,,,,,,,,,,,,,,,,,,,,,,,,,,,,,,,,,,,,,,,,,,,,,,,,,,,,,
f0261c48-92de-46fa-9350-a18521d83023,exam-hall-04,SINGLE_CHOICE,DRAFT,,,A project team completes the identification of project and product requirements. Which of the following were used to accomplish this?,,,A,,"A.Benchmarking, network diagram, and trend analysis",,,FALSE,B,,"B.Work breakdown structure (WBS), trend analysis, and observation/conversation",,,FALSE,C,,"C.Brainstorming, affinity diagrams, and mind mapping",,,TRUE,D,,"D.Affinity diagrams, benchmarking, and observation/conversation",,,FALSE,,,,,,,,,,,,,,,,,,,,,,,,,,,,,,,,,,,,,,,,,,,,,,,,,,,,,,,,,,,,,,,,,,,,,,,,,,,,,,,,,,,,,,,,,,,,,,,,
e8ca7b25-dc4c-4b1d-a683-59c8ab40fb13,exam-hall-04,SINGLE_CHOICE,DRAFT,,,"During testing of a project component, a senior tester discovers a functionality that will ensure the future performance of the project's solution. This will create a change in scope. During testing of a project component, a senior tester discovers a functionality that will ensure the future performance of the project's solution. This will create a change in scope. Which type of change request should be made to include this functionality?",,,A,,A.Preventive action,,,TRUE,B,,B.Corrective action,,,FALSE,C,,C.Defect repair,,,FALSE,D,,D.Scope update,,,FALSE,,,,,,,,,,,,,,,,,,,,,,,,,,,,,,,,,,,,,,,,,,,,,,,,,,,,,,,,,,,,,,,,,,,,,,,,,,,,,,,,,,,,,,,,,,,,,,,,
fe730517-c705-44ce-bbd1-27f2985d745e,exam-hall-04,SINGLE_CHOICE,DRAFT,,,"Due to commitments to another project, an accountant fails to deliver an important report to a project manager on time. The project manager did not expect the delay and didn't realize the accountant had conflicting priorities. What should the project manager have done to avoid this?",,,A,,A.Referenced the RACI matrix.,,,FALSE,B,,B.Referenced timesheets.,,,FALSE,C,,C.Referenced the resource allocation plan.,,,TRUE,D,,D.Referenced the resource calendar.,,,FALSE,,,,,,,,,,,,,,,,,,,,,,,,,,,,,,,,,,,,,,,,,,,,,,,,,,,,,,,,,,,,,,,,,,,,,,,,,,,,,,,,,,,,,,,,,,,,,,,,
b4ece5ad-9f17-475e-8135-08ec42577edf,exam-hall-04,SINGLE_CHOICE,DRAFT,,,What should a project manager do to obtain stakeholder agreement?,,,A,,A.Update Resource Management Plan,,,FALSE,B,,B.Manage Stakeholder Engagement,,,TRUE,C,,C.Monitor and Control Project Work,,,FALSE,D,,D.Schedule a meeting between sponsor and stakeholders,,,FALSE,,,,,,,,,,,,,,,,,,,,,,,,,,,,,,,,,,,,,,,,,,,,,,,,,,,,,,,,,,,,,,,,,,,,,,,,,,,,,,,,,,,,,,,,,,,,,,,,
2defc208-8d08-4342-9e5f-51196e13e00a,exam-hall-04,SINGLE_CHOICE,DRAFT,,,A project manager takes over a recently approved project. What will play a key role in determining the communication method?,,,A,,A.Stakeholder requirements,,,TRUE,B,,B.Frequency of distribution,,,FALSE,C,,C.Sender-receiver model,,,FALSE,D,,D.Meeting management methods,,,FALSE,,,,,,,,,,,,,,,,,,,,,,,,,,,,,,,,,,,,,,,,,,,,,,,,,,,,,,,,,,,,,,,,,,,,,,,,,,,,,,,,,,,,,,,,,,,,,,,,
b7e69925-becf-4b66-b2e4-d5b29277287e,exam-hall-04,SINGLE_CHOICE,DRAFT,,,"While reviewing a status report, a project manager notices that, over a period of six months, the coding quality for one developer is statistically lower than another developer assigned the same task. Which tool should the project manager use to trace the problem's source back to its actionable root cause?",,,A,,A.Histogram,,,FALSE,B,,B.Control chart,,,FALSE,C,,C.Scatter diagram,,,FALSE,D,,D.Ishikawa diagram,,,TRUE,,,,,,,,,,,,,,,,,,,,,,,,,,,,,,,,,,,,,,,,,,,,,,,,,,,,,,,,,,,,,,,,,,,,,,,,,,,,,,,,,,,,,,,,,,,,,,,,
c4afd00d-f29a-42a2-a38d-0adc62bc4955,exam-hall-04,SINGLE_CHOICE,DRAFT,,,"While performing a qualitative project risk analysis process the project manager finds that the product is missing the ""Definition of Done"". What type of risk is this?",,,A,,A.Commercial risk,,,FALSE,B,,B.External Risk,,,FALSE,C,,C.Management Risk,,,FALSE,D,,D.Technical Risk,,,TRUE,,,,,,,,,,,,,,,,,,,,,,,,,,,,,,,,,,,,,,,,,,,,,,,,,,,,,,,,,,,,,,,,,,,,,,,,,,,,,,,,,,,,,,,,,,,,,,,,
788acee1-a03b-4f28-a103-0c6d1b46b322,exam-hall-04,SINGLE_CHOICE,DRAFT,,,"During a feedback meeting, the project manager is informed by team members that validating deliverables is difficult due to the fact that technology requirements keep changing before the due dates of their handover causing rework. The project manager suggests a more appropriate project management methodology to be adopted to address this occurrence for upcoming projects. Which project management methodology will work for this team?",,,A,,A.Agile,,,TRUE,B,,B.Predictive,,,FALSE,C,,C.Waterfall,,,FALSE,D,,D.Incremental,,,FALSE,,,,,,,,,,,,,,,,,,,,,,,,,,,,,,,,,,,,,,,,,,,,,,,,,,,,,,,,,,,,,,,,,,,,,,,,,,,,,,,,,,,,,,,,,,,,,,,,
97b152fc-820c-4c2b-bf42-8e90fb52866b,exam-hall-04,SINGLE_CHOICE,DRAFT,,,There is a conflict between two team members regarding a project task. Which conflict resolution method should project manager use to make it win-win situation?,,,A,,A.Collaborate/problem solve,,,TRUE,B,,B.Force/direct,,,FALSE,C,,C.Smooth/accommodate,,,FALSE,D,,D.Compromise/reconcile,,,FALSE,,,,,,,,,,,,,,,,,,,,,,,,,,,,,,,,,,,,,,,,,,,,,,,,,,,,,,,,,,,,,,,,,,,,,,,,,,,,,,,,,,,,,,,,,,,,,,,,
c316ed8c-e96c-4cd7-bae0-77831040ce85,exam-hall-04,SINGLE_CHOICE,DRAFT,,,A project manager is not able to complete the list of project objectives due to conflicting directives from two department directors. Which approach would allow the directors to adjust their directives with a win/win outcome?,,,A,,A.Collaborate/problem solve,,,TRUE,B,,B.Withdraw/avoid,,,FALSE,C,,C.Smooth/accommodate,,,FALSE,D,,D.Force/direct,,,FALSE,,,,,,,,,,,,,,,,,,,,,,,,,,,,,,,,,,,,,,,,,,,,,,,,,,,,,,,,,,,,,,,,,,,,,,,,,,,,,,,,,,,,,,,,,,,,,,,,
f07ac1be-f1af-4f07-9570-192f0b91dbf1,exam-hall-04,SINGLE_CHOICE,DRAFT,,,"A project leader noticed that a new team member is demotivated and always arrives late to work, causing a delay in the deliverables. What should the project manager do?",,,A,,"A.Ask HR to deal with the team member's attendance, advise them to arrive on time, and remind them of the incentives at the end of the project.",,,FALSE,B,,"B.Ask a senior team member to speak with the team member, share personal experiences, and find out the reasons for the performance issues.",,,FALSE,C,,"C.During the daily meeting, ask all team members to arrive on time, and plan an event after working hours to celebrate the project progress.",,,FALSE,D,,"D.Talk with the team member on a one-to-one basis, emphasizing the importance of teamwork and the value of each member's contributions.",,,TRUE,,,,,,,,,,,,,,,,,,,,,,,,,,,,,,,,,,,,,,,,,,,,,,,,,,,,,,,,,,,,,,,,,,,,,,,,,,,,,,,,,,,,,,,,,,,,,,,,
83d65dc7-ed68-44d8-9b2e-4fef14ccb663,exam-hall-04,SINGLE_CHOICE,DRAFT,,,"A project manager complains that three engineers from different cultural backgrounds leave project meetings twice a day and assumes that they are ""gossiping and smoking"" for 15 minutes. The engineering manager replies that their absence is due to prayer time.

What should the project manager do first to rectify their assumption?",,,A,,A.Apologize for the unconscious bias.,,,TRUE,B,,B.Develop a plan to improve work ethic.,,,FALSE,C,,C.Set up a meeting to raise cultural awareness.,,,FALSE,D,,D.Follow and watch to make an informed observation.,,,FALSE,,,,,,,,,,,,,,,,,,,,,,,,,,,,,,,,,,,,,,,,,,,,,,,,,,,,,,,,,,,,,,,,,,,,,,,,,,,,,,,,,,,,,,,,,,,,,,,,
cc2a0056-5926-44eb-9d64-40b0e781fc8b,exam-hall-04,SINGLE_CHOICE,DRAFT,,,"In a project, there is a stakeholder who does not see any benefit for the project. Sometimes the stakeholder uses politics to place obstacles to prevent a successful project completion.

What is the personality of this kind of stakeholder?",,,A,,A.Stoic,,,FALSE,B,,B.Neutral,,,FALSE,C,,C.Champion,,,FALSE,D,,D.Antagonist,,,TRUE,,,,,,,,,,,,,,,,,,,,,,,,,,,,,,,,,,,,,,,,,,,,,,,,,,,,,,,,,,,,,,,,,,,,,,,,,,,,,,,,,,,,,,,,,,,,,,,,
461f4713-eb04-4bad-802d-7f4a119134c7,exam-hall-04,SINGLE_CHOICE,DRAFT,,,"A key stakeholder's input is essential to a project's success. However, the stakeholder is always late on critical project decisions. What can the project manager do to re-engage this stakeholder?",,,A,,A.Meet with the stakeholder to understand the reason for the delay.,,,TRUE,B,,B.Remove the stakeholder from the project.,,,FALSE,C,,C.Brief the steering committee on the stakeholder's delays.,,,FALSE,D,,D.Add the stakeholder's delay to the issue log.,,,FALSE,,,,,,,,,,,,,,,,,,,,,,,,,,,,,,,,,,,,,,,,,,,,,,,,,,,,,,,,,,,,,,,,,,,,,,,,,,,,,,,,,,,,,,,,,,,,,,,,
8b7d73ab-1020-47e8-97b4-9264e8855bec,exam-hall-04,SINGLE_CHOICE,DRAFT,,,"A project manager must ensure stakeholder responsibilities are clear, concise, and promote successful completion while maintaining stakeholder engagement. What should the project manager do?",,,A,,A.Collaborate with the stakeholder to define their manageable workload.,,,TRUE,B,,B.Assign new responsibilities only after prior deadlines have been met.,,,FALSE,C,,C.Assign as many responsibilities as they believe the stakeholder can handle.,,,FALSE,D,,D.Add at least two new responsibilities after prior deadlines are met.,,,FALSE,,,,,,,,,,,,,,,,,,,,,,,,,,,,,,,,,,,,,,,,,,,,,,,,,,,,,,,,,,,,,,,,,,,,,,,,,,,,,,,,,,,,,,,,,,,,,,,,
76347489-8b5d-4f10-9d75-016b9fbd3d9c,exam-hall-04,MULTIPLE_CHOICE,DRAFT,,,"A project manager working in a global organization decides to use a low-cost social media platform to exchange information, knowledge, and experience within the organization. Which three challenges should the project manager be prepared to deal with? (Choose three)",,,A,,A.Lack of physical interaction,,,TRUE,B,,B.Time differences,,,TRUE,C,,C.Competing priorities,,,FALSE,D,,D.Lack of funding,,,FALSE,E,,E.Cultural differences,,,TRUE,,,,,,,,,,,,,,,,,,,,,,,,,,,,,,,,,,,,,,,,,,,,,,,,,,,,,,,,,,,,,,,,,,,,,,,,,,,,,,,,,,,,,,,,,,
e9ac49ee-3e2d-4d81-95a3-d7dd36161bc9,exam-hall-04,SINGLE_CHOICE,DRAFT,,,An agile project team is implementing a supporting technology platform across departments. They're planning a readiness review for the delivery. Who should the project manager propose to conduct the readiness review?,,,A,,A.The product owner is responsible for product vision and backlog management.,,,FALSE,B,,B.The quality control (QC) manager is responsible for ensuring delivery quality and efficiency.,,,FALSE,C,,C.The quality assurance (QA) manager is responsible for proposing measures for delivery improvement.,,,FALSE,D,,D.The subject matter expert (SME) is responsible for a deep understanding of the platform and requirements.,,,TRUE,,,,,,,,,,,,,,,,,,,,,,,,,,,,,,,,,,,,,,,,,,,,,,,,,,,,,,,,,,,,,,,,,,,,,,,,,,,,,,,,,,,,,,,,,,,,,,,,
154c4e88-8cee-4e83-a35f-da09e79236c5,exam-hall-04,SINGLE_CHOICE,DRAFT,,,"A project manager is working on a complex project with many stakeholders and conflicting priorities. Senior management asked the project manager to avoid ""noise"" specifically for political projects. Although it is difficult to find resources for the project, what should the project manager do to ensure smooth progress of the project?",,,A,,"A.Apply ""If you do something nice for me I'll do something nice for you.""",,,FALSE,B,,B.Be consistent with words and actions to avoid conflicts with the stakeholders.,,,FALSE,C,,"C.Utilize compliments to obtain resources, and cooperate toward mutual goals.",,,FALSE,D,,D.Allocate the scarce resources efficiently to meet the needs of the project.,,,TRUE,,,,,,,,,,,,,,,,,,,,,,,,,,,,,,,,,,,,,,,,,,,,,,,,,,,,,,,,,,,,,,,,,,,,,,,,,,,,,,,,,,,,,,,,,,,,,,,,
65799e10-c2a1-44aa-b7dd-1d5020bc191b,exam-hall-04,SINGLE_CHOICE,DRAFT,,,"A project manager leads two highly motivated teams who typically work on 3-4 concurrent short projects with tight deadlines. Recently, communication, morale, and project performance have declined across teams and the project manager wants to improve team effectiveness and project success. What should the project manager do first?",,,A,,A.Implement a new collaboration tool to facilitate communication between both teams.,,,FALSE,B,,B.Conduct individual performance reviews to identify and address performance issues within each team.,,,FALSE,C,,C.Organize team-building activities to increase team cohesion and boost morale.,,,FALSE,D,,D.Facilitate open communication sessions to identify and address underlying challenges.,,,TRUE,,,,,,,,,,,,,,,,,,,,,,,,,,,,,,,,,,,,,,,,,,,,,,,,,,,,,,,,,,,,,,,,,,,,,,,,,,,,,,,,,,,,,,,,,,,,,,,,
620391b4-9db8-4cf9-8538-a7bb4e3771ef,exam-hall-04,SINGLE_CHOICE,DRAFT,,,What should a project manager do first when people are not following the project compliance process?,,,A,,A.Escalate the issue to senior management or the sponsor,,,FALSE,B,,B.Initiate an audit process,,,FALSE,C,,C.Log the non-compliance and watch the progress,,,FALSE,D,,D.Understand the reasons for non-compliance,,,TRUE,,,,,,,,,,,,,,,,,,,,,,,,,,,,,,,,,,,,,,,,,,,,,,,,,,,,,,,,,,,,,,,,,,,,,,,,,,,,,,,,,,,,,,,,,,,,,,,,
d70303fe-8442-403a-9ae3-55eaf926daed,exam-hall-04,MULTIPLE_CHOICE,DRAFT,,,A project team is working on determining dependencies for approximately 350 activities for an ongoing project. Which actions should the project team take to manage dependencies successfully? (Choose 2).,,,A,,A.Communicate the dependencies to the sponsor.,,,FALSE,B,,B.Assess and document the dependencies.,,,TRUE,C,,C.Communicate the dependencies to the customer.,,,FALSE,D,,D.Ensure that the dependencies are monitored.,,,TRUE,E,,E.Ensure you use only finish-to-start dependencies.,,,FALSE,,,,,,,,,,,,,,,,,,,,,,,,,,,,,,,,,,,,,,,,,,,,,,,,,,,,,,,,,,,,,,,,,,,,,,,,,,,,,,,,,,,,,,,,,,
01a62cd8-20c7-422a-9204-8c6bad9ddbe2,exam-hall-04,SINGLE_CHOICE,DRAFT,,,A customer requested a change in functionality for a product that will be delivered in the next sprint. The responsible specialist for this change is also assigned to a deliverable for another project. The project manager needs to negotiate the availability of the specialist. Who is responsible for confirming the specialist's availability?,,,A,,A.Project sponsor,,,FALSE,B,,B.Functional manager,,,TRUE,C,,C.Product owner,,,FALSE,D,,D.Human resources,,,FALSE,,,,,,,,,,,,,,,,,,,,,,,,,,,,,,,,,,,,,,,,,,,,,,,,,,,,,,,,,,,,,,,,,,,,,,,,,,,,,,,,,,,,,,,,,,,,,,,,
31adf994-1d7f-4a8c-acaa-d8ff974af07f,exam-hall-04,SINGLE_CHOICE,DRAFT,,,A project manager received an email from the factory regarding key equipment that will not be delivered as planned. The project manager must make alternative arrangements with other vendors to implement a temporary fix. Who is responsible for confirming the resource availability for the fix?,,,A,,A.Service provider,,,FALSE,B,,B.Functional manager,,,FALSE,C,,C.Product owner,,,TRUE,D,,D.Human resources,,,FALSE,,,,,,,,,,,,,,,,,,,,,,,,,,,,,,,,,,,,,,,,,,,,,,,,,,,,,,,,,,,,,,,,,,,,,,,,,,,,,,,,,,,,,,,,,,,,,,,,
638af617-300b-4d1a-9bb4-4e936e261c07,exam-hall-04,SINGLE_CHOICE,DRAFT,,,"A project manager has been on a complex project that began eight months ago. The project manager has a quality team that has been working hard, is motivated, and successful. What type of management and leadership should the project manager use at this stage?",,,A,,A.Empower them to improve results,,,TRUE,B,,B.Support with periodic iterations and feedback,,,FALSE,C,,C.Help with conflict resolution,,,FALSE,D,,"D.Feedback, coaching, or help only when they ask for it",,,FALSE,,,,,,,,,,,,,,,,,,,,,,,,,,,,,,,,,,,,,,,,,,,,,,,,,,,,,,,,,,,,,,,,,,,,,,,,,,,,,,,,,,,,,,,,,,,,,,,,
ccb1a498-da32-47a2-a614-38df86dc96ef,exam-hall-04,SINGLE_CHOICE,DRAFT,,,A new member joined a project during the execution phase. The work requires strong collaboration with other team members. What should the project manager do to foster a collaborative environment?,,,A,,A.Send an email to the project team asking them to collaborate with the new team member.,,,FALSE,B,,B.Share all information available and allocate time to explain in detail the work in progress.,,,FALSE,C,,C.Ask each member to describe their interests and experience in the next team meeting.,,,FALSE,D,,D.Organize a one-day workshop with the entire team to bring the new member up to speed.,,,TRUE,,,,,,,,,,,,,,,,,,,,,,,,,,,,,,,,,,,,,,,,,,,,,,,,,,,,,,,,,,,,,,,,,,,,,,,,,,,,,,,,,,,,,,,,,,,,,,,,
672587ee-7d3a-4964-8de3-44ace5b5cf0b,exam-hall-04,SINGLE_CHOICE,DRAFT,,,A project manager notices that a project is not running well and deliverables are falling behind. What is the first step the project manager should take in order to make a decision on how to progress with the project?,,,A,,A.Identify the problem.,,,TRUE,B,,B.Brainstorm solutions.,,,FALSE,C,,C.Establish a measurement criteria.,,,FALSE,D,,D.Set a goal.,,,FALSE,,,,,,,,,,,,,,,,,,,,,,,,,,,,,,,,,,,,,,,,,,,,,,,,,,,,,,,,,,,,,,,,,,,,,,,,,,,,,,,,,,,,,,,,,,,,,,,,
07b181d0-0a75-43cc-9dfb-c497f7677680,exam-hall-04,SINGLE_CHOICE,DRAFT,,,"In a five-year program, many project team members have joined and left the subprojects. Because of this, conflict among team members often occurs. Which technique should the project manager use to resolve the conflicts long term?",,,A,,A.Forcing,,,FALSE,B,,B.Smoothing,,,FALSE,C,,C.Compromise,,,FALSE,D,,D.Problem-solving,,,TRUE,,,,,,,,,,,,,,,,,,,,,,,,,,,,,,,,,,,,,,,,,,,,,,,,,,,,,,,,,,,,,,,,,,,,,,,,,,,,,,,,,,,,,,,,,,,,,,,,
53070da5-de2d-42f4-9ae7-d1769d3bdc35,exam-hall-04,SINGLE_CHOICE,DRAFT,,,"During a retrospective meeting, team members show disengagement, stating that they are repeating the same ideas over and over. How can the project manager best handle this situation?",,,A,,A.Ask the team members to pay more attention to the session even if they think they know what is coming.,,,FALSE,B,,"B.Ask the team members to give their feedback, even if it is the same as other team members, to stress their points.",,,FALSE,C,,C.Encourage the team members to provide better feedback as they know the questions already.,,,FALSE,D,,D.Encourage the team to provide ideas for process improvement and support changes based on the feedback received.,,,TRUE,,,,,,,,,,,,,,,,,,,,,,,,,,,,,,,,,,,,,,,,,,,,,,,,,,,,,,,,,,,,,,,,,,,,,,,,,,,,,,,,,,,,,,,,,,,,,,,,
2bed0f71-5d2e-449b-bcd1-023956e2acb5,exam-hall-04,SINGLE_CHOICE,DRAFT,,,"During a daily meeting, the project team raised an impediment that one of the business subject matter experts is frequently changing the definition of done, and expressed their fear that this is a sign of distrust. What should the project manager do?",,,A,,"A.Remind the team to focus on their work, and commit to speak with the SME",,,FALSE,B,,B.Remind the product owner to support the team and speak with the SME,,,FALSE,C,,C.Remind the SME to keep the definition of done that was initially agreed,,,FALSE,D,,D.Remind the team that continuous feedback is important for success,,,TRUE,,,,,,,,,,,,,,,,,,,,,,,,,,,,,,,,,,,,,,,,,,,,,,,,,,,,,,,,,,,,,,,,,,,,,,,,,,,,,,,,,,,,,,,,,,,,,,,,
29b5b536-dc6b-451e-81a9-f63c308b8721,exam-hall-04,SINGLE_CHOICE,DRAFT,,,A project manager is managing a project with a very aggressive delivery schedule and a firm completion date. The project requires expensive and fragile components that are prone to rework and rejections. The project manager is developing the vendor selection criteria. What should be the strategy for vendor selection?,,,A,,A.Lowest price regardless of the vendor's warehouse location.,,,FALSE,B,,B.Acceptable price if the vendor is closer to the project site.,,,TRUE,C,,C.Project sponsor's recommendation based on past experience.,,,FALSE,D,,D.Team members' recommendations based on past experience.,,,FALSE,,,,,,,,,,,,,,,,,,,,,,,,,,,,,,,,,,,,,,,,,,,,,,,,,,,,,,,,,,,,,,,,,,,,,,,,,,,,,,,,,,,,,,,,,,,,,,,,
45ff9690-9273-4904-9494-969a6c2f53cc,exam-hall-04,SINGLE_CHOICE,DRAFT,,,"A project manager just completed a project in an organization that values lessons learned. Leadership encourages all the project stakeholders to use the process, tools, and results from the lessons learned repository in future projects. Preparing to update the lessons learned repository, the project manager has gathered relevant project data and feedback. What should the project manager do next?",,,A,,A.Store all the comments and recommendations received for future reference.,,,FALSE,B,,B.Analyze and organize the findings with the stakeholders to extract insights.,,,TRUE,C,,C.Document and share the findings with the stakeholders for review and feedback.,,,FALSE,D,,D.Retrieve all of the comments and recommendations received in the past.,,,FALSE,,,,,,,,,,,,,,,,,,,,,,,,,,,,,,,,,,,,,,,,,,,,,,,,,,,,,,,,,,,,,,,,,,,,,,,,,,,,,,,,,,,,,,,,,,,,,,,,
30970c2c-c228-49a1-b2c6-412461d38d3a,exam-hall-04,SINGLE_CHOICE,DRAFT,,,An organization has decided to implement agile and a project manager with Scrum Master has been selected to coach the project team to understand agile delivery. One of the team members asks the project manager what servant leadership hierarchy means. How should the project manager respond?,,,A,,A.Team members are supposed to serve their manager.,,,FALSE,B,,B.Managers are supposed to serve their team members.,,,TRUE,C,,C.Clients are supposed to serve the team members.,,,FALSE,D,,D.Team Members are supposed to serve their clients.,,,FALSE,,,,,,,,,,,,,,,,,,,,,,,,,,,,,,,,,,,,,,,,,,,,,,,,,,,,,,,,,,,,,,,,,,,,,,,,,,,,,,,,,,,,,,,,,,,,,,,,
5babe8e4-e4d9-4442-97cc-725038dcf9c8,exam-hall-04,SINGLE_CHOICE,DRAFT,,,What is the main goal of a Visionary leadership style?,,,A,,A.To support the team to self organise and decide a common vision.,,,FALSE,B,,B.To champion the adoption of the latest technologies and practices.,,,FALSE,C,,C.To provide long-term direction and engage the team to deliver it.,,,TRUE,D,,D.To prioritise and assign the tasks that are aligned with the vision.,,,FALSE,,,,,,,,,,,,,,,,,,,,,,,,,,,,,,,,,,,,,,,,,,,,,,,,,,,,,,,,,,,,,,,,,,,,,,,,,,,,,,,,,,,,,,,,,,,,,,,,
9bd5de99-a62d-41a5-8b5d-46f92e00e0d7,exam-hall-04,SINGLE_CHOICE,DRAFT,,,"During the execution phase of your project, a Resource Manager informed you that one of the experts allocated to your project had to be motivated in order to perform very well. What would be the recommended actions to address this issue?",,,A,,A.Remind the functional manager that is his duty to motivate his team,,,FALSE,B,,B.Remind the team member that there are penalties for bad behaviours.,,,FALSE,C,,C.Remind the team member that there are financial incentives for the team.,,,FALSE,D,,D.Remind the team member their important role and how it will be rewarded.,,,TRUE,,,,,,,,,,,,,,,,,,,,,,,,,,,,,,,,,,,,,,,,,,,,,,,,,,,,,,,,,,,,,,,,,,,,,,,,,,,,,,,,,,,,,,,,,,,,,,,,
7a21827a-c069-4b2e-9893-aeb5ee4c1763,exam-hall-04,SINGLE_CHOICE,DRAFT,,,A project manager is working on a project with internal stakeholders only and was warned by the project sponsor that some stakeholders require special attention. The organization is very hierarchical. Which of the following models should be used in this instance?,,,A,,A.Power-Interest Grid,,,TRUE,B,,B.Power-Influence Grid,,,FALSE,C,,C.Interest-Influence Grid,,,FALSE,D,,D.Interest-Impact Grid,,,FALSE,,,,,,,,,,,,,,,,,,,,,,,,,,,,,,,,,,,,,,,,,,,,,,,,,,,,,,,,,,,,,,,,,,,,,,,,,,,,,,,,,,,,,,,,,,,,,,,,
b128f69c-2471-412b-be3e-04bdd078c4d6,exam-hall-04,SINGLE_CHOICE,DRAFT,,,"During project execution, a team member made a mistake resulting in a 1-week delay to the project schedule. What should the project manager do with regard to this error and delay?",,,A,,"A.Discuss the issue with the team, look for solutions, and offer to help and support the team.",,,TRUE,B,,B.Make sure the impact of this mistake is understood by the team member who made the mistake.,,,FALSE,C,,C.Escalate the issue to senior management to make sure a similar mistake won't happen again.,,,FALSE,D,,"D.Find a solution, communicate it to the team, and reinforce that it should be implemented now.",,,FALSE,,,,,,,,,,,,,,,,,,,,,,,,,,,,,,,,,,,,,,,,,,,,,,,,,,,,,,,,,,,,,,,,,,,,,,,,,,,,,,,,,,,,,,,,,,,,,,,,
ee99f0a2-0ee5-46c8-bdd4-b03765d1bf9d,exam-hall-04,SINGLE_CHOICE,DRAFT,,,"A project manager is involved in an e-commerce development project. The project has been completed successfully using the hybrid model and initiated operations handover. The project manager notices that the development team is relaxed and not spending time on the handover process, which is impacting application support. How should the project manager handle this situation?",,,A,,A.Confront the development team and demand their immediate attention to the handover process.,,,FALSE,B,,B.Meet with the development team to discuss the importance of the handover process and its impact on application support.,,,TRUE,C,,C.Delegate the responsibility of the handover process to another team member to ensure it gets done properly.,,,FALSE,D,,D.Disregard the issue and expect that the development team will address and resolve the issue on their own.,,,FALSE,,,,,,,,,,,,,,,,,,,,,,,,,,,,,,,,,,,,,,,,,,,,,,,,,,,,,,,,,,,,,,,,,,,,,,,,,,,,,,,,,,,,,,,,,,,,,,,,
cac648e3-e85e-4793-97b2-fc769e5498e9,exam-hall-04,SINGLE_CHOICE,DRAFT,,,A project manager is handling virtual teams around the world. What should the project manager do to overcome cross-cultural differences?,,,A,,A.Create grapevine communication channels and invite team members to contribute freely,,,FALSE,B,,B.Nurture stronger personal boundaries and individual sovereignty,,,FALSE,C,,C.Create an environment where team members can openly communicate,,,FALSE,D,,D.Create a shared understanding of team goals and objectives,,,TRUE,,,,,,,,,,,,,,,,,,,,,,,,,,,,,,,,,,,,,,,,,,,,,,,,,,,,,,,,,,,,,,,,,,,,,,,,,,,,,,,,,,,,,,,,,,,,,,,,
1d056a8c-216d-4feb-9c56-ef9485dde10b,exam-hall-04,SINGLE_CHOICE,DRAFT,,,"For virtual teams, the following are the boundaries that teams need to work through for successful project outcomes, except:",,,A,,A.Interpersonal interactions and developing relational capital,,,FALSE,B,,B.Working practices and routines,,,FALSE,C,,C.Knowledge diversity,,,FALSE,D,,D.Personal Convenience,,,TRUE,,,,,,,,,,,,,,,,,,,,,,,,,,,,,,,,,,,,,,,,,,,,,,,,,,,,,,,,,,,,,,,,,,,,,,,,,,,,,,,,,,,,,,,,,,,,,,,,
b85b5951-42d3-430a-914d-ea5f315b2b52,exam-hall-04,SINGLE_CHOICE,DRAFT,,,A project manager is assigned to a project that will ensure that the organization meets regulatory compliance with new legislation. In which phase of the project should the project manager document compliance objectives?,,,A,,A.Initiation phase,,,TRUE,B,,B.Planning phase,,,FALSE,C,,C.Execution phase,,,FALSE,D,,D.Closing phase,,,FALSE,,,,,,,,,,,,,,,,,,,,,,,,,,,,,,,,,,,,,,,,,,,,,,,,,,,,,,,,,,,,,,,,,,,,,,,,,,,,,,,,,,,,,,,,,,,,,,,,
94a6e820-e68b-4a1a-bc2e-5acfc8e85ed1,exam-hall-04,MULTIPLE_CHOICE,DRAFT,,,"A project manager is on a project that has a significant dependence on market changes. The PMO recommended to use an agile approach and the project manager scheduled reference checks to select the implementation partner. To be successful, agile needs a high level of trust between the client and vendor. Which of the following aspects should the project manager look for to build trust that the vendor can deliver? (Choose 2).",,,A,,A.Processes and tools - to ensure that the vendor used an efficient and repeatable delivery approach,,,FALSE,B,,B.Technical excellence - to ensure that the deliverables were completed as soon as possible and of a high quality,,,TRUE,C,,C.Perseverance - to ensure that the vendor overcome the challenges inherent to frequent scope change,,,TRUE,D,,D.Planning skills - to ensure that the vendor met the costs and milestones agreed in the contract,,,FALSE,,,,,,,,,,,,,,,,,,,,,,,,,,,,,,,,,,,,,,,,,,,,,,,,,,,,,,,,,,,,,,,,,,,,,,,,,,,,,,,,,,,,,,,,,,,,,,,,
37efd5a7-22e5-466a-8057-797f1850f206,exam-hall-04,SINGLE_CHOICE,DRAFT,,,"A project has begun to develop a new software application that will be used by the company's sales team. The project is expected to take six months to complete and has a budget of $100,000. The project manager has identified software development tools, hardware, and training to be procured. What is the most important thing for the project manager to do while developing the procurement plan?",,,A,,A.Ensure that all resources will be procured within budget.,,,TRUE,B,,B.Ensure that the project is on schedule with no delays.,,,FALSE,C,,C.Ensure that all procured resources are of great quality.,,,FALSE,D,,D.Ensure that all resources will be procured on schedule.,,,FALSE,,,,,,,,,,,,,,,,,,,,,,,,,,,,,,,,,,,,,,,,,,,,,,,,,,,,,,,,,,,,,,,,,,,,,,,,,,,,,,,,,,,,,,,,,,,,,,,,
7781f801-3b17-4f54-a5be-6253d7116801,exam-hall-04,SINGLE_CHOICE,DRAFT,,,"The project manager for a complex project, aimed at improving the company's financial results, decides to use the Expected Monetary Value (EMV) method to select the best strategy. To achieve this, the project team defines three scenarios with the following probabilities of outcome: scenario 1 (25%), scenario 2 (50%), and scenario 3 (25%) for strategy A, with scores $160, $120, and -$20 respectively. The other strategy, strategy B, scored an EMV of $75. Which strategy will the project manager prefer?",,,A,,A.Strategy A with an EMV score for Strategy A of 65.,,,FALSE,B,,B.Strategy B with an EMV score for Strategy B of 75.,,,FALSE,C,,C.Strategy A with an EMV score for Strategy A of 95.,,,TRUE,D,,D.Strategy B with an EMV score for Strategy A of 95.,,,FALSE,,,,,,,,,,,,,,,,,,,,,,,,,,,,,,,,,,,,,,,,,,,,,,,,,,,,,,,,,,,,,,,,,,,,,,,,,,,,,,,,,,,,,,,,,,,,,,,,
7b7cb3a1-ce0c-4fef-87a9-863eb40912d6,exam-hall-04,SINGLE_CHOICE,DRAFT,,,"A project manager is working on a project that is part of a large business transformation initiative. The project has gained support from the quality department's executives. Even though the scope is not yet finalized, the sponsor was able to obtain a large contingency budget to cover any scope changes and they assured the project manager that money is not an issue. All of these changes are expedited due to the strategic importance of the project. What should be the project manager's primary focus in developing the strategy to manage change?",,,A,,A.Develop a stakeholder needs assessment,,,TRUE,B,,B.Develop a work breakdown structure (WBS),,,FALSE,C,,C.Develop a risk breakdown structure (RBS),,,FALSE,D,,D.Develop an organizational communication plan,,,FALSE,,,,,,,,,,,,,,,,,,,,,,,,,,,,,,,,,,,,,,,,,,,,,,,,,,,,,,,,,,,,,,,,,,,,,,,,,,,,,,,,,,,,,,,,,,,,,,,,
5168a972-9664-46c4-bfbf-f52a66016eee,exam-hall-04,SINGLE_CHOICE,DRAFT,,,"A majority portion of a local company was recently sold to an international company. The new parent company is mandating the use of health, safety, and environmental (HSE) regulations for all projects in the local company. What should the project managers do to remain compliant?",,,A,,A.Wait for the functional department responsible for HSE regulations to communicate the process change.,,,FALSE,B,,B.Ask the functional department responsible for HSE regulations to assign a new team member.,,,FALSE,C,,C.Speak with the project sponsor to get clarification about the new HSE regulations.,,,FALSE,D,,D.Meet with the HSE team to understand the impact of the new regulations on the projects.,,,TRUE,,,,,,,,,,,,,,,,,,,,,,,,,,,,,,,,,,,,,,,,,,,,,,,,,,,,,,,,,,,,,,,,,,,,,,,,,,,,,,,,,,,,,,,,,,,,,,,,
f3f95f37-4c1a-4aa5-97f4-5eacc8038820,exam-hall-04,SINGLE_CHOICE,DRAFT,,,A project manager is finishing a project and the sponsor is requesting insights on benefits realization. How can the project manager calculate project outcomes value?,,,A,,A.Evaluate qualitative and quantitative project benefits.,,,TRUE,B,,B.Price tangible benefits and divide them by expenses.,,,FALSE,C,,C.Conduct a retrospective financial assessment.,,,FALSE,D,,D.Assess outcomes and compare them to the budget.,,,FALSE,,,,,,,,,,,,,,,,,,,,,,,,,,,,,,,,,,,,,,,,,,,,,,,,,,,,,,,,,,,,,,,,,,,,,,,,,,,,,,,,,,,,,,,,,,,,,,,,
104f0c95-7d0d-4611-b223-cc0889577617,exam-hall-04,SINGLE_CHOICE,DRAFT,,,"Teams A and B are working on two different agile projects for the same customer. They are using the same method to calculate units of work, and each iteration is 2 weeks long. In the first two iterations, team A completed 150 units of work and team B completed 200 units of work. Both teams' tasks are getting completed as planned. The customer reported 5 errors per unit of work for Team A and 10 errors per unit of work for Team B. What conclusion should the project manager have regarding the teams and their performances?",,,A,,A.Team B is performing better than Team A as they have completed more units of work in the same duration.,,,FALSE,B,,"B.Teams A and B have completed their tasks as planned; therefore, they are both performing equally.",,,FALSE,C,,C.Team A is performing better than Team B because there are fewer errors per unit of work.,,,TRUE,D,,"D.The teams have completed just two iterations; therefore, it is too early to assess their performance.",,,FALSE,,,,,,,,,,,,,,,,,,,,,,,,,,,,,,,,,,,,,,,,,,,,,,,,,,,,,,,,,,,,,,,,,,,,,,,,,,,,,,,,,,,,,,,,,,,,,,,,
fbcb0e5c-2246-4be1-881c-2a58b572f5ef,exam-hall-04,SINGLE_CHOICE,DRAFT,,,"A complex technology project is in the execution phase. New technologies are added to the backlog based on customer requirements, which will involve significant changes to the deliverable. What should the project manager do to satisfy the customer?",,,A,,A.Replan the sprints and releases to meet every expectation of the customer.,,,FALSE,B,,B.Manage customer expectations based on the organization's business needs.,,,TRUE,C,,"C.Accept the new requirements, and schedule meetings to plan a new release schedule.",,,FALSE,D,,D.Push the project team to increase flexibility and accept the new challenge.,,,FALSE,,,,,,,,,,,,,,,,,,,,,,,,,,,,,,,,,,,,,,,,,,,,,,,,,,,,,,,,,,,,,,,,,,,,,,,,,,,,,,,,,,,,,,,,,,,,,,,,
fba9130a-dc4b-4023-95ac-b0b76374f21d,exam-hall-04,SINGLE_CHOICE,DRAFT,,,"A parent company announces an integration project for all of its subsidiary companies. The integration project covers the legal, human resources (HR), and finance departments of the subsidiary companies. Senior management is investing in this as the company's first agile project and a new project manager has been assigned. What should the project manager do first?",,,A,,A.Meet with the stakeholders to discuss risks.,,,FALSE,B,,B.Develop a team charter.,,,FALSE,C,,C.Plan to enhance the team's agile maturity level.,,,FALSE,D,,D.Develop a transition strategy.,,,TRUE,,,,,,,,,,,,,,,,,,,,,,,,,,,,,,,,,,,,,,,,,,,,,,,,,,,,,,,,,,,,,,,,,,,,,,,,,,,,,,,,,,,,,,,,,,,,,,,,
507c3715-eaec-4530-adeb-ef6d0207a879,exam-hall-04,SINGLE_CHOICE,DRAFT,,,"During a product backlog refinement meeting, a stakeholder from the legal department and the product owner disagree on the prioritization of a particular item. The product owner states that the current prioritization is adding maximum value to the project, and the stakeholder states that the item should be prioritized because it is a governmental compliance requirement. What should the project manager do in this situation?",,,A,,A.Yield to the product owner's prioritization authority and remind the stakeholder that it is not their responsibility.,,,FALSE,B,,B.Examine previous situations in the lessons learned register to find a solution and prioritize the backlog accordingly.,,,FALSE,C,,C.Use negotiation techniques to convince the product owner to prioritize the backlog as suggested by the stakeholder.,,,FALSE,D,,D.Facilitate a discussion between the product owner and the stakeholder to discuss their perspectives and concerns.,,,TRUE,,,,,,,,,,,,,,,,,,,,,,,,,,,,,,,,,,,,,,,,,,,,,,,,,,,,,,,,,,,,,,,,,,,,,,,,,,,,,,,,,,,,,,,,,,,,,,,,
7703d97a-b713-4616-bfad-258cc1379929,exam-hall-04,SINGLE_CHOICE,DRAFT,,,An international company is implementing an innovative technology at one of its production plants. The technology has already demonstrated positive returns at another site. What should the project manager consider as a key aspect of the successful implementation of this technology?,,,A,,A.Assess the business case to ensure the return on investment (ROI) meets or exceeds the performance indicators of the first site.,,,FALSE,B,,B.Consult with the technology manager to ensure the technology can fit in the new site.,,,FALSE,C,,C.Conduct an information-sharing workshop to present the new technology and its benefits to the new site's stakeholders.,,,TRUE,D,,D.Develop the project charter for implementation at the new site using the lessons learned from the first site.,,,FALSE,,,,,,,,,,,,,,,,,,,,,,,,,,,,,,,,,,,,,,,,,,,,,,,,,,,,,,,,,,,,,,,,,,,,,,,,,,,,,,,,,,,,,,,,,,,,,,,,
49edff96-ef21-4fd8-9cdb-255e7335552e,exam-hall-04,SINGLE_CHOICE,DRAFT,,,"During final inspection of a deliverable, the quality team observes that there is a deviation on a particular component. The customer, however, has not indicated anything with regard to this in its specifications. What should the project manager do?",,,A,,A.Raise the matter to a technical expert.,,,FALSE,B,,B.Conduct a quality assurance audit.,,,TRUE,C,,C.Approve the deliverable as it does not deviate from any customer specifications.,,,FALSE,D,,"D.Reject the deliverable, citing deviation from the project specifications.",,,FALSE,,,,,,,,,,,,,,,,,,,,,,,,,,,,,,,,,,,,,,,,,,,,,,,,,,,,,,,,,,,,,,,,,,,,,,,,,,,,,,,,,,,,,,,,,,,,,,,,
dbca0a10-fb5a-4f7e-b28b-8ef45de4f5bb,exam-hall-04,SINGLE_CHOICE,DRAFT,,,"During a new technology project, confusion arises due to the lack of a clearly defined and communicated future state of the product. What should the project manager do next?",,,A,,A.Create and get approval on a benefits management plan.,,,TRUE,B,,B.Ask the project sponsor what the project outcome should be.,,,FALSE,C,,C.Discuss the scope and objectives with the functional owner.,,,FALSE,D,,D.Review the project's business case to identify alternatives.,,,FALSE,,,,,,,,,,,,,,,,,,,,,,,,,,,,,,,,,,,,,,,,,,,,,,,,,,,,,,,,,,,,,,,,,,,,,,,,,,,,,,,,,,,,,,,,,,,,,,,,
54e24e64-f654-4917-9076-fb635966409f,exam-hall-04,SINGLE_CHOICE,DRAFT,,,A new regulation has been approved that will impact the deliverables in the fourth phase of the project. The delivery is following an iterative approach and is currently completing the second phase. What should the project manager do next? What should the project manager do next?,,,A,,A.Consult with the project sponsor to discuss a cost increase.,,,FALSE,B,,B.Get approval for the additional budget from the steering committee.,,,FALSE,C,,C.Meet with subject matter experts (SMEs) to assess the impact to objectives.,,,TRUE,D,,D.Acquire approval for an exception to the implementation of the new regulation.,,,FALSE,,,,,,,,,,,,,,,,,,,,,,,,,,,,,,,,,,,,,,,,,,,,,,,,,,,,,,,,,,,,,,,,,,,,,,,,,,,,,,,,,,,,,,,,,,,,,,,,
5f9e92ea-13c9-439a-b140-ab0dfca6b307,exam-hall-04,SINGLE_CHOICE,DRAFT,,,"A project manager is leading a wastewater treatment project for a factory. During project execution, the government unexpectedly releases new environmental protection standards that are stricter than the previous standards. To ensure compliance with these updated regulations, what should the project manager's initial course of action be?",,,A,,A.Meet with the project team to assess the implications of the new government regulations on the project requirements.,,,TRUE,B,,B.Review the project's risk register to determine if this change was previously documented as a potential risk to the project.,,,FALSE,C,,C.Draft a formal change request detailing the adjustments and submit it to the change control board (CCB) for evaluation.,,,FALSE,D,,D. Initiate discussions with the government agency to negotiate a revised timeline for adopting the new environmental standards.,,,FALSE,,,,,,,,,,,,,,,,,,,,,,,,,,,,,,,,,,,,,,,,,,,,,,,,,,,,,,,,,,,,,,,,,,,,,,,,,,,,,,,,,,,,,,,,,,,,,,,,
afce3258-c774-480f-a6c8-826f2f12647a,exam-hall-04,SINGLE_CHOICE,DRAFT,,,"A team member suggests using a new product to speed up feature development, but this will increase the project budget. The project team is taking an incremental approach to product development, and the product owner is responsible for prioritizing and managing the product backlog. What should the project manager do first?",,,A,,A.Consult the product owner and present the benefits and drawbacks of using the new product.,,,TRUE,B,,B.Review and update the cost management plan to accommodate the potential budget impact.,,,FALSE,C,,C.Request additional funding for the implementation of the new product from the project sponsor.,,,FALSE,D,,D.Revise the acceptance criteria for the user stories to incorporate the new product effectively.,,,FALSE,,,,,,,,,,,,,,,,,,,,,,,,,,,,,,,,,,,,,,,,,,,,,,,,,,,,,,,,,,,,,,,,,,,,,,,,,,,,,,,,,,,,,,,,,,,,,,,,
682c1771-039c-4708-b0e3-0760fb290e3e,exam-hall-04,SINGLE_CHOICE,DRAFT,,,A project manager is currently overseeing a project from its inception and is aware that there are several assumptions and dependencies integral to the project's success. What action should the project manager take in this situation?,,,A,,A.Seek support from the project sponsor to allocate a dedicated resource to monitor and track benefits realization.,,,FALSE,B,,B.Instruct the project team to record all the assumptions and track all the changes.,,,TRUE,C,,C.Facilitate a brainstorming session with the project team to formulate a comprehensive risk mitigation plan.,,,FALSE,D,,D.Ask the project management office (PMO) to implement a benefits measurement system to verify benefit metrics and associated risks.,,,FALSE,,,,,,,,,,,,,,,,,,,,,,,,,,,,,,,,,,,,,,,,,,,,,,,,,,,,,,,,,,,,,,,,,,,,,,,,,,,,,,,,,,,,,,,,,,,,,,,,
78929fb0-6550-4bd2-acb8-eed1bd8da8d8,exam-hall-04,SINGLE_CHOICE,DRAFT,,,"A new customer relations database is being deployed. The schedule calls for migration from the previous system to occur over one weekend. However, some key stakeholders believe it may take more time for the migration. What should the project manager do?",,,A,,A.Assess the concerns and risks of not deploying within the scheduled time frame and react accordingly.,,,TRUE,B,,B.Change the deployment plan such that additional resources are available to perform the weekend deployment.,,,FALSE,C,,C.Review and revise as necessary the risk management plan,,,FALSE,D,,D.Modify the schedule to increase the time frame of the deployment plan.,,,FALSE,,,,,,,,,,,,,,,,,,,,,,,,,,,,,,,,,,,,,,,,,,,,,,,,,,,,,,,,,,,,,,,,,,,,,,,,,,,,,,,,,,,,,,,,,,,,,,,,
0c19fba6-1ad6-43f3-9ac7-6c10afa8b9e1,exam-hall-04,SINGLE_CHOICE,DRAFT,,,"A team is working on a new product using a gated approach. After the third sprint they noticed that the market needs may be changing, and the product may not fit the new market needs. What should the project manager do next?",,,A,,A.Survey the market for possible impacts on the project.,,,TRUE,B,,B.Change the product’s scope to meet the new needs.,,,FALSE,C,,C.Finalize the product on time and budget to launch as planned.,,,FALSE,D,,D.Review the backlog to see the impact of the new needs.,,,FALSE,,,,,,,,,,,,,,,,,,,,,,,,,,,,,,,,,,,,,,,,,,,,,,,,,,,,,,,,,,,,,,,,,,,,,,,,,,,,,,,,,,,,,,,,,,,,,,,,
9132a26e-9927-47df-9a9a-fb243851829d,exam-hall-04,SINGLE_CHOICE,DRAFT,,,"After several interviews with key stakeholders and checking the project charter, a project manager found that the current project organizational structure is no longer appropriate for the project's strategic goals. What should the project manager do next?",,,A,,A.Assess the lessons learned documents and validate which organizational structure was used in the past for similar projects.,,,FALSE,B,,B.Ask the team to document the risk in the project risk register and develop a risk response plan accordingly.,,,FALSE,C,,C.Evaluate the gaps between the current organizational structure and the expected project benefits to determine required actions.,,,TRUE,D,,D.Ask the team to review the project charter and evaluate the project objectives for relevance.,,,FALSE,,,,,,,,,,,,,,,,,,,,,,,,,,,,,,,,,,,,,,,,,,,,,,,,,,,,,,,,,,,,,,,,,,,,,,,,,,,,,,,,,,,,,,,,,,,,,,,,
3f5db03a-797b-4875-8b65-51779975d6ee,exam-hall-04,SINGLE_CHOICE,DRAFT,,,"A company is going through an organizational change. Most of the senior management has changed, including the project manager's direct supervisor. The supervisor has an aggressive working style, and has made critical comments to the project manager regarding the ongoing project, without really understanding the situation. The project manager feels uncomfortable working with the new supervisor. What should the project manager do next?",,,A,,A.Hold a project review meeting to explain the key points of the project to the new supervisor.,,,FALSE,B,,B.Apply the new supervisor's recommendations to the project.,,,FALSE,C,,C.Evaluate the impact of the organizational change to the project.,,,TRUE,D,,D.Communicate to the project team that they need to be ready to embrace change.,,,FALSE,,,,,,,,,,,,,,,,,,,,,,,,,,,,,,,,,,,,,,,,,,,,,,,,,,,,,,,,,,,,,,,,,,,,,,,,,,,,,,,,,,,,,,,,,,,,,,,,
51d7b08a-3733-4db7-9306-b921df918a44,exam-hall-04,SINGLE_CHOICE,DRAFT,,,"During the last iteration of planning in an agile project, the team discovers that mandatory regulations were not included in the minimum viable product (MVP). What should the project manager do?",,,A,,A.Ask the team to include this regulatory requirement in the iteration backlog.,,,FALSE,B,,B.Ask the product owner to review the priority of this regulatory requirement.,,,TRUE,C,,C.Ask the stakeholders to review the priority of this regulatory requirement.,,,FALSE,D,,D.Ask the sponsor for approval to include this regulatory requirement in the iteration backlog.,,,FALSE,,,,,,,,,,,,,,,,,,,,,,,,,,,,,,,,,,,,,,,,,,,,,,,,,,,,,,,,,,,,,,,,,,,,,,,,,,,,,,,,,,,,,,,,,,,,,,,,
0266dd04-7449-49ea-9ea7-1135b13b1743,exam-hall-04,SINGLE_CHOICE,DRAFT,,,"A project manager had just started a long-term project when the government implemented new legislation that all engineers working in the state need to be registered. Registration is based on work area, experience, and professional development completed in the last 3 years. Due to budget constraints in the company for the past three years, there were limited opportunities for engineers to gain formal professional development. How should the project manager handle the situation?",,,A,,A.Send a request to the change management board to assess the situation.,,,FALSE,B,,B.Review the team's skills matrix and update the resource management plan.,,,TRUE,C,,C.Send all of the engineers to professional development to meet the requirements.,,,FALSE,D,,D.Inform the engineers that they need to be registered to keep working for the company.,,,FALSE,,,,,,,,,,,,,,,,,,,,,,,,,,,,,,,,,,,,,,,,,,,,,,,,,,,,,,,,,,,,,,,,,,,,,,,,,,,,,,,,,,,,,,,,,,,,,,,,
b574ad39-7063-405f-8cb2-eafcc655a5fe,exam-hall-04,SINGLE_CHOICE,DRAFT,,,What approach should a project manager employ to encourage collaboration among developers in an agile development model? Behavior-driven development builds on established test-driven practices including using a shared domain language to encourage closer collaboration and understanding within the team.,,,A,,A.Acceptance testing,,,FALSE,B,,B.Behavior-driven development,,,TRUE,C,,C.Joint application development,,,FALSE,D,,D.Rapid application development,,,FALSE,,,,,,,,,,,,,,,,,,,,,,,,,,,,,,,,,,,,,,,,,,,,,,,,,,,,,,,,,,,,,,,,,,,,,,,,,,,,,,,,,,,,,,,,,,,,,,,,
0ace472b-635f-4844-8ea7-dfc63491cd9b,exam-hall-04,SINGLE_CHOICE,DRAFT,,,"During a business status meeting, the project manager acknowledges that several market conditions have recently changed dramatically. As a result, the expected value of the project in progress may be threatened. What should the project manager do next?",,,A,,A.Stop the project immediately due to uncertainty that the project will deliver the expected value.,,,FALSE,B,,B.Continue with the project since the project manager has not been formally informed of any change in market conditions.,,,FALSE,C,,C.Ask the project team to investigate the evolution of market conditions during the last 6 months.,,,FALSE,D,,D.Meet with the project sponsor to discuss the information and ask if the organization still supports delivery of the project.,,,TRUE,,,,,,,,,,,,,,,,,,,,,,,,,,,,,,,,,,,,,,,,,,,,,,,,,,,,,,,,,,,,,,,,,,,,,,,,,,,,,,,,,,,,,,,,,,,,,,,,
27a08d20-3e05-41d2-8e15-3f4b2172dad3,exam-hall-04,SINGLE_CHOICE,DRAFT,,,"The local government regulator has issued a notification to all companies regarding a new project aimed at facilitating information reporting to an international regulator. However, due to the dynamic nature of the project, there is a possibility of changing requirements while the delivery date remains fixed. The project manager assigned to this initiative is concerned about the uncertainty and the short timeline for delivery. How should the project manager best prepare to address this situation?",,,A,,A.Implement iterative and incremental approaches in relevant areas of the project to adapt to changing requirements.,,,TRUE,B,,B.Meet with the sponsor to determine a detailed project schedule to ensure that the project is completed on time.,,,FALSE,C,,C.Develop a detailed contingency plan using the crashing technique to expedite project activities as needed.,,,FALSE,D,,D.Enhance communication strategies and engagement with the local government to ensure alignment and timely updates.,,,FALSE,,,,,,,,,,,,,,,,,,,,,,,,,,,,,,,,,,,,,,,,,,,,,,,,,,,,,,,,,,,,,,,,,,,,,,,,,,,,,,,,,,,,,,,,,,,,,,,,
a660a7d4-038a-4ee2-9379-134957bbd8f5,exam-hall-04,SINGLE_CHOICE,DRAFT,,,"A project manager has started developing a plan for a new project. During the first planning meeting, the stakeholders ask about the project's value and how it relates to the organization's goals. What should the project manager do next?",,,A,,A.Refer the stakeholders to the scope management plan.,,,FALSE,B,,B.Refer the stakeholders to the project charter.,,,TRUE,C,,C.Invite the project sponsor to join the meeting to address questions.,,,FALSE,D,,D.Ask the project management office (PMO) to provide the necessary documentation.,,,FALSE,,,,,,,,,,,,,,,,,,,,,,,,,,,,,,,,,,,,,,,,,,,,,,,,,,,,,,,,,,,,,,,,,,,,,,,,,,,,,,,,,,,,,,,,,,,,,,,,
7051b6e7-51a0-48eb-a0ca-ab573aef6a38,exam-hall-04,MULTIPLE_CHOICE,DRAFT,,,A project manager is leading a remote home office implementation. The project manager is surprised with early signs of resistance from key stakeholders in the organization. The key stakeholders strongly disagree with the change and will require more persuasion than the project manager originally expected. Which two tools and techniques should be used to identify the organizational and project influence of the stakeholders? (Choose two),,,A,,A.Stakeholder matrix,,,TRUE,B,,B.RACI chart,,,FALSE,C,,C.Stakeholder analysis,,,FALSE,D,,D.Stakeholder map,,,TRUE,E,,E.Engagement map,,,FALSE,,,,,,,,,,,,,,,,,,,,,,,,,,,,,,,,,,,,,,,,,,,,,,,,,,,,,,,,,,,,,,,,,,,,,,,,,,,,,,,,,,,,,,,,,,
c11fdb91-c7f8-4210-96f7-efc42b055318,exam-hall-04,SINGLE_CHOICE,DRAFT,,,"A company has undertaken a large transformation project to prepare itself for the changing economy. During the execution of the transformation project, a new technology emerges that was not foreseen in the risk management plan. What should the project manager do?",,,A,,A.Escalate this to the IT department and organize training for the impacted team members.,,,FALSE,B,,B.Revisit the procurement management plan and identify the impacted contracts for upcoming purchases.,,,FALSE,C,,C.Revisit the risk management plan and apply the project risk planning process.,,,TRUE,D,,D.Escalate the issue to the next steering committee and facilitate a brainstorming meeting.,,,FALSE,,,,,,,,,,,,,,,,,,,,,,,,,,,,,,,,,,,,,,,,,,,,,,,,,,,,,,,,,,,,,,,,,,,,,,,,,,,,,,,,,,,,,,,,,,,,,,,,
a996f3ae-f6b0-4d9a-a423-024b54fdf55f,exam-hall-04,SINGLE_CHOICE,DRAFT,,,"A critical software development project has been in development for the past six sprints. A demonstration for stakeholders took place two days before the final sprint, in which a new stakeholder voiced that the product would not meet expectations for the market. What should the project manager do next?",,,A,,A.Discuss the matter with the project sponsor and new stakeholder and request them to fix the expectation issue.,,,FALSE,B,,B.Review the scope and plan of the project with the new stakeholder.,,,TRUE,C,,C.Review the list of required tasks with the development team and new stakeholder.,,,FALSE,D,,D.Follow the change management plan and revise the scope and plan upon the stakeholders' request.,,,FALSE,,,,,,,,,,,,,,,,,,,,,,,,,,,,,,,,,,,,,,,,,,,,,,,,,,,,,,,,,,,,,,,,,,,,,,,,,,,,,,,,,,,,,,,,,,,,,,,,
b73744ea-b32f-448b-b259-2fbbfd8a65d7,exam-hall-04,SINGLE_CHOICE,DRAFT,,,"While executing a critical iterative phase of a project, a problem previously identified as a risk just became a confirmed issue, which has halted progress. After entering the new item in the issue log, what should the project manager do next?",,,A,,A.Increase communications and involve stakeholders in the resolution whenever necessary.,,,TRUE,B,,B.Change the communications management plan and assign ownership to a team member.,,,FALSE,C,,C.Escalate the issue within the team during the next project retrospective meeting.,,,FALSE,D,,D.Add the issue to the product backlog to bring it into focus during the current sprint.,,,FALSE,,,,,,,,,,,,,,,,,,,,,,,,,,,,,,,,,,,,,,,,,,,,,,,,,,,,,,,,,,,,,,,,,,,,,,,,,,,,,,,,,,,,,,,,,,,,,,,,
1149842c-4d5d-4504-ae04-609e0492db22,exam-hall-04,SINGLE_CHOICE,DRAFT,,,"During the execution phase of a project, a new project manager is assigned to replace the previous project manager. As the project manager starts managing the project, they discover that team performance is significantly decreasing, which is impacting the project's key performance indicators (KPIs). This team has delivered good performance on similar projects in the past. What should the project manager do next to improve this situation?",,,A,,A.Review the resource management plan and organizational assets.,,,FALSE,B,,B.Implement compression techniques to bring the project back on track.,,,FALSE,C,,C.Call for a team meeting to identify the root cause for the declining performance.,,,TRUE,D,,D.Estimate the baseline impacts and submit a change request.,,,FALSE,,,,,,,,,,,,,,,,,,,,,,,,,,,,,,,,,,,,,,,,,,,,,,,,,,,,,,,,,,,,,,,,,,,,,,,,,,,,,,,,,,,,,,,,,,,,,,,,
a33add5b-42fb-4680-a39a-109080a9e833,exam-hall-04,SINGLE_CHOICE,DRAFT,,,"A project team has recently finished a sprint for developing two features for a fleet management system. Although the team delivered the required features, they encountered several issues and conflicts during the sprint. Team members were upset about this experience and are now showing a lack of motivation due to what has occurred. What can the project manager do to help increase the team's motivation and engagement with the project?",,,A,,A.Set up one-on-one meetings with the project team members.,,,FALSE,B,,B.Review sprint progress with the project team members.,,,FALSE,C,,C.Review sprint planning procedures with the project team members.,,,FALSE,D,,D.Perform a sprint retrospective with the project team members.,,,TRUE,,,,,,,,,,,,,,,,,,,,,,,,,,,,,,,,,,,,,,,,,,,,,,,,,,,,,,,,,,,,,,,,,,,,,,,,,,,,,,,,,,,,,,,,,,,,,,,,
8fad882a-ad94-4e58-8b52-001adfbc3449,exam-hall-04,SINGLE_CHOICE,DRAFT,,,"A key project stakeholder showed interest in the beginning of a complex agile project but has become less involved as the sprint has progressed due to additional responsibilities. A few sprints later, the key stakeholder rejected a feature deliverable. The team is reworking the rejected deliverable for the next sprint. What should the project manager have done to avoid this situation?",,,A,,A.Documented the project vision and objectives.,,,FALSE,B,,B.Analyzed the changes in stakeholder attributes.,,,FALSE,C,,C.Involved the key stakeholders in the decision-making process.,,,TRUE,D,,D.Customized stakeholder communications based on the stakeholders' needs.,,,FALSE,,,,,,,,,,,,,,,,,,,,,,,,,,,,,,,,,,,,,,,,,,,,,,,,,,,,,,,,,,,,,,,,,,,,,,,,,,,,,,,,,,,,,,,,,,,,,,,,
019976c9-27e3-4c68-8f91-90b6597a25e3,exam-hall-04,SINGLE_CHOICE,DRAFT,,,"A startup in its early stages has been acquired by a major company. In light of this new scenario, the project manager has been requested to review the project's roadmap. What should the project manager do?",,,A,,A.Determine the definition of value with the stakeholders and reprioritize the project's backlog accordingly.,,,TRUE,B,,B.Reprioritize the project's backlog by prioritizing those features that maximize the return on investment (ROI).,,,FALSE,C,,C.Reprioritize the roadmap by focusing on long-term benefits and reducing the technical debt.,,,FALSE,D,,D.Launch a customer survey to better evaluate the key project features prior to reprioritizing the roadmap.,,,FALSE,,,,,,,,,,,,,,,,,,,,,,,,,,,,,,,,,,,,,,,,,,,,,,,,,,,,,,,,,,,,,,,,,,,,,,,,,,,,,,,,,,,,,,,,,,,,,,,,
473368ab-a6e3-43d4-af3f-607f0257ad80,exam-hall-04,SINGLE_CHOICE,DRAFT,,,A project manager has been assigned to a project to implement an asset health management system. The executive business sponsor has indicated that the system is expected to improve the quality of operations and extend the life span of the assets. What should the project manager do in order to demonstrate the business value once the system is in production?,,,A,,"A.Establish critical success criteria, potential cost savings, and ongoing performance metrics for the project.",,,TRUE,B,,B.Write test cases to align with the business values and ensure that acceptance criteria are clear during user acceptance testing (UAT).,,,FALSE,C,,C.Verify that all requirements and acceptance criteria are in alignment with the business value and expectations.,,,FALSE,D,,"D.Validate the return on investment (ROI), review the current asset performance, and use it as a benchmark for future measurements.",,,FALSE,,,,,,,,,,,,,,,,,,,,,,,,,,,,,,,,,,,,,,,,,,,,,,,,,,,,,,,,,,,,,,,,,,,,,,,,,,,,,,,,,,,,,,,,,,,,,,,,
e7759196-6bb2-4246-b6c7-ec80a37f9af5,exam-hall-04,SINGLE_CHOICE,DRAFT,,,"A project manager is working on a project that will deliver a solution in country A. Due to the potential for a security breach, country A's government is banning the technology that will be used in the project's solution, adversely affecting the project. The project manager is close to completing the installation for the project after already procuring the materials and the banned technology. What should the project manager do?",,,A,,A.Review the project management plan and follow the process for change control.,,,TRUE,B,,B.Request that the legal team review the change and determine the appropriate response.,,,FALSE,C,,C.Meet with the project sponsor about the issue and request direction for next steps.,,,FALSE,D,,D.Inform the customer that the project cannot deliver the defined scope.,,,FALSE,,,,,,,,,,,,,,,,,,,,,,,,,,,,,,,,,,,,,,,,,,,,,,,,,,,,,,,,,,,,,,,,,,,,,,,,,,,,,,,,,,,,,,,,,,,,,,,,
67259470-bb00-4309-a260-add8e42becb3,exam-hall-04,SINGLE_CHOICE,DRAFT,,,"A project manager is asked to manage a project that will allow the company to comply with a new, upcoming regulation. Just after project kick-off, the scope is modified to have the project team now work on specific tasks, while a global team will manage the program for several countries in parallel. The project management plan has not yet been shared, and the deadline to complete the project is fixed. What should the project manager do to handle the scope and changes?",,,A,,A.Create a risk entry in the risk management plan due to the lack of a global project management plan.,,,FALSE,B,,B.Formalize the change in the scope with the project sponsor to limit accountability for the specific tasks.,,,FALSE,C,,C.Review the organizational process assets (OPAs) from similar situations and the approaches that were implemented.,,,FALSE,D,,"D.Define an initial backlog and start working on the clearest tasks, then incrementally refine the scope.",,,TRUE,,,,,,,,,,,,,,,,,,,,,,,,,,,,,,,,,,,,,,,,,,,,,,,,,,,,,,,,,,,,,,,,,,,,,,,,,,,,,,,,,,,,,,,,,,,,,,,,
01d6ea7a-6989-4027-8fbb-34760346c96c,exam-hall-04,SINGLE_CHOICE,DRAFT,,,A project manager notices that the project is behind schedule because materials delivery was delayed. The procurement team informs the project manager that new government-imposed rules for the procurement of these materials caused this delay. In what plan should these new rules be documented?,,,A,,A.Procurement management,,,TRUE,B,,B.Communications management,,,FALSE,C,,C.Stakeholder engagement,,,FALSE,D,,D.Schedule management,,,FALSE,,,,,,,,,,,,,,,,,,,,,,,,,,,,,,,,,,,,,,,,,,,,,,,,,,,,,,,,,,,,,,,,,,,,,,,,,,,,,,,,,,,,,,,,,,,,,,,,
797cc77a-fe6e-493f-9d97-730eb6233f84,exam-hall-04,SINGLE_CHOICE,DRAFT,,,"During project execution, an issue arises that requires additional budget and time to resolve the issue. The project team did not identify this issue as a risk during risk management planning. The project sponsor points out that this risk has occurred on past projects. What should the project manager have done to avoid this oversight?",,,A,,A.Reviewed the risk management plan.,,,FALSE,B,,B.Confirmed organizational risk appetite.,,,FALSE,C,,C.Reviewed the lessons learned register.,,,TRUE,D,,D.Allocated additional contingency reserves.,,,FALSE,,,,,,,,,,,,,,,,,,,,,,,,,,,,,,,,,,,,,,,,,,,,,,,,,,,,,,,,,,,,,,,,,,,,,,,,,,,,,,,,,,,,,,,,,,,,,,,,
e2f51399-c435-4574-959a-3f362c6ad865,exam-hall-04,SINGLE_CHOICE,DRAFT,,,The implementation of a business requirement for an IT project impacts several applications. The application owner notices that changes to a function in application X can be started only upon completion of the development of a new feature in application Y. This is an example of what dependency?,,,A,,A.Start-to-start (SS),,,FALSE,B,,B.Finish-to-start (FS),,,TRUE,C,,C.Start-to-finish (SF),,,FALSE,D,,D.Finish-to-finish (FF),,,FALSE,,,,,,,,,,,,,,,,,,,,,,,,,,,,,,,,,,,,,,,,,,,,,,,,,,,,,,,,,,,,,,,,,,,,,,,,,,,,,,,,,,,,,,,,,,,,,,,,
b866964f-0cbb-442b-955b-fe66a60f0a42,exam-hall-04,SINGLE_CHOICE,DRAFT,,,"Due to organizational changes, a key stakeholder is replaced by a new employee. The next status review meeting to update project progress will not take place until next month. What should the project manager do next?",,,A,,A.Schedule a separate meeting with the new stakeholder to brief them on project status.,,,TRUE,B,,B.Prepare and send a project status report to the new stakeholder for review.,,,FALSE,C,,C.Seek advice from the project sponsor on how to obtain support from the new stakeholder.,,,FALSE,D,,D.Wait for the next communication window to share information with the new stakeholder.,,,FALSE,,,,,,,,,,,,,,,,,,,,,,,,,,,,,,,,,,,,,,,,,,,,,,,,,,,,,,,,,,,,,,,,,,,,,,,,,,,,,,,,,,,,,,,,,,,,,,,,
707a07ae-5a04-4124-93cc-009be9e8d728,exam-hall-04,SINGLE_CHOICE,DRAFT,,,"A project team discovers an opportunity to enhance software without impacting the budget or schedule. The team makes the enhancement without proper documentation, which later causes production issues. What process should have been conducted to prevent this?",,,A,,A.Control Schedule,,,FALSE,B,,B.Perform Qualitative Risk Analysis,,,FALSE,C,,C.Plan Scope Management,,,FALSE,D,,D.Perform Integrated Change Control,,,TRUE,,,,,,,,,,,,,,,,,,,,,,,,,,,,,,,,,,,,,,,,,,,,,,,,,,,,,,,,,,,,,,,,,,,,,,,,,,,,,,,,,,,,,,,,,,,,,,,,
b67f4732-c696-4c85-af6f-bf5c26c78813,exam-hall-04,SINGLE_CHOICE,DRAFT,,,A pilot project is ready to close and the project team wants to capture the challenges that were overcome and the opportunities for future work. Where will they document this information?,,,A,,A.Organizational process assets updates,,,FALSE,B,,B.Work performance report,,,FALSE,C,,C.Project management plan,,,FALSE,D,,D.Lessons learned register,,,TRUE,,,,,,,,,,,,,,,,,,,,,,,,,,,,,,,,,,,,,,,,,,,,,,,,,,,,,,,,,,,,,,,,,,,,,,,,,,,,,,,,,,,,,,,,,,,,,,,,
6ff7b22c-f29a-4d4b-b317-4c615bff2251,exam-hall-04,SINGLE_CHOICE,DRAFT,,,"A project's original budget at completion (BAC) was calculated as US$100,000, but the estimate at completion (EAC) is US$120,000. If the schedule performance index (SPI) is equal to 1, what is the cost performance index (CPI)?",,,A,,A.Equal to 1.2,,,FALSE,B,,B.Less than 1,,,TRUE,C,,C.Equal to 1,,,FALSE,D,,D.Greater than 1,,,FALSE,,,,,,,,,,,,,,,,,,,,,,,,,,,,,,,,,,,,,,,,,,,,,,,,,,,,,,,,,,,,,,,,,,,,,,,,,,,,,,,,,,,,,,,,,,,,,,,,
f6fa856f-8e67-44ef-b8de-30da3596c562,exam-hall-04,SINGLE_CHOICE,DRAFT,,,"While reviewing project documentation, a project manager discovers that modifications were made without proper approvals. What should the project manager do next?",,,A,,A.Escalate the issue to the project management office (PMO).,,,FALSE,B,,B.Review the change management plan.,,,TRUE,C,,C.Review the requirements management plan.,,,FALSE,D,,D.Escalate the issue to the project sponsor.,,,FALSE,,,,,,,,,,,,,,,,,,,,,,,,,,,,,,,,,,,,,,,,,,,,,,,,,,,,,,,,,,,,,,,,,,,,,,,,,,,,,,,,,,,,,,,,,,,,,,,,
d5f30bee-7462-4b52-b8c3-d52528b55879,exam-hall-04,SINGLE_CHOICE,DRAFT,,,A project management team is developing a project management information system (PMIS) as a collaboration tool for internal and external stakeholders. The project manager wants to develop a dashboard component within the system that will be updated with information on projects' performance. What should the project manager do first?,,,A,,A.Identify the data that will be displayed.,,,FALSE,B,,B.Select the appropriate visualization tools.,,,FALSE,C,,C.Determine the frequency of dashboard updates.,,,FALSE,D,,D.Define the communication needs of the stakeholders.,,,TRUE,,,,,,,,,,,,,,,,,,,,,,,,,,,,,,,,,,,,,,,,,,,,,,,,,,,,,,,,,,,,,,,,,,,,,,,,,,,,,,,,,,,,,,,,,,,,,,,,
7a026dfa-3b58-4f2f-9aea-054fd82413e5,exam-hall-04,SINGLE_CHOICE,DRAFT,,,A design project is ready to be transferred to production. What activity is required for phase closure?,,,A,,A.Determine summary budget.,,,FALSE,B,,B.Manage quality.,,,FALSE,C,,C.Ensure preventive actions are completed.,,,FALSE,D,,D.Record impacts of tailoring to any process.,,,TRUE,,,,,,,,,,,,,,,,,,,,,,,,,,,,,,,,,,,,,,,,,,,,,,,,,,,,,,,,,,,,,,,,,,,,,,,,,,,,,,,,,,,,,,,,,,,,,,,,
47792dc2-e438-460d-a00a-93f2ef91d87a,exam-hall-04,SINGLE_CHOICE,DRAFT,,,A geographically dispersed team successfully completed a project. The project manager wants to quickly obtain the team's feedback for statistical analysis. What method should the project manager use?,,,A,,A.Video conference,,,FALSE,B,,B.Focus group,,,FALSE,C,,C.Questionnaires,,,TRUE,D,,D.Email,,,FALSE,,,,,,,,,,,,,,,,,,,,,,,,,,,,,,,,,,,,,,,,,,,,,,,,,,,,,,,,,,,,,,,,,,,,,,,,,,,,,,,,,,,,,,,,,,,,,,,,
461a41e9-03bf-4912-ae76-1526bb990d49,exam-hall-04,SINGLE_CHOICE,DRAFT,,,"At the completion of a project, customer agreement cannot be achieved through negotiations. What should the project manager do next?",,,A,,A.Inform project team members.,,,FALSE,B,,B.Initiate litigation since all work was completed.,,,FALSE,C,,C.Start the closing phase.,,,FALSE,D,,D.Explore arbitration.,,,TRUE,,,,,,,,,,,,,,,,,,,,,,,,,,,,,,,,,,,,,,,,,,,,,,,,,,,,,,,,,,,,,,,,,,,,,,,,,,,,,,,,,,,,,,,,,,,,,,,,
a08c33cd-1abd-4026-a5cd-114e37808e2e,exam-hall-04,SINGLE_CHOICE,DRAFT,,,"During a project's execution, a previously unidentified stakeholder within the customer's organization requests a change that could affect the project's scope. The stakeholder's influence within the customer's organization is strong. What should the project manager do first?",,,A,,"A.Schedule a meeting and, based on the outcome, update the project management plan.",,,FALSE,B,,B.Issue a change request to the change control board (CCB).,,,FALSE,C,,C.Identify the new stakeholder and update the stakeholder register.,,,TRUE,D,,D.Meet with all stakeholders to discuss the change.,,,FALSE,,,,,,,,,,,,,,,,,,,,,,,,,,,,,,,,,,,,,,,,,,,,,,,,,,,,,,,,,,,,,,,,,,,,,,,,,,,,,,,,,,,,,,,,,,,,,,,,
1cb14d7a-7cc9-4c18-8b99-e006b5c3983a,exam-hall-04,SINGLE_CHOICE,DRAFT,,,"While forming the team to work on a global project with incremental deliveries, the project leader shared the performance measurement plan with the team. Team members did not appreciate the proposed plan, as they expressed it is not realistic. What should the project leader do to ensure the team member's engagement in the implementation of the performance management plan?",,,A,,"A.Ask the team members to abide by the plan, otherwise, they will not be properly appraised.",,,FALSE,B,,"B.Include self-assessments at the start, middle, and end of the project to increase the autonomy of the team.",,,TRUE,C,,C.Ask the human resources team to deliver a presentation about the company's performance measurements.,,,FALSE,D,,D.Talk to the team member on a one-on-one basis to convince them about the benefits of the proposed plan.,,,FALSE,,,,,,,,,,,,,,,,,,,,,,,,,,,,,,,,,,,,,,,,,,,,,,,,,,,,,,,,,,,,,,,,,,,,,,,,,,,,,,,,,,,,,,,,,,,,,,,,
4c4bf332-cd4a-44ef-adfc-e421a4c0a392,exam-hall-04,SINGLE_CHOICE,DRAFT,,,"A project manager recently completed a project in which they resolved numerous sub-standard deliverables rejected by the customer. The project manager noticed that when thirty (30) prioritized defects of the one hundred (100) total identified for the project were resolved, this resulted in the customer satisfaction feedback increasing to 100% and all deliverables being accepted. Which principle does this occurrence demonstrate?",,,A,,A.Pareto,,,TRUE,B,,B.Monte Carlo,,,FALSE,C,,C.Kaizen,,,FALSE,D,,D.Voice of customer,,,FALSE,,,,,,,,,,,,,,,,,,,,,,,,,,,,,,,,,,,,,,,,,,,,,,,,,,,,,,,,,,,,,,,,,,,,,,,,,,,,,,,,,,,,,,,,,,,,,,,,
fc30abb0-38a9-4f75-8781-3e2fc1bbc2a4,exam-hall-04,SINGLE_CHOICE,DRAFT,,,What are the main outputs of the risk identification process?,,,A,,A.Risk report and risk register,,,FALSE,B,,"B.Risk report, risk register, and project documents updates",,,TRUE,C,,"C.Risk management plan, risk register, and risk responses",,,FALSE,D,,"D.Risk report, probability, and impact matrix",,,FALSE,,,,,,,,,,,,,,,,,,,,,,,,,,,,,,,,,,,,,,,,,,,,,,,,,,,,,,,,,,,,,,,,,,,,,,,,,,,,,,,,,,,,,,,,,,,,,,,,
5f6e17ef-0c96-42b5-bd29-d639229c7fa5,exam-hall-04,SINGLE_CHOICE,DRAFT,,,"While conducting a retrospective meeting, team members were surprised from the performance results of the team shared by the project lead. The team have all expressed their ignorance of the measurements and availability of the different tools in place. What should have the project lead done to avoid this situation?",,,A,,A.Ask the HR to explain the different performance measurement tools,,,FALSE,B,,B.Inform the team members to fill in feedback on a regular basis,,,FALSE,C,,C.Provide Team members with continuous feedback about their performance,,,FALSE,D,,D.Planning and define a clear performance measurement framework,,,TRUE,,,,,,,,,,,,,,,,,,,,,,,,,,,,,,,,,,,,,,,,,,,,,,,,,,,,,,,,,,,,,,,,,,,,,,,,,,,,,,,,,,,,,,,,,,,,,,,,
7f5fe6b5-82cc-4201-a951-16891601dea3,exam-hall-04,SINGLE_CHOICE,DRAFT,,,"While forming a team to work on a global project, the project leader calls for an ice breaker meeting between the diverse team members. What should the project manager do to motivate the team to express their expectations?",,,A,,A.Ask the team members to write their expectations on post notes,,,FALSE,B,,B.Ask direct questions to each team member and wait for their responses,,,FALSE,C,,C.Inform the team members about the incentives of the project success,,,FALSE,D,,D.Start by doing a team self-assessment to increase team autonomy,,,TRUE,,,,,,,,,,,,,,,,,,,,,,,,,,,,,,,,,,,,,,,,,,,,,,,,,,,,,,,,,,,,,,,,,,,,,,,,,,,,,,,,,,,,,,,,,,,,,,,,
f1a15cf5-a865-4e74-bad5-d2e4ebae1fd6,exam-hall-04,SINGLE_CHOICE,DRAFT,,,A virtual project team is composed of members from various countries with cultural differences. The project manager is concerned that cultural differences may lead to miscommunication and conflict. What should the project manager do to effectively mitigate against potential conflicts?,,,A,,A.Collaboratively define and communicate the project-specific ground rules.,,,TRUE,B,,B.Require that all communications within the project team are in written form.,,,FALSE,C,,C.Appoint the senior member of one country's team to act as arbitrator if a conflict arises.,,,FALSE,D,,D.Make all conflict resolution decisions and then inform the team.,,,FALSE,,,,,,,,,,,,,,,,,,,,,,,,,,,,,,,,,,,,,,,,,,,,,,,,,,,,,,,,,,,,,,,,,,,,,,,,,,,,,,,,,,,,,,,,,,,,,,,,
e6c8e371-f755-4253-8ae5-52c6fad80685,exam-hall-04,SINGLE_CHOICE,DRAFT,,,A project manager has asked every team member involved in a conflict to make a sacrifice to resolve the situation. This approach corresponds to which conflict resolution technique?,,,A,,A.Compromise/reconcile,,,TRUE,B,,B.Collaborate/problem solve,,,FALSE,C,,C.Smooth/accommodate,,,FALSE,D,,D.Withdraw/avoid,,,FALSE,,,,,,,,,,,,,,,,,,,,,,,,,,,,,,,,,,,,,,,,,,,,,,,,,,,,,,,,,,,,,,,,,,,,,,,,,,,,,,,,,,,,,,,,,,,,,,,,
1c35a258-eb07-49e7-89ae-080861b8c062,exam-hall-04,SINGLE_CHOICE,DRAFT,,,Which statement correctly differentiates management from leadership?,,,A,,A.Managers ask how and when; leaders ask what and why.,,,TRUE,B,,B.Managers focus on long-term goals; leaders focus on short-term goals.,,,FALSE,C,,C.Managers challenge the status quo; leaders accept the status quo.,,,FALSE,D,,D.Managers inspire trust; leaders rely on control.,,,FALSE,,,,,,,,,,,,,,,,,,,,,,,,,,,,,,,,,,,,,,,,,,,,,,,,,,,,,,,,,,,,,,,,,,,,,,,,,,,,,,,,,,,,,,,,,,,,,,,,
e33744e9-1302-4ced-b480-38f1a46fc569,exam-hall-04,MULTIPLE_CHOICE,DRAFT,,,A project manager in an organization selects an agile delivery for a cutting-edge technology project. The project manager develops a professional network and wants the product owner to join this network. Which two benefits will the project manager use to encourage the product owner to join and participate in the network? (Choose two).,,,A,,A.Access to global knowledge and workforce,,,TRUE,B,,B.Lower risk and cost,,,FALSE,C,,C.Opportunity to engage with resources,,,TRUE,D,,D.Formal professional network,,,FALSE,,,,,,,,,,,,,,,,,,,,,,,,,,,,,,,,,,,,,,,,,,,,,,,,,,,,,,,,,,,,,,,,,,,,,,,,,,,,,,,,,,,,,,,,,,,,,,,,
4853490b-f1cd-4059-8909-e53685068144,exam-hall-04,MULTIPLE_CHOICE,DRAFT,,,A project manager is working in an agile environment on a project that will span a few years. The end user asks for a pilot in the first quarter of the project. What are the optimal times to conduct a formal readiness review? (Choose two).,,,A,,A.Every quarter,,,FALSE,B,,B.Every month,,,FALSE,C,,C.At major handoff points,,,TRUE,D,,D.At the beginning of the pilot,,,TRUE,E,,E.At the end of the pilot,,,FALSE,,,,,,,,,,,,,,,,,,,,,,,,,,,,,,,,,,,,,,,,,,,,,,,,,,,,,,,,,,,,,,,,,,,,,,,,,,,,,,,,,,,,,,,,,,
a40603ed-240e-4cc6-97eb-5ef06d6adc48,exam-hall-04,SINGLE_CHOICE,DRAFT,,,A project manager is working on a complex project that includes many stakeholders with conflicting priorities. What should the project manager do to reduce conflict?,,,A,,A.Document and sign off on all deliverables in the project.,,,TRUE,B,,B.Take the lead in all aspects of the negotiations.,,,FALSE,C,,C.Negotiate all aspects with help from the project management office (PMO).,,,FALSE,D,,D.Negotiate all aspects using agile for easy deliveries.,,,FALSE,,,,,,,,,,,,,,,,,,,,,,,,,,,,,,,,,,,,,,,,,,,,,,,,,,,,,,,,,,,,,,,,,,,,,,,,,,,,,,,,,,,,,,,,,,,,,,,,
30745a70-964a-4648-9c8c-59ddd62a8963,exam-hall-04,SINGLE_CHOICE,DRAFT,,,A project team in the middle of an incremental delivery project decided they need the help of a subject matter expert (SME) who is working in a different department. The project team asked the SME to join their team and assist in a specific task and they informed the project leader about this action. What should the project manager do?,,,A,,A.Check the project budget and assess the impact and feasibility of adding an additional resource,,,FALSE,B,,"B.Talk with the project sponsor and get approval, explaining that this resource is important and crucial",,,FALSE,C,,C.Talk to the functional manager of this needed resource and check their availability and bandwidth,,,FALSE,D,,D.Facilitate the coordination of resources with the needed resources based on the teams working agreement,,,TRUE,,,,,,,,,,,,,,,,,,,,,,,,,,,,,,,,,,,,,,,,,,,,,,,,,,,,,,,,,,,,,,,,,,,,,,,,,,,,,,,,,,,,,,,,,,,,,,,,
d952aaf2-5c95-4746-b866-4473e0773df6,exam-hall-04,SINGLE_CHOICE,DRAFT,,,A project team is actively engaged in the preparation of the last delivery before the final product is live in production. What should the project manager do to make sure that the whole team is in full sync?,,,A,,A.Ensure the team is attending the daily meetings and participating actively,,,TRUE,B,,B.Ensure that the needed information is available and accessible to each and every member,,,FALSE,C,,C.Ensure to visualize the work to be done on a white board visual and accessible to all,,,FALSE,D,,D.Ensure there is a room for the team to have regular conversation whenever needed,,,FALSE,,,,,,,,,,,,,,,,,,,,,,,,,,,,,,,,,,,,,,,,,,,,,,,,,,,,,,,,,,,,,,,,,,,,,,,,,,,,,,,,,,,,,,,,,,,,,,,,
73199151-63e7-475c-ac04-2577515b50ff,exam-hall-04,SINGLE_CHOICE,DRAFT,,,A project leader and a product owner had a side conversation about the status of the next delivery. The product owner raised concerns about the way the architecture owner is dealing with the coming delivery. What should the project leader do to address this issue?,,,A,,A.Reassure the product owner not to worry and ask them to attend the daily meetings.,,,FALSE,B,,B.Share the product owner's concerns with the architecture owner and ask for their opinion.,,,FALSE,C,,C.Ask the product owner not to get involved and ignore the concerns until after the delivery.,,,FALSE,D,,D.Make sure that team members attend daily meetings to discuss and resolve issues.,,,TRUE,,,,,,,,,,,,,,,,,,,,,,,,,,,,,,,,,,,,,,,,,,,,,,,,,,,,,,,,,,,,,,,,,,,,,,,,,,,,,,,,,,,,,,,,,,,,,,,,
6df3b03e-c53c-4c11-8331-bbaef34cd1e7,exam-hall-04,SINGLE_CHOICE,DRAFT,,,"During the development of a project, the project manager noticed that results are not as good as expected. Which tool or document shows which elements are impacting the key metrics?",,,A,,A.Pareto chart,,,TRUE,B,,B.Run chart,,,FALSE,C,,C.Project charter,,,FALSE,D,,D.Risk register,,,FALSE,,,,,,,,,,,,,,,,,,,,,,,,,,,,,,,,,,,,,,,,,,,,,,,,,,,,,,,,,,,,,,,,,,,,,,,,,,,,,,,,,,,,,,,,,,,,,,,,
bc2e9f81-6da0-48e7-b2bd-15c82e683508,exam-hall-04,SINGLE_CHOICE,DRAFT,,,"A project manager must make decisions daily, regardless of the decision's level of importance or criticality. What should a project manager do to ensure their decisions are unbiased and rational?",,,A,,A.Utilize data without checking for accuracy,,,FALSE,B,,B.Understand they cannot achieve everything,,,TRUE,C,,C.Make decisions quickly,,,FALSE,D,,D.Make decisions only when the results are certain,,,FALSE,,,,,,,,,,,,,,,,,,,,,,,,,,,,,,,,,,,,,,,,,,,,,,,,,,,,,,,,,,,,,,,,,,,,,,,,,,,,,,,,,,,,,,,,,,,,,,,,
3830e581-b25e-4b3e-8aa9-79c5bc1b27b4,exam-hall-04,SINGLE_CHOICE,DRAFT,,,"A project manager begins to notice disengaged members arriving late, not delivering on time, not attending meetings, and producing low-quality deliveries. What action should the project manager take?",,,A,,A.Investigate the reason for the team members' disengaged behavior and boost morale and participation.,,,TRUE,B,,B.Ask the team members to change the way they are working to match the newest work trends.,,,FALSE,C,,C.Encourage the team to double their efforts to pick up the slack from the disengaged team members.,,,FALSE,D,,D.Request that the team members abandon the process that is slowing their progress.,,,FALSE,,,,,,,,,,,,,,,,,,,,,,,,,,,,,,,,,,,,,,,,,,,,,,,,,,,,,,,,,,,,,,,,,,,,,,,,,,,,,,,,,,,,,,,,,,,,,,,,
6e55c678-d3f3-48fd-b8a8-7a49c77c3616,exam-hall-04,SINGLE_CHOICE,DRAFT,,,A project manager is helping their organization transition from utilizing predictive methods to agile methods. One team member asks when high-level requirements definition and solution design activities should be done in an agile methodology. How should the project manager respond?,,,A,,"A.In agile, these activities must start as soon as the project team is assembled, preferably in sprint one.",,,FALSE,B,,"B.In agile, the team should plan to perform some of these activities as part of sprint zero before starting development.",,,TRUE,C,,"C.In agile, the team should avoid waste, so these activities must be done as part of development.",,,FALSE,D,,"D.In agile, the team follows the last responsible moment strategy and should defer those activities as much as possible.",,,FALSE,,,,,,,,,,,,,,,,,,,,,,,,,,,,,,,,,,,,,,,,,,,,,,,,,,,,,,,,,,,,,,,,,,,,,,,,,,,,,,,,,,,,,,,,,,,,,,,,
968a0900-71b2-45ca-be85-c94625610891,exam-hall-04,SINGLE_CHOICE,DRAFT,,,"A project manager is leading an agile project that is in the execution phase. After a couple of sprints, the project manager realizes that the team's estimates are not realistic. How should the project manager have acted to avoid this?",,,A,,A.Ask the team to address this issue at the next the retrospective to avoid impacting the sprint in progress.,,,FALSE,B,,"B.Obtain approval from project sponsor to add a contingency buffer to the sprint, and change the end date.",,,FALSE,C,,"C.Ask the team to address this issue at the next standup, and meet the commitment for the sprint in progress.",,,FALSE,D,,D.Organize product backlog refinement sessions to better understand the scope and review estimations.,,,TRUE,,,,,,,,,,,,,,,,,,,,,,,,,,,,,,,,,,,,,,,,,,,,,,,,,,,,,,,,,,,,,,,,,,,,,,,,,,,,,,,,,,,,,,,,,,,,,,,,
5fbb9f9e-c579-4d5e-9519-092437e83ec0,exam-hall-04,SINGLE_CHOICE,DRAFT,,,"A delivery milestone for a project is fast approaching, but an item that is planned to be completed is at risk. A team member begins to act defensively and is blaming others for this issue. How should the project manager have acted to avoid this?",,,A,,A.Established ground rules for interaction that the whole team must follow.,,,TRUE,B,,B.Established and maintained meaningful relationships between team members.,,,FALSE,C,,"C.Established formal patterns of authority, responsibility, and accountability.",,,FALSE,D,,D.Established clear delegation and accountability-sharing principles.,,,FALSE,,,,,,,,,,,,,,,,,,,,,,,,,,,,,,,,,,,,,,,,,,,,,,,,,,,,,,,,,,,,,,,,,,,,,,,,,,,,,,,,,,,,,,,,,,,,,,,,
37d4b352-9b1e-41ba-8c14-9d0029a08f3f,exam-hall-04,SINGLE_CHOICE,DRAFT,,,A project manager is managing a project whose sponsor has asked why some of the components of the project were developed in-house. Where can this information be found?,,,A,,"A.In the Procurement Management Plan, under build vs. buy decisions",,,TRUE,B,,"B.In the Project Charter, under the assumptions and constraints section",,,FALSE,C,,"C.In the Technical Architecture Document, under solution boundaries",,,FALSE,D,,"D.In the Solution Architecture Document, under project purpose and justification",,,FALSE,,,,,,,,,,,,,,,,,,,,,,,,,,,,,,,,,,,,,,,,,,,,,,,,,,,,,,,,,,,,,,,,,,,,,,,,,,,,,,,,,,,,,,,,,,,,,,,,
91c6027b-0046-4810-8a24-55fa1212eb10,exam-hall-04,SINGLE_CHOICE,DRAFT,,,"A project is in the testing phase, and the quality control team informs the project manager that the quality of the deliverables from one vendor is poor. Their investigation found that the staff assigned does not have the required certifications. How did this issue arise?",,,A,,A.The vendors' proposal did not include the list of people assigned to the project.,,,FALSE,B,,B.The project sponsor did not mandate three references from previous customers.,,,FALSE,C,,C.The Procurement Management Plan did not include the certifications required,,,TRUE,D,,D.The quality control team had too high of standards and tested too thoroughly,,,FALSE,,,,,,,,,,,,,,,,,,,,,,,,,,,,,,,,,,,,,,,,,,,,,,,,,,,,,,,,,,,,,,,,,,,,,,,,,,,,,,,,,,,,,,,,,,,,,,,,
4ee416a5-14c3-43c1-88c3-3fd67b8f5fb5,exam-hall-04,SINGLE_CHOICE,DRAFT,,,"A project manager oversees a complex project in which a vendor is responsible for delivering several essential components. The project manager and the vendor team are located in different time zones, and this time zone difference has become a significant challenge, leading to productivity issues within the project. Team members from both sides often struggle to coordinate meetings, share updates, and communicate effectively due to the time zone disparities. What should the project manager do to solve this issue?",,,A,,A.Closely monitor the project schedule and take action if milestones are missed.,,,FALSE,B,,B.Ask both teams to change their working hours to a common time zone.,,,TRUE,C,,C.Find a common space and relocate the vendor team with the project team.,,,FALSE,D,,D.Terminate the engagement and find a new vendor in the local time zone.,,,FALSE,,,,,,,,,,,,,,,,,,,,,,,,,,,,,,,,,,,,,,,,,,,,,,,,,,,,,,,,,,,,,,,,,,,,,,,,,,,,,,,,,,,,,,,,,,,,,,,,
d87ddc12-f6de-42e8-94d0-effb5144a3ef,exam-hall-04,SINGLE_CHOICE,DRAFT,,,"Which leadership style would help people to connect, even when working remotely and never having met each other?",,,A,,A.The participative style,,,FALSE,B,,B.The Affiliative style,,,TRUE,C,,C.The Pace Setting style,,,FALSE,D,,D.The Coaching style,,,FALSE,,,,,,,,,,,,,,,,,,,,,,,,,,,,,,,,,,,,,,,,,,,,,,,,,,,,,,,,,,,,,,,,,,,,,,,,,,,,,,,,,,,,,,,,,,,,,,,,
bce2b2ac-9fed-41e2-811b-8c8f46f53a47,exam-hall-04,SINGLE_CHOICE,DRAFT,,,"In your project you need some assistance facilitating meetings, following up on action items, introducing new team members, and mediating conflicts. Who would be the most suitable team member type to assist you with those activities?",,,A,,A.Power Oriented team member.,,,FALSE,B,,B.Affiliate Oriented team member.,,,TRUE,C,,C.Achievement Oriented Team member.,,,FALSE,D,,D.Delivery Oriented Team member.,,,FALSE,,,,,,,,,,,,,,,,,,,,,,,,,,,,,,,,,,,,,,,,,,,,,,,,,,,,,,,,,,,,,,,,,,,,,,,,,,,,,,,,,,,,,,,,,,,,,,,,
ae50a7ab-9db0-4b8e-84fa-02b6a5ff6bc4,exam-hall-04,SINGLE_CHOICE,DRAFT,,,"A project manager is managing an agile project. In order to make sure there is enough funding available for the project, the project sponsor is asking the project manager for an estimate when the project will be completed. How should the project manager respond to the sponsor?",,,A,,"A.Inform the sponsor that an estimate is not necessary, as agile supports responding to change over following a plan.",,,FALSE,B,,B.Remind the sponsor that agile projects are not judged based on budget and schedule.,,,FALSE,C,,"C.Provide the estimate to the sponsor, as agile supports estimating.",,,TRUE,D,,D.Influence the sponsor to add a contingency buffer to the cost in case of a cost overrun.,,,FALSE,,,,,,,,,,,,,,,,,,,,,,,,,,,,,,,,,,,,,,,,,,,,,,,,,,,,,,,,,,,,,,,,,,,,,,,,,,,,,,,,,,,,,,,,,,,,,,,,
eeec07c0-d5f7-48ca-a9b9-a54304379c9f,exam-hall-04,SINGLE_CHOICE,DRAFT,,,"Engagement and motivation can be successfully achieved by the project manager in a virtual team by all the following, except:",,,A,,A.Goal Setting,,,FALSE,B,,B.Task Structures,,,FALSE,C,,C.Inefficient Collaboration,,,TRUE,D,,D.Reward Systems,,,FALSE,,,,,,,,,,,,,,,,,,,,,,,,,,,,,,,,,,,,,,,,,,,,,,,,,,,,,,,,,,,,,,,,,,,,,,,,,,,,,,,,,,,,,,,,,,,,,,,,
acb9edea-ddfc-4bae-84dd-dfc1f86adc21,exam-hall-04,MULTIPLE_CHOICE,DRAFT,,,Project managers should wear a leadership face and drive the project team to achieve the expected deliverables. What qualities should a project manager have? (Choose 3).,,,A,,A.Lead,,,TRUE,B,,B.Ethical,,,TRUE,C,,C.Adapt,,,TRUE,D,,D.Aggressive,,,FALSE,E,,E.Empower,,,FALSE,,,,,,,,,,,,,,,,,,,,,,,,,,,,,,,,,,,,,,,,,,,,,,,,,,,,,,,,,,,,,,,,,,,,,,,,,,,,,,,,,,,,,,,,,,
9ceeaf03-5fb1-47e1-9ff8-0a10841291e2,exam-hall-04,SINGLE_CHOICE,DRAFT,,,A project manager is leading a large business transformation project with the goal of creating a new organizational structure and aligning the IT systems with the new business structure. In which phase of integrated change management should the project manager manage resistance?,,,A,,Phase 1 - Prepare for the change.,,,FALSE,B,,Phase 2 - Plan the change.,,,FALSE,C,,Phase 3 - Manage the change.,,,TRUE,D,,Phase 4 - Reinforce and sustain the change.,,,FALSE,,,,,,,,,,,,,,,,,,,,,,,,,,,,,,,,,,,,,,,,,,,,,,,,,,,,,,,,,,,,,,,,,,,,,,,,,,,,,,,,,,,,,,,,,,,,,,,,
35a4851e-a80c-480d-8f3b-6d5254855501,exam-hall-04,MULTIPLE_CHOICE,DRAFT,,,A project manager is on a project in a highly regulated environment with a very formal governance process. The project manager is developing the resource plan and identified that the project needs to engage many vendors. Which strategies should the project manager use to reduce the procurement cycle? (Choose 3).,,,A,,A.Vendors that you used in past projects,,,FALSE,B,,B.Integrated teams from various departments,,,TRUE,C,,C.Vendors recommended by management,,,FALSE,D,,D.Regulated vendor list,,,TRUE,E,,E.Focused expediting efforts,,,TRUE,,,,,,,,,,,,,,,,,,,,,,,,,,,,,,,,,,,,,,,,,,,,,,,,,,,,,,,,,,,,,,,,,,,,,,,,,,,,,,,,,,,,,,,,,,
852df051-88e1-4b17-ba51-104980eccf9f,exam-hall-04,MULTIPLE_CHOICE,DRAFT,,,A project being run by a project manager is implementing a new technology. The project manager wants to be sure that the project delivers business value. What roles are critical in ensuring that the organization will benefit from the project delivery? (Choose 3).,,,A,,A.People and culture manager,,,FALSE,B,,B.Project manager,,,TRUE,C,,C.Business analyst,,,TRUE,D,,D.Customer lead,,,TRUE,E,,E.Technical architect,,,FALSE,,,,,,,,,,,,,,,,,,,,,,,,,,,,,,,,,,,,,,,,,,,,,,,,,,,,,,,,,,,,,,,,,,,,,,,,,,,,,,,,,,,,,,,,,,
13a40709-097b-4302-b143-c47ad7d5906b,exam-hall-04,MULTIPLE_CHOICE,DRAFT,,,A project manager is working on a large business transformation project. The project requires a significant change management effort and the project manager has decided to use the Kotter model. The project manager has created a sense of urgency and formed a guiding coalition to implement the change. What else should the project manager do? (Choose 3),,,A,,A.Develop a vision and strategy.,,,TRUE,B,,B.Ensure frequent deliveries in short intervals.,,,FALSE,C,,C.Communicate the vision constantly.,,,TRUE,D,,D.Ensure business people and developers work together.,,,FALSE,E,,E.Accomplish short-term wins.,,,TRUE,,,,,,,,,,,,,,,,,,,,,,,,,,,,,,,,,,,,,,,,,,,,,,,,,,,,,,,,,,,,,,,,,,,,,,,,,,,,,,,,,,,,,,,,,,
22364a29-4915-44e5-993b-700fb42db5b8,exam-hall-04,SINGLE_CHOICE,DRAFT,,,"A project manager is leading a project that entails transitioning to agile. The project will pilot the agile delivery modeled around using four resources from a vendor, working alongside two internal resources with no agile experience. The project manager needs to act as a coach for the project team and help them understand the differences between the functioning of a traditional project team and an agile team. What is the most important thing the project manager needs to do to establish agile team behavior?",,,A,,A.Focus on the produced result of the team.,,,FALSE,B,,B.Build trust within the team.,,,TRUE,C,,C.Encourage collaboration among the team.,,,FALSE,D,,D.Hold each team member accountable.,,,FALSE,,,,,,,,,,,,,,,,,,,,,,,,,,,,,,,,,,,,,,,,,,,,,,,,,,,,,,,,,,,,,,,,,,,,,,,,,,,,,,,,,,,,,,,,,,,,,,,,
57a19e60-6375-4651-a76f-ef1ecfa3d137,exam-hall-04,SINGLE_CHOICE,DRAFT,,,"The headquarters of a multinational company is in Europe, with many regional offices in other countries around the world. The operations director of a regional office decides to establish a project management office (PMO). A project manager has been selected to manage the project, which is in its initial phase. The project manager needs to align stakeholder expectations with the benefits of the project process and the business strategy. Which document should the project manager develop for this purpose?",,,A,,A.Business case,,,FALSE,B,,B.Benefits management plan,,,FALSE,C,,C.Project charter,,,TRUE,D,,D.Project management plan,,,FALSE,,,,,,,,,,,,,,,,,,,,,,,,,,,,,,,,,,,,,,,,,,,,,,,,,,,,,,,,,,,,,,,,,,,,,,,,,,,,,,,,,,,,,,,,,,,,,,,,
03d4124d-2af1-4381-8562-7d3dd054ce97,exam-hall-04,SINGLE_CHOICE,DRAFT,,,"A new system is being developed to replace an existing manual process. During a sprint demo, business stakeholders expressed the concern that they would not gain any value from using this system. What should the project manager do next?",,,A,,A.Discuss this with the product manager and identify new user stories to address business concerns.,,,FALSE,B,,B.Call a steering committee meeting to determine critical success factors for the project.,,,FALSE,C,,C.Create a project benefits management plan and review it with the stakeholders.,,,FALSE,D,,D.Review the performance metrics with stakeholders to ensure the system accomplished agreed-upon metrics.,,,TRUE,,,,,,,,,,,,,,,,,,,,,,,,,,,,,,,,,,,,,,,,,,,,,,,,,,,,,,,,,,,,,,,,,,,,,,,,,,,,,,,,,,,,,,,,,,,,,,,,
89533974-4534-4a9b-bb20-4de874fdff68,exam-hall-04,SINGLE_CHOICE,DRAFT,,,An agile practitioner has been assigned to lead a software development project in a relatively new industry where the external compliance standards are not clearly defined. What should the agile practitioner do to ensure that the project succeeds?,,,A,,A.Speak to agile managers in other organizations with the same challenges to learn how they address issues.,,,FALSE,B,,B.Develop a set of standards that work for the role and support the team in implementing them.,,,FALSE,C,,C.Use global best practices as a guide for project implementation incorporating the new technology trends and monitoring compliance standards.,,,TRUE,D,,D.Refer to other previous data that exists from related industries.,,,FALSE,,,,,,,,,,,,,,,,,,,,,,,,,,,,,,,,,,,,,,,,,,,,,,,,,,,,,,,,,,,,,,,,,,,,,,,,,,,,,,,,,,,,,,,,,,,,,,,,
0e7f101d-bbf6-4e06-8c8e-0fe0a2b243b5,exam-hall-04,SINGLE_CHOICE,DRAFT,,,"An agile project is in its last iteration. During the daily standup, the team realizes that they will not be able to complete all the activities that were planned for the sprint. The team members create a contingency plan. What should the project manager do next?",,,A,,A.Discuss the contingency plan with the product owner.,,,TRUE,B,,B.Discuss the contingency plan with stakeholders.,,,FALSE,C,,C.Discuss the contingency plan with the project sponsor.,,,FALSE,D,,D.Execute the contingency plan immediately.,,,FALSE,,,,,,,,,,,,,,,,,,,,,,,,,,,,,,,,,,,,,,,,,,,,,,,,,,,,,,,,,,,,,,,,,,,,,,,,,,,,,,,,,,,,,,,,,,,,,,,,
409986cb-5be5-47d0-84d0-39867fe3a4d0,exam-hall-04,MULTIPLE_CHOICE,DRAFT,,,A company's leadership team has decided to invest in a new product using an agile approach. The commercial and product teams have started the planning activity for this new venture. Which three key factors does the project manager need in order to deliver this product? (Choose 3),,,A,,A.Product vision,,,TRUE,B,,B.Product roadmap,,,TRUE,C,,C.High-level product backlog,,,TRUE,D,,D.Key performance indicators (KPIs),,,FALSE,E,,E.Schedule performance indexes (SPIs),,,FALSE,,,,,,,,,,,,,,,,,,,,,,,,,,,,,,,,,,,,,,,,,,,,,,,,,,,,,,,,,,,,,,,,,,,,,,,,,,,,,,,,,,,,,,,,,,
2288322e-eee8-409c-aa2a-d2ca12ca40b1,exam-hall-04,SINGLE_CHOICE,DRAFT,,,"A senior business stakeholder with many years of experience is pressuring an agile team to deliver most of the promised functionality to the customer 18 months in the future as opposed to multiple, incremental deliveries over the course of the 18 months. What should the project lead do next?",,,A,,A.Work with the agile team to schedule the incremental deliveries to enable delivery of business value sooner to the customer.,,,FALSE,B,,B.Schedule meetings with the customer to determine their ability to support multiple incremental deliveries.,,,FALSE,C,,C.Provide details of the concern to the agile team and adjust their goals and release plans to conform to the stakeholder's request.,,,FALSE,D,,"D.Work with the stakeholder to understand what the concerns are while, at the same time, conveying the benefits of incremental deliveries.",,,TRUE,,,,,,,,,,,,,,,,,,,,,,,,,,,,,,,,,,,,,,,,,,,,,,,,,,,,,,,,,,,,,,,,,,,,,,,,,,,,,,,,,,,,,,,,,,,,,,,,
d99ad47e-2adf-4be7-be3d-2d3f0fd31938,exam-hall-04,SINGLE_CHOICE,DRAFT,,,"Due to a budget issue, the project team decides to use low-cost equipment with higher testing uncertainty to reduce cost. However, the test results are unstable and are creating discrepancies. One of the team members is aware of the situation and proposes to use high-resolution equipment with lower test uncertainty to increase the testing quality. How should the project manager respond to this proposal?",,,A,,A.Reject the proposal due to budget constraints and follow the quality management plan.,,,FALSE,B,,B.Accept the proposal because the high-resolution equipment produces precise test results with lower test uncertainty.,,,FALSE,C,,C.Evaluate the proposal to determine if the high-resolution equipment produces precise test results with lower test uncertainty.,,,TRUE,D,,D.Accept the proposal because budget is not an issue when quality assurance is taken into consideration.,,,FALSE,,,,,,,,,,,,,,,,,,,,,,,,,,,,,,,,,,,,,,,,,,,,,,,,,,,,,,,,,,,,,,,,,,,,,,,,,,,,,,,,,,,,,,,,,,,,,,,,
437e225d-763c-4718-9b76-0d430d74818a,exam-hall-04,SINGLE_CHOICE,DRAFT,,,The risk register is a document that records details of all identified individual risks to a project. What is the minimal content of this document?,,,A,,"A.Identified risks, risk categories, and effects on objectives",,,FALSE,B,,"B.Risks owners, potential risks responses, and risk triggers",,,FALSE,C,,"C.Identified risks, risk owners, and potential risks responses",,,TRUE,D,,"D.Issues log, metrics & trends, and distribution of risks across risk categories",,,FALSE,,,,,,,,,,,,,,,,,,,,,,,,,,,,,,,,,,,,,,,,,,,,,,,,,,,,,,,,,,,,,,,,,,,,,,,,,,,,,,,,,,,,,,,,,,,,,,,,
74b69a40-7f62-4b6c-8cf5-2e35931203e4,exam-hall-04,SINGLE_CHOICE,DRAFT,,,An aggressive and low-influence stakeholder disrupts a kick-off meeting by complaining about procedural violations in past projects. The project manager's research reveals that the violations had no significant impact. What should the project manager do?,,,A,,A.Apply a withdraw/avoid conflict resolution method.,,,TRUE,B,,B.Apply a smooth/accommodate conflict resolution method.,,,FALSE,C,,C.Apply a force/direct conflict resolution method.,,,FALSE,D,,D.Apply a compromise/reconcile resolution method.,,,FALSE,,,,,,,,,,,,,,,,,,,,,,,,,,,,,,,,,,,,,,,,,,,,,,,,,,,,,,,,,,,,,,,,,,,,,,,,,,,,,,,,,,,,,,,,,,,,,,,,
32a57391-9115-4358-885c-269b8857b37e,exam-hall-04,SINGLE_CHOICE,DRAFT,,,A project manager is working on the development of a business case to secure funding and resources. What is needed to ensure that the right priority is assigned to the project?,,,A,,A.Developing the most efficient delivery plan,,,FALSE,B,,B.Developing a clear and detailed project schedule,,,FALSE,C,,C.Aligning the project with company’s goals and objectives,,,TRUE,D,,D.Aligning the project with company’s roadmap,,,FALSE,,,,,,,,,,,,,,,,,,,,,,,,,,,,,,,,,,,,,,,,,,,,,,,,,,,,,,,,,,,,,,,,,,,,,,,,,,,,,,,,,,,,,,,,,,,,,,,,
ff95b703-1f10-4535-bfe2-6dd402ad25de,exam-hall-04,SINGLE_CHOICE,DRAFT,,,Quality management is a vital aspect of any project. Which of the following quality control aspects is a component of a high functioning measurement system?,,,A,,A.Accuracy,,,TRUE,B,,B.Non-precision,,,FALSE,C,,C.Non-repeatability,,,FALSE,D,,D.Duration,,,FALSE,,,,,,,,,,,,,,,,,,,,,,,,,,,,,,,,,,,,,,,,,,,,,,,,,,,,,,,,,,,,,,,,,,,,,,,,,,,,,,,,,,,,,,,,,,,,,,,,
baa8541d-37f7-4b72-ac06-0797953518f5,exam-hall-04,SINGLE_CHOICE,DRAFT,,,"A project manager is assigned to a project and the first task is to assist in creating the Work Breakdown Structure (WBS). Which tool, technique or document is used as starting point for an effective WBS creation?",,,A,,A.Scope baseline,,,FALSE,B,,B.Activity list,,,FALSE,C,,C.Project charter,,,TRUE,D,,D.WBS dictionary,,,FALSE,,,,,,,,,,,,,,,,,,,,,,,,,,,,,,,,,,,,,,,,,,,,,,,,,,,,,,,,,,,,,,,,,,,,,,,,,,,,,,,,,,,,,,,,,,,,,,,,
12d7fc93-47e8-44e9-bb38-201745d17992,exam-hall-04,SINGLE_CHOICE,DRAFT,,,"The team informed the project leader that they are not sure of the stakeholder needs, despite the multiple collection requirements efforts and engagement in status meetings. How should the project manager approach this issue?",,,A,,A.Require the team to work with the stakeholders to analyze their detailed requirements and sign off on the specification,,,FALSE,B,,B.Discuss with the team the option of canceling the project since the risk is too great to continue,,,FALSE,C,,"C.Ask the team to write a collection of user stories to capture the needs, prioritize and manage the stories",,,FALSE,D,,"D.Document what the team believes the stakeholders need, show it to stakeholders, and ask for their feedback to share with the team",,,TRUE,,,,,,,,,,,,,,,,,,,,,,,,,,,,,,,,,,,,,,,,,,,,,,,,,,,,,,,,,,,,,,,,,,,,,,,,,,,,,,,,,,,,,,,,,,,,,,,,
0a62eaa6-ddd9-4fc4-ac90-5ad4056e8fbb,exam-hall-04,SINGLE_CHOICE,DRAFT,,,"A project manager is leading a Scrum team. During Business Acceptance Testing (BAT), the client rejects the deliverable due to poor quality, traced back to a lack of collaboration between team members. What should have the project manager done to prevent this?",,,A,,A.Provided detailed instructions on how and when the work should be done.,,,FALSE,B,,B.Requested detailed documentation and sign-offs between project phases.,,,FALSE,C,,"C.Implemented detailed tracking of project progress, productivity, and costs.",,,FALSE,D,,D.Provided a detailed vision and empowered the team making them accountable.,,,TRUE,,,,,,,,,,,,,,,,,,,,,,,,,,,,,,,,,,,,,,,,,,,,,,,,,,,,,,,,,,,,,,,,,,,,,,,,,,,,,,,,,,,,,,,,,,,,,,,,
683db4ed-2d3b-483d-a397-e1f1d316708b,exam-hall-04,SINGLE_CHOICE,DRAFT,,,A project manager is managing a project that has a component using agile. The project sponsor asks the project manager to add a new component to this project which is government regulated with new complex tax-rules with enough time provided to implement these rules. The sponsor suggests implementing this new component using predictive non-agile approach due to its complexity. Which methodology will the project manager use for this new component?,,,A,,A.Inform the project sponsor that you will manage the new component using agile methodology as agile supports one-size-fits-all.,,,FALSE,B,,"B.Use hybrid approach by continuing to manage the existing component using agile, and the new component using predictive.",,,TRUE,C,,C.Manage the existing component as well as the new component using predictive plan-based approach.,,,FALSE,D,,D.Seek guidance from project sponsor for which methodology will suit best for new component.,,,FALSE,,,,,,,,,,,,,,,,,,,,,,,,,,,,,,,,,,,,,,,,,,,,,,,,,,,,,,,,,,,,,,,,,,,,,,,,,,,,,,,,,,,,,,,,,,,,,,,,
01281400-f575-41cd-9fc1-ad7145a3558e,exam-hall-04,SINGLE_CHOICE,DRAFT,,,"Good communication etiquettes of a Project Manager include the following when sending emails, except:",,,A,,A.Always responding immediately to emotional messages,,,TRUE,B,,B.Knowing your audience,,,FALSE,C,,C.Always being courteous,,,FALSE,D,,"D.Using proper grammar, spelling, and punctuation",,,FALSE,,,,,,,,,,,,,,,,,,,,,,,,,,,,,,,,,,,,,,,,,,,,,,,,,,,,,,,,,,,,,,,,,,,,,,,,,,,,,,,,,,,,,,,,,,,,,,,,
