external_id,topic_slug,type,status,content_vi,explanation_vi,content_en,explanation_en,media_ids,option_1_label,option_1_content_vi,option_1_content_en,option_1_match_vi,option_1_match_en,option_1_correct,option_2_label,option_2_content_vi,option_2_content_en,option_2_match_vi,option_2_match_en,option_2_correct,option_3_label,option_3_content_vi,option_3_content_en,option_3_match_vi,option_3_match_en,option_3_correct,option_4_label,option_4_content_vi,option_4_content_en,option_4_match_vi,option_4_match_en,option_4_correct,option_5_label,option_5_content_vi,option_5_content_en,option_5_match_vi,option_5_match_en,option_5_correct,option_6_label,option_6_content_vi,option_6_content_en,option_6_match_vi,option_6_match_en,option_6_correct,option_7_label,option_7_content_vi,option_7_content_en,option_7_match_vi,option_7_match_en,option_7_correct,option_8_label,option_8_content_vi,option_8_content_en,option_8_match_vi,option_8_match_en,option_8_correct,option_9_label,option_9_content_vi,option_9_content_en,option_9_match_vi,option_9_match_en,option_9_correct,option_10_label,option_10_content_vi,option_10_content_en,option_10_match_vi,option_10_match_en,option_10_correct,option_11_label,option_11_content_vi,option_11_content_en,option_11_match_vi,option_11_match_en,option_11_correct,option_12_label,option_12_content_vi,option_12_content_en,option_12_match_vi,option_12_match_en,option_12_correct,option_13_label,option_13_content_vi,option_13_content_en,option_13_match_vi,option_13_match_en,option_13_correct,option_14_label,option_14_content_vi,option_14_content_en,option_14_match_vi,option_14_match_en,option_14_correct,option_15_label,option_15_content_vi,option_15_content_en,option_15_match_vi,option_15_match_en,option_15_correct,option_16_label,option_16_content_vi,option_16_content_en,option_16_match_vi,option_16_match_en,option_16_correct,option_17_label,option_17_content_vi,option_17_content_en,option_17_match_vi,option_17_match_en,option_17_correct,option_18_label,option_18_content_vi,option_18_content_en,option_18_match_vi,option_18_match_en,option_18_correct,option_19_label,option_19_content_vi,option_19_content_en,option_19_match_vi,option_19_match_en,option_19_correct,option_20_label,option_20_content_vi,option_20_content_en,option_20_match_vi,option_20_match_en,option_20_correct
f8237ec9-09e2-400d-8437-cf21db70d5ba,exam-hall-01,SINGLE_CHOICE,DRAFT,,,"A project advisory team is working remotely from the core project team. There is a constant flow of information between these two teams, and both teams approve project documents. Any delays in approvals will result in additional expense. Which practice would assure the project manager that all of the documents are on hand, updated, and approved properly?",,,A,,A.Let the advisory and core teams develop and maintain their own document categorization and naming systems.,,,FALSE,B,,B. Require each member of the advisory and project teams to maintain updated records.,,,FALSE,C,,C.Have the sponsor maintain and approve changes within a single document registry.,,,FALSE,D,,D.Oversee a single document registry and change control system that both teams use.,,,TRUE,,,,,,,,,,,,,,,,,,,,,,,,,,,,,,,,,,,,,,,,,,,,,,,,,,,,,,,,,,,,,,,,,,,,,,,,,,,,,,,,,,,,,,,,,,,,,,,,
207efdcc-9417-4a12-8efa-191eeeacbc64,exam-hall-01,SINGLE_CHOICE,DRAFT,,,A director is acting as the product owner for a government software project. The director is repeatedly unable to engage with the team and provide regular and important feedback on project artifacts. What should the project manager do to resolve this?,,,A,,A.Determine communication preferences and review responsibilities.,,,TRUE,B,,B.Obtain alternative feedback from the customer.,,,FALSE,C,,C.Recommend an open-door policy for the project.,,,FALSE,D,,D.Adopt a collaborative approach.,,,FALSE,,,,,,,,,,,,,,,,,,,,,,,,,,,,,,,,,,,,,,,,,,,,,,,,,,,,,,,,,,,,,,,,,,,,,,,,,,,,,,,,,,,,,,,,,,,,,,,,
d9f21bf3-08ae-444f-8a13-07d5dbee152c,exam-hall-01,SINGLE_CHOICE,DRAFT,,,"A project manager is managing multidisciplinary teams. During the last project review meeting, the project manager realized that there is friction between some of the team members. What should the project manager do next?",,,A,,A.Identify the team members and review their project performance.,,,FALSE,B,,B.Consult with the sponsor to find replacements for the team members.,,,FALSE,C,,C.Evaluate the issue and apply conflict resolution techniques.,,,TRUE,D,,D.Report the issue in the monthly project executive summary.,,,FALSE,,,,,,,,,,,,,,,,,,,,,,,,,,,,,,,,,,,,,,,,,,,,,,,,,,,,,,,,,,,,,,,,,,,,,,,,,,,,,,,,,,,,,,,,,,,,,,,,
2e503cce-cea4-476c-b737-355edbc07683,exam-hall-01,SINGLE_CHOICE,DRAFT,,,"Close to the end of a large project, some of the technical reports related to the delivered service were not ready. The project manager asked the team members for the missing documents, but the team claimed they had already fulfilled their assigned tasks. How should the project manager address this concern?",,,A,,A.Review the hierarchical chart to confirm positions and relationships.,,,FALSE,B,,B.Refer to the RACI chart to validate the assigned roles and responsibilities.,,,TRUE,C,,C.Discuss the activity list and ensure that the team understands what work is required.,,,FALSE,D,,D.Input all assumptions and constraints into the assumption log.,,,FALSE,,,,,,,,,,,,,,,,,,,,,,,,,,,,,,,,,,,,,,,,,,,,,,,,,,,,,,,,,,,,,,,,,,,,,,,,,,,,,,,,,,,,,,,,,,,,,,,,
a94be2e8-1fe4-4f3d-830c-6f461e7cda90,exam-hall-01,SINGLE_CHOICE,DRAFT,,,A lengthy upgrade project is being delivered in a series of phased outputs. The end users will face some level of disruption during each phase prior to the outputs being achieved. What should the project manager do to ensure that the intended value is being delivered at each phase?,,,A,,A.Gather feedback using surveys of the end user experience and analyze the results.,,,FALSE,B,,B.Review the actual costs incurred to ensure that the project remains on budget.,,,FALSE,C,,C.Validate the scope to ensure that the required quality of outputs is being met.,,,FALSE,D,,"D.Track progress toward each benefit, based on the benefits management plan.",,,TRUE,,,,,,,,,,,,,,,,,,,,,,,,,,,,,,,,,,,,,,,,,,,,,,,,,,,,,,,,,,,,,,,,,,,,,,,,,,,,,,,,,,,,,,,,,,,,,,,,
98ab3ff8-82aa-49e5-88d9-52443479f6b2,exam-hall-01,SINGLE_CHOICE,DRAFT,,,A project manager observed that a team member is becoming increasingly disengaged from an ongoing project. What should the project manager do to help ensure participation from this team member?,,,A,,"A.Speak to the team member, understand the problem, and ask the team member to work on corrective actions.",,,TRUE,B,,B.Ask another team member to mentor the disengaged team member.,,,FALSE,C,,C.Call a team meeting to discuss team engagement expectations.,,,FALSE,D,,D.Ask the team member to undergo additional training to improve their communication skills.,,,FALSE,,,,,,,,,,,,,,,,,,,,,,,,,,,,,,,,,,,,,,,,,,,,,,,,,,,,,,,,,,,,,,,,,,,,,,,,,,,,,,,,,,,,,,,,,,,,,,,,
9613d289-b58b-4580-bd96-6384409789f2,exam-hall-01,MULTIPLE_CHOICE,DRAFT,,,A project manager is managing a long-term project that is behind schedule. The client is concerned that the project will be delayed. Which two actions should the project manager take to address the client's concerns? (Choose two),,,A,,A.Create a new baseline schedule.,,,FALSE,B,,B.Review the change control process.,,,FALSE,C,,C.Add more resources to critical path tasks.,,,TRUE,D,,D.Perform a risk reserve analysis.,,,FALSE,E,,E.Run some activities concurrently.,,,TRUE,,,,,,,,,,,,,,,,,,,,,,,,,,,,,,,,,,,,,,,,,,,,,,,,,,,,,,,,,,,,,,,,,,,,,,,,,,,,,,,,,,,,,,,,,,
32e2f46b-cfeb-4a3a-a806-271ba846991f,exam-hall-01,SINGLE_CHOICE,DRAFT,,,An agile project to implement a new automation process in a factory is underway. The project manager needs a vendor to help with the installation. What should the project manager do before the vendor comes to work with the team?,,,A,,A.Delegate all key decisions to the vendor's team so the project manager does not take any risks.,,,FALSE,B,,B.Hold an orientation to ensure both parties share the same understanding of project goals and requirements.,,,TRUE,C,,C.Submit the communication matrix so that all team members and vendors are known.,,,FALSE,D,,D.Remind the team that the vendor works for them and that the team can make final decisions.,,,FALSE,,,,,,,,,,,,,,,,,,,,,,,,,,,,,,,,,,,,,,,,,,,,,,,,,,,,,,,,,,,,,,,,,,,,,,,,,,,,,,,,,,,,,,,,,,,,,,,,
7970a8c5-840b-4a9f-ab8f-938dfff017a4,exam-hall-01,SINGLE_CHOICE,DRAFT,,,"At the beginning of a project, a stakeholder is concerned that the initiative may not deliver value to the organization. What should the project manager do first to increase the chances of project success?",,,A,,A.Review the business case and benefits management plan with the stakeholder.,,,TRUE,B,,B.Provide continual communication of the project status to stakeholders.,,,FALSE,C,,C.Schedule training for everyone on the use of the new product.,,,FALSE,D,,D.Perform an audit to make sure the benefits are realized.,,,FALSE,,,,,,,,,,,,,,,,,,,,,,,,,,,,,,,,,,,,,,,,,,,,,,,,,,,,,,,,,,,,,,,,,,,,,,,,,,,,,,,,,,,,,,,,,,,,,,,,
e8890475-3128-4aae-8676-1e45ff7c4918,exam-hall-01,SINGLE_CHOICE,DRAFT,,,"A company used to deliver technical services to customers using external labor. When a new project manager arrived, the team hired specialized personnel to reduce costs by delivering an in-house service. Some of the stakeholders are frustrated that the resources are taking too much time to deliver the service. What should the project manager do to address the concern?",,,A,,A.Review the communication plan with the frustrated stakeholders.,,,FALSE,B,,B.Increase stakeholders' understanding of the project approach.,,,TRUE,C,,C.Rehire the external contractor who provided the service previously.,,,FALSE,D,,D.Develop a glide path and communicate the ramp-up plan to stakeholders,,,FALSE,,,,,,,,,,,,,,,,,,,,,,,,,,,,,,,,,,,,,,,,,,,,,,,,,,,,,,,,,,,,,,,,,,,,,,,,,,,,,,,,,,,,,,,,,,,,,,,,
2cbb59e6-bbda-41d2-870a-d0221a3e469c,exam-hall-01,SINGLE_CHOICE,DRAFT,,,"A project to develop a new software program has been delivered. The software has been put into production, but members of the project team are continuously contacted by users asking how to use or report problems, even though the project received administrative closure. What should the project manager have done to prevent this situation?",,,A,,A.Included an activity in the project scope that allows the project to support the tool after production release.,,,FALSE,B,,"B.Communicated the project's conclusion with the rest of the organization formally, as per the communications management plan.",,,FALSE,C,,C.Ensured the final product is transitioned to a different group or organization to take care of the software during its life cycle.,,,TRUE,D,,D.Asked the team members to stop answering or addressing questions from users and encouraged the users to read the documentation instead.,,,FALSE,,,,,,,,,,,,,,,,,,,,,,,,,,,,,,,,,,,,,,,,,,,,,,,,,,,,,,,,,,,,,,,,,,,,,,,,,,,,,,,,,,,,,,,,,,,,,,,,
82ffa66e-f9b5-4b36-ac3e-0175c63d6bc7,exam-hall-01,MULTIPLE_CHOICE,DRAFT,,,A project is close to completion when an unidentified and influential stakeholder appears and threatens to put the project in jeopardy by not approving the closing documents. Which two actions should the project manager have done to avoid this? (Choose two),,,A,,A.The project manager should have carried out stakeholder identification during the initiation stage of the project.,,,TRUE,B,,B.The project owner should have informed the project manager about the stakeholders of the project.,,,FALSE,C,,C.Identifying and analyzing stakeholders should have been performed as an ongoing task throughout the project duration.,,,TRUE,D,,D.The stakeholder should have come forward for proper identification at the beginning of the project.,,,FALSE,E,,E.Creating awareness of the stakeholders' concerns should have been continuously occurring throughout the project.,,,FALSE,,,,,,,,,,,,,,,,,,,,,,,,,,,,,,,,,,,,,,,,,,,,,,,,,,,,,,,,,,,,,,,,,,,,,,,,,,,,,,,,,,,,,,,,,,
c9f92e3c-1430-474f-b4ca-ca39d1c2e6be,exam-hall-01,SINGLE_CHOICE,DRAFT,,,"During the final stage of a project, one of the key stakeholders asks the project manager to brief the executive board about the return on investment (ROI) and any relevant new commercial value identified during project implementation. What should the project manager do next?",,,A,,A.Present the cost-benefit analysis.,,,FALSE,B,,B.Present the achieved benefits.,,,TRUE,C,,C.Present the cost management plan.,,,FALSE,D,,D.Present the financial success factors.,,,FALSE,,,,,,,,,,,,,,,,,,,,,,,,,,,,,,,,,,,,,,,,,,,,,,,,,,,,,,,,,,,,,,,,,,,,,,,,,,,,,,,,,,,,,,,,,,,,,,,,
a1fb53ef-9302-4284-a94e-0f1b9a3cdcd8,exam-hall-01,SINGLE_CHOICE,DRAFT,,,"A project manager is meeting with a critical third-party supplier that provides discounted services. During the meeting, the supplier complains that they are dissatisfied with their return on investment (ROI). What should the project manager do to resolve this situation and avoid putting the project at risk?",,,A,,A.Negotiate with the supplier to offer more money until the project until completed.,,,FALSE,B,,B.Remind the supplier that the contract is legally binding and they must adhere to the terms.,,,FALSE,C,,C.Research other third-party suppliers that provide similar services at discounted prices.,,,FALSE,D,,D.Discuss the issue with stakeholders and come to an agreement on a remediation plan.,,,TRUE,,,,,,,,,,,,,,,,,,,,,,,,,,,,,,,,,,,,,,,,,,,,,,,,,,,,,,,,,,,,,,,,,,,,,,,,,,,,,,,,,,,,,,,,,,,,,,,,
8de68cbd-7611-472b-b553-67d6836b1fef,exam-hall-01,SINGLE_CHOICE,DRAFT,,,"During project closure, the project sponsor requests that a deliverable, developed by a contractor, be transferred to a nonprofit organization at no cost. The procurement documentation states that ownership of the deliverable reverts to the contractor once the procurement contract is finished. What should the project manager do?",,,A,,"A.Add ""avoid out-of-scope agreements during the closure process"" to the lessons learned register.",,,FALSE,B,,B.Initiate a change request and execute the integrated change control process.,,,FALSE,C,,C.Consider this transfer as an open issue for the contract department and continue closing the project.,,,FALSE,D,,D.Review the contract agreement with the contractor to modify the property of the deliverable,,,TRUE,,,,,,,,,,,,,,,,,,,,,,,,,,,,,,,,,,,,,,,,,,,,,,,,,,,,,,,,,,,,,,,,,,,,,,,,,,,,,,,,,,,,,,,,,,,,,,,,
68b3339a-244c-4e71-8769-5739bf199105,exam-hall-01,SINGLE_CHOICE,DRAFT,,,"A project team is in the planning phase of a complex project. The project has an end-date constraint to launch a new product with which they have no previous experience. The project sponsor is requesting a detailed schedule, but the team is unable to predict when tasks will occur throughout the project lifecycle, especially because some of them are dependent on deliverables by other business units. What life cycle methodology should the project manager use in this situation?",,,A,,A.A hybrid life cycle including a prioritized product backlog approved by the sponsor,,,TRUE,B,,B.A predictive life cycle including a schedule in agreement with all business units,,,FALSE,C,,C.An agile life cycle including a detailed schedule in agreement with all business units,,,FALSE,D,,D.An iterative life cycle including task durations and a budget approved by the sponsor,,,FALSE,,,,,,,,,,,,,,,,,,,,,,,,,,,,,,,,,,,,,,,,,,,,,,,,,,,,,,,,,,,,,,,,,,,,,,,,,,,,,,,,,,,,,,,,,,,,,,,,
b4647c0d-a1cc-42f2-9c8d-5f4b16d219da,exam-hall-01,SINGLE_CHOICE,DRAFT,,,A member of the project team who was hired for six months to complete a specific task has decided to leave the project in the fifth month to pursue another job opportunity. What should the project manager's immediate action be?,,,A,,A.Modify the contract to ensure the team member will complete the packages in the fifth month.,,,FALSE,B,,B.Determine what remaining packages might be affected and ensure that adequate resources are available.,,,FALSE,C,,C.Confirm the terms of the team member's contract to close their participation appropriately.,,,TRUE,D,,D.Check the contingency reserve for extra resources to hire a new member to finish these packages.,,,FALSE,,,,,,,,,,,,,,,,,,,,,,,,,,,,,,,,,,,,,,,,,,,,,,,,,,,,,,,,,,,,,,,,,,,,,,,,,,,,,,,,,,,,,,,,,,,,,,,,
de30822d-cf5e-4f24-b9a9-98114c718bd8,exam-hall-01,SINGLE_CHOICE,DRAFT,,,"Due to budgetary constraints, the program manager has requested that project managers prioritize resources over schedule milestones. A project manager reviews the resource histogram and finds that 80% of the project's resources will be used in the last month of the project. What should the project manager do?",,,A,,A.Request that activities be fast-tracked to make better use of available resources.,,,FALSE,B,,B.Allow some of the current resources to be available for other projects.,,,FALSE,C,,C.Suggest the program manager perform an integrated resource leveling among the projects.,,,TRUE,D,,D.Continue the project execution according to the original plan.,,,FALSE,,,,,,,,,,,,,,,,,,,,,,,,,,,,,,,,,,,,,,,,,,,,,,,,,,,,,,,,,,,,,,,,,,,,,,,,,,,,,,,,,,,,,,,,,,,,,,,,
a18a3603-cb8c-4025-a26e-e78b7fceaa44,exam-hall-01,SINGLE_CHOICE,DRAFT,,,"A junior project manager approaches a senior project manager and asks for assistance in initiating the final closeout process for a project. Before offering guidance, the senior project manager requires additional information. What should the senior project manager do first?",,,A,,A.Ask if the acceptance criteria for all deliverables have been met.,,,TRUE,B,,B.Ask if the deliverables were completed within budget and on time.,,,FALSE,C,,C.Ask if the customer has paid for all product development expenses.,,,FALSE,D,,D.Ask if quality assurance activities were conducted.,,,FALSE,,,,,,,,,,,,,,,,,,,,,,,,,,,,,,,,,,,,,,,,,,,,,,,,,,,,,,,,,,,,,,,,,,,,,,,,,,,,,,,,,,,,,,,,,,,,,,,,
a9f6e5cd-0f06-44c9-8542-b07c1814b309,exam-hall-01,SINGLE_CHOICE,DRAFT,,,A project manager has completed the project deliverable and has passed the acceptance criteria. Which statement confirms that project benefits have been achieved?,,,A,,A.The deliverable has been approved and the value has been confirmed.,,,TRUE,B,,B.The deliverable solved all of the issues specified by the project sponsors.,,,FALSE,C,,C.The project has seen some improvements in the ability to make decisions.,,,FALSE,D,,"D.The project was completed on schedule, without any complaints from end users.",,,FALSE,,,,,,,,,,,,,,,,,,,,,,,,,,,,,,,,,,,,,,,,,,,,,,,,,,,,,,,,,,,,,,,,,,,,,,,,,,,,,,,,,,,,,,,,,,,,,,,,
215f7a67-bcab-4a40-bf3f-777d316e9307,exam-hall-01,SINGLE_CHOICE,DRAFT,,,A project manager is assigned to an ongoing project with virtual team members from different countries who are working remotely in different time zones. The project manager notices that team members are not completing project activities on time and are unable to produce the expected deliverables due to irregular communications. How should the project manager resolve this?,,,A,,A.Provide the team with the deliverable list to guide them.,,,FALSE,B,,B.Engage with the team members to understand their challenges.,,,TRUE,C,,C.Organize time management training for the team.,,,FALSE,D,,D.Take steps to colocate the team in the same office.,,,FALSE,,,,,,,,,,,,,,,,,,,,,,,,,,,,,,,,,,,,,,,,,,,,,,,,,,,,,,,,,,,,,,,,,,,,,,,,,,,,,,,,,,,,,,,,,,,,,,,,
f64c5c3b-f2f9-4ea2-af48-e31f5c678888,exam-hall-01,SINGLE_CHOICE,DRAFT,,,"A project manager in Location A works with a local team, while developers are in another remote location, and a quality assessor is in yet another remote location. The project manager is aware that these distances mean that the team could struggle with lag when needing to communicate. What could the project manager do to mitigate this issue?",,,A,,A.Increase the number of standup sessions per day.,,,FALSE,B,,B.Source new team members locally.,,,FALSE,C,,C.Create a fishbowl window.,,,TRUE,D,,D.Decrease the need for team communications through backlog grooming.,,,FALSE,,,,,,,,,,,,,,,,,,,,,,,,,,,,,,,,,,,,,,,,,,,,,,,,,,,,,,,,,,,,,,,,,,,,,,,,,,,,,,,,,,,,,,,,,,,,,,,,
142de108-fb29-4b35-a886-a1618565f498,exam-hall-01,MULTIPLE_CHOICE,DRAFT,,,A large transformation project that requires cross-functional effort from various business teams is in progress. Which two actions should the project manager take first to complete the stakeholder register? (Choose two),,,A,,A.Hold a workshop with key project team members to brainstorm and identify potential stakeholders.,,,TRUE,B,,B.Ask for referrals from the business sponsor or senior leadership.,,,FALSE,C,,"C.Analyze the interest, influence, and impact of potential stakeholders from each business team.",,,TRUE,D,,D.Discuss the project with team members and put together the register at a team meeting.,,,FALSE,E,,E.Contact each potential stakeholder directly and ask if they are interested in joining the project.,,,FALSE,,,,,,,,,,,,,,,,,,,,,,,,,,,,,,,,,,,,,,,,,,,,,,,,,,,,,,,,,,,,,,,,,,,,,,,,,,,,,,,,,,,,,,,,,,
d161e4cd-bea9-4a01-8eab-6c57471802f3,exam-hall-01,SINGLE_CHOICE,DRAFT,,,A vendor for a large and complex project has been performing more work than what was originally anticipated in the time and material contract. This type of contract caused the project to be behind schedule and over budget. The contract is about to expire. What should the project manager do?,,,A,,A.Create a request for quotation (RFQ) to formulate a list of new vendors.,,,FALSE,B,,B.Shift to a master services agreement with appendices for the additional work as required.,,,TRUE,C,,C.Consult the lessons learned repository to formulate a list of potential new vendors.,,,FALSE,D,,D.Try to negotiate a fixed-price contract with the current vendor.,,,FALSE,E,,E.Contact each potential stakeholder directly and ask if they are interested in joining the project.,,,FALSE,,,,,,,,,,,,,,,,,,,,,,,,,,,,,,,,,,,,,,,,,,,,,,,,,,,,,,,,,,,,,,,,,,,,,,,,,,,,,,,,,,,,,,,,,,
2b5df3ba-dfd2-4639-a0d7-8b97a0bcf081,exam-hall-01,SINGLE_CHOICE,DRAFT,,,The product owner has asked the project manager and the agile team to demonstrate the completed functionality to key project stakeholders. The project is in its early days and has only completed three iterations of functionality. This is the first time the stakeholders will be exposed to an agile project. What should the project manager do?,,,A,,A.Reinforce with the product owner that it is their role to communicate and manage the stakeholder groups directly.,,,FALSE,B,,"B.Set expectations with the stakeholders regarding what agile is, the approach, and that they will be seeing a small amount of functionality.",,,TRUE,C,,"C.Demonstrate the completed functionality to the stakeholders, along with the user requirements and solution prototypes available.",,,FALSE,D,,D.Protect the team from distractions by providing a link to the user acceptance test (UAT) environment so the stakeholders can view the functionality directly.,,,FALSE,E,,E.Contact each potential stakeholder directly and ask if they are interested in joining the project.,,,FALSE,,,,,,,,,,,,,,,,,,,,,,,,,,,,,,,,,,,,,,,,,,,,,,,,,,,,,,,,,,,,,,,,,,,,,,,,,,,,,,,,,,,,,,,,,,
a4d9b54a-25a1-40fd-b7b4-64573a35601d,exam-hall-01,MULTIPLE_CHOICE,DRAFT,,,One of the retrospective action items that has recurred for the past two iterations is related to the verification and validation of the delivered functionality before production readiness. Which two solutions should the project manager use? (Choose two),,,A,,A.Adjust velocity for the project team to address additional testing.,,,FALSE,B,,B.Incorporate unit and integration test criteria as part of the validation.,,,TRUE,C,,C.Modify the methodology of delivery to test-driven development.,,,FALSE,D,,D.Review the working agreement for acceptance criteria with the project team.,,,TRUE,E,,E.Include a product backlog item to build an integration test suite.,,,FALSE,,,,,,,,,,,,,,,,,,,,,,,,,,,,,,,,,,,,,,,,,,,,,,,,,,,,,,,,,,,,,,,,,,,,,,,,,,,,,,,,,,,,,,,,,,
dcfaf2de-6f56-4b8c-92c4-47ddb3e3f45f,exam-hall-01,SINGLE_CHOICE,DRAFT,,,There are concerns that a scheduled-for-release product may not meet the agreed-upon end user requirements. How should a project manager avoid this situation in the future?,,,A,,A.Discuss the benefits with the client.,,,FALSE,B,,B.Ensure there is a product backlog.,,,FALSE,C,,C.Provide examples of other similar projects.,,,FALSE,D,,D.Hold a session to review the deliverable in detail.,,,TRUE,E,,E.Contact each potential stakeholder directly and ask if they are interested in joining the project.,,,FALSE,,,,,,,,,,,,,,,,,,,,,,,,,,,,,,,,,,,,,,,,,,,,,,,,,,,,,,,,,,,,,,,,,,,,,,,,,,,,,,,,,,,,,,,,,,
c8cd77f1-af63-46b3-8573-7111a170a93c,exam-hall-01,SINGLE_CHOICE,DRAFT,,,"A company is implementing a new computerized system. During project execution, the leader of a department that is critical to project completion raises a concern that the department's requirements are completely missing from the approved project management plan. What should the project manager have done to avoid this issue?",,,A,,A.Managed the expectations of all relevant stakeholders.,,,FALSE,B,,B.Sought expert judgment in the project scope design.,,,FALSE,C,,C.Involved all relevant stakeholders in the project planning.,,,TRUE,D,,D.Developed a change management plan to approve changes.,,,FALSE,E,,E.Contact each potential stakeholder directly and ask if they are interested in joining the project.,,,FALSE,,,,,,,,,,,,,,,,,,,,,,,,,,,,,,,,,,,,,,,,,,,,,,,,,,,,,,,,,,,,,,,,,,,,,,,,,,,,,,,,,,,,,,,,,,
2612616c-76e9-4a22-8333-8cc2ec396289,exam-hall-01,SINGLE_CHOICE,DRAFT,,,"During the execution phase of a healthcare IT project, the customer's project manager resigns and has not been replaced. The internal project manager finds out that, as a result, key stakeholders are no longer getting updated information in a timely manner. What should the project manager do?",,,A,,A.Update the communications management plan.,,,TRUE,B,,B.Immediately inform the key stakeholders directly.,,,FALSE,C,,C.Inform the project sponsors of the recent changes.,,,FALSE,D,,D.Keep sending the information until a reply is received.,,,FALSE,,,,,,,,,,,,,,,,,,,,,,,,,,,,,,,,,,,,,,,,,,,,,,,,,,,,,,,,,,,,,,,,,,,,,,,,,,,,,,,,,,,,,,,,,,,,,,,,
e5c2fe9c-50ec-444a-989a-584240369c12,exam-hall-01,SINGLE_CHOICE,DRAFT,,,A Scrum team noticed a trend of work spilling over for the last several sprints. The root cause of this has been identified as the code review task. This bottleneck appears to occur because the team is dependent on an external expert. What should the project manager do first?,,,A,,"A.Assess the bottleneck, highlight it, and increase the sprint length.",,,FALSE,B,,B.Assess the team's capability and identify the required internal training to remove the bottlenecks.,,,TRUE,C,,C.Arrange an alternative option to have a backup expert to avoid spillover.,,,FALSE,D,,"D.Work with the team, start reviewing the code, and stop reviews from the expert to avoid spillover.",,,FALSE,,,,,,,,,,,,,,,,,,,,,,,,,,,,,,,,,,,,,,,,,,,,,,,,,,,,,,,,,,,,,,,,,,,,,,,,,,,,,,,,,,,,,,,,,,,,,,,,
0a1c917d-4d7f-4bef-986b-cd3cc4299608,exam-hall-01,SINGLE_CHOICE,DRAFT,,,"A project manager is reviewing the project status with the team and identifies that a vendor resource can be released earlier than planned. The project manager reviews the schedule, confirms this change, and informs the vendor. The vendor argues that the resource must stay for a certain period of time. What should the project manager do?",,,A,,A.Leave the schedule as is since the resource has to stay on.,,,FALSE,B,,B.Confirm the schedule changes and review them with stakeholders.,,,FALSE,C,,C.Make preparations to release the resource to the vendor.,,,FALSE,D,,D.Consult the terms and conditions in the vendor contract.,,,TRUE,,,,,,,,,,,,,,,,,,,,,,,,,,,,,,,,,,,,,,,,,,,,,,,,,,,,,,,,,,,,,,,,,,,,,,,,,,,,,,,,,,,,,,,,,,,,,,,,
45eb855f-50a1-433a-b378-14a71950dbb7,exam-hall-01,SINGLE_CHOICE,DRAFT,,,"In a company that recently adopted hybrid practices, a project is struggling to perform as expected. Neither the project manager nor the team members have previous experience with this new approach to project management. The project manager wants to ensure the transition to hybrid practices is producing the desired results. What should the project manager do?",,,A,,A.Take an active role in assigning tasks to team members and follow up with their results.,,,FALSE,B,,B.Arrange for basic hybrid training for team members and ensure the team performs coordination meetings.,,,TRUE,C,,C.Issue performance reports to all team members so they can review and act on them.,,,FALSE,D,,D.Build a WBS and RACI chart to ensure all aspects of the project are owned and tasks are clear.,,,FALSE,,,,,,,,,,,,,,,,,,,,,,,,,,,,,,,,,,,,,,,,,,,,,,,,,,,,,,,,,,,,,,,,,,,,,,,,,,,,,,,,,,,,,,,,,,,,,,,,
97e60a2c-6ad7-409d-9b15-a211707aabb2,exam-hall-01,SINGLE_CHOICE,DRAFT,,,"In order to determine a new hybrid approach for a project, the project manager decides that an assessment of the organizational culture is needed. The project manager should consider a balance between which two elements?",,,A,,A.Exploration and stability,,,FALSE,B,,B.Speed and traditional models,,,FALSE,C,,C.Flexibility and predictability,,,TRUE,D,,D.Disruption and conformity,,,FALSE,,,,,,,,,,,,,,,,,,,,,,,,,,,,,,,,,,,,,,,,,,,,,,,,,,,,,,,,,,,,,,,,,,,,,,,,,,,,,,,,,,,,,,,,,,,,,,,,
7157fd71-3308-42c1-a8b5-1bb6ba683dba,exam-hall-01,SINGLE_CHOICE,DRAFT,,,"As a project is nearing completion, a struggle between the product owner and the project sponsor regarding who owns the benefits derived from the deliverable becomes a matter of litigation. What should the project manager have done to prevent this conflict from occurring?",,,A,,A.Identified the project sponsor as a stakeholder at the beginning of the project.,,,FALSE,B,,B.Developed and approved the business case jointly with the product owner and the project sponsor.,,,TRUE,C,,C.Identified and captured any potential issues in the issue log and monitored them frequently.,,,FALSE,D,,D.Created a detailed work breakdown structure (WBS) and implemented systematic tracking.,,,FALSE,,,,,,,,,,,,,,,,,,,,,,,,,,,,,,,,,,,,,,,,,,,,,,,,,,,,,,,,,,,,,,,,,,,,,,,,,,,,,,,,,,,,,,,,,,,,,,,,
aa89009b-37e3-4eff-a82f-308b0c3bba14,exam-hall-01,SINGLE_CHOICE,DRAFT,,,A client's interactions with the project team have been somewhat negative. Project team members don't want to be part of the project any longer. What should the project manager do?,,,A,,A.Schedule a meeting with the client to discuss the team's concerns.,,,FALSE,B,,B.Adhere to the client's expectations and sentiments without waiver.,,,FALSE,C,,C.Negotiate with the client and the project team to settle differences.,,,TRUE,D,,D.Involve all team members in stakeholder engagement activities.,,,FALSE,,,,,,,,,,,,,,,,,,,,,,,,,,,,,,,,,,,,,,,,,,,,,,,,,,,,,,,,,,,,,,,,,,,,,,,,,,,,,,,,,,,,,,,,,,,,,,,,
7c483274-295d-42c4-a947-f7d1eb59246d,exam-hall-01,SINGLE_CHOICE,DRAFT,,,"A project manager works at a construction company. The current project is a three year, multimillion-dollar initiative to rebuild a stadium. The first phase of the project has been completed within the three month timeframe and within budget. What should the project manager do next?",,,A,,A.Move on to the next phase.,,,FALSE,B,,B.Secure approval from the program manager.,,,FALSE,C,,C.Proceed with the contractual closure of the phase.,,,TRUE,D,,D.Begin the administrative closure process.,,,FALSE,,,,,,,,,,,,,,,,,,,,,,,,,,,,,,,,,,,,,,,,,,,,,,,,,,,,,,,,,,,,,,,,,,,,,,,,,,,,,,,,,,,,,,,,,,,,,,,,
d520f628-5807-4d06-8d61-a15bc40e4f7a,exam-hall-01,SINGLE_CHOICE,DRAFT,,,A company is developing a new product that needs to implement nonfunctional security requirements. The product owner is concerned about how the team can ensure the implementation of these nonfunctional requirements. What should the project manager do?,,,A,,A.Appoint a security expert as part of the team to review the acceptance criteria.,,,FALSE,B,,B.Send the security requirements to the security department to be implemented.,,,FALSE,C,,C.Discuss the security requirements during the next sprint meeting.,,,FALSE,D,,D.Include the security requirements in the definition of done (DoD).,,,TRUE,,,,,,,,,,,,,,,,,,,,,,,,,,,,,,,,,,,,,,,,,,,,,,,,,,,,,,,,,,,,,,,,,,,,,,,,,,,,,,,,,,,,,,,,,,,,,,,,
01ef1e72-ab48-4b2e-9b30-e271f28b48f9,exam-hall-01,SINGLE_CHOICE,DRAFT,,,"During a steering committee meeting, a senior executive raised a concern that although the key cost parameters are reported to be on track, the project might not be delivering the work that was originally scheduled. What measurement should the project manager use to address this concern?",,,A,,A.Cost Variance (CV),,,FALSE,B,,B.Earned Value (EV),,,FALSE,C,,C.Schedule Variance (SV),,,TRUE,D,,D.Planned Value (PV),,,FALSE,,,,,,,,,,,,,,,,,,,,,,,,,,,,,,,,,,,,,,,,,,,,,,,,,,,,,,,,,,,,,,,,,,,,,,,,,,,,,,,,,,,,,,,,,,,,,,,,
a3ba2b5a-4529-45fc-9087-0a49a313f4fb,exam-hall-01,SINGLE_CHOICE,DRAFT,,,"A project manager noticed that one team member is frequently absent from project team meetings. Instead of working on the current project, the team member has been working on a task assigned by their functional manager. What should the project manager do to resolve this issue?",,,A,,A.Discuss the resource allocation with the team member's functional manager.,,,TRUE,B,,B.Remove the team member from the project team due to their continued absences.,,,FALSE,C,,C.Record the absences in the team member's performance appraisal.,,,FALSE,D,,D.Ask another team member for input regarding the issue.,,,FALSE,,,,,,,,,,,,,,,,,,,,,,,,,,,,,,,,,,,,,,,,,,,,,,,,,,,,,,,,,,,,,,,,,,,,,,,,,,,,,,,,,,,,,,,,,,,,,,,,
bc890ce7-6235-43f2-b131-766d4159c13b,exam-hall-01,SINGLE_CHOICE,DRAFT,,,"A project manager is appointed to design and develop a strategy for a government organization. The project manager recognizes that the project has a limited amount of detailed information to prepare project estimates. However, several other government organizations have already successfully adopted the same strategy. In this scenario, which type of estimating method should the project manager select?",,,A,,A.Parametric modeling,,,FALSE,B,,B.Analogous estimation,,,TRUE,C,,C.Three-point estimating,,,FALSE,D,,D.Expert judgment,,,FALSE,,,,,,,,,,,,,,,,,,,,,,,,,,,,,,,,,,,,,,,,,,,,,,,,,,,,,,,,,,,,,,,,,,,,,,,,,,,,,,,,,,,,,,,,,,,,,,,,
8fa1c6e2-5271-44b0-9aab-6f41dabffb26,exam-hall-01,SINGLE_CHOICE,DRAFT,,,"During a project team meeting, team members have identified a list of risks that may occur during the project. The project sponsor would like to meet with the project manager to evaluate the importance of each risk. What type of analysis should the project manager perform in preparation for a meeting with the sponsor?",,,A,,A.Qualitative risk analysis,,,TRUE,B,,B.Quantitative risk analysis,,,FALSE,C,,C.Monte Carlo risk analysis,,,FALSE,D,,D.Expert judgment analysis,,,FALSE,,,,,,,,,,,,,,,,,,,,,,,,,,,,,,,,,,,,,,,,,,,,,,,,,,,,,,,,,,,,,,,,,,,,,,,,,,,,,,,,,,,,,,,,,,,,,,,,
0d2e3a73-466e-4e86-adb4-791b0321889d,exam-hall-01,SINGLE_CHOICE,DRAFT,,,"At project initiation, a quote for the required services was requested from a vendor, and the work was estimated at US$100,000. As the project progressed, requirements were updated following the company's procurement process, and a modified quote was received for more than US$250,000. The allocated contingency funds are not sufficient to cover the difference. What should the project manager do?",,,A,,A.Restart the procurement process and select a new vendor.,,,FALSE,B,,B.Review the contract type that will be awarded to the vendor.,,,FALSE,C,,C.Proceed with the best offer as per the procurement process.,,,FALSE,D,,D.Engage the steering committee and escalate the issue.,,,TRUE,,,,,,,,,,,,,,,,,,,,,,,,,,,,,,,,,,,,,,,,,,,,,,,,,,,,,,,,,,,,,,,,,,,,,,,,,,,,,,,,,,,,,,,,,,,,,,,,
37cb80e8-c7c2-4073-a4e9-0c4bd504b3f6,exam-hall-01,SINGLE_CHOICE,DRAFT,,,"Before a project evaluation meeting, a key stakeholder complains that the project does not deliver the expected business benefits. The project manager needs to prepare for the meeting to effectively address the complaint. What should the project manager do first?",,,A,,A.Review the change control log for approved variances in the project deliverable.,,,FALSE,B,,B.Review the communications management plan and stakeholder engagement plan.,,,FALSE,C,,C.Review the project performance metrics and acceptance test results.,,,FALSE,D,,D.Review the project objectives and success criteria.,,,TRUE,,,,,,,,,,,,,,,,,,,,,,,,,,,,,,,,,,,,,,,,,,,,,,,,,,,,,,,,,,,,,,,,,,,,,,,,,,,,,,,,,,,,,,,,,,,,,,,,
b0c6ecc2-e625-4d40-8e57-fd44ae4495c6,exam-hall-01,SINGLE_CHOICE,DRAFT,,,"A company has launched a new strategic project. The goal and scope of the project were loosely defined at the executive committee meeting, and the stakeholders have been appointed. The project manager needs to hold the kickoff meeting. However, most of the stakeholders are in different locations and some are on vacation. What should the project manager do?",,,A,,A.Hold the kickoff meeting with the available stakeholders and update others later.,,,FALSE,B,,B.Postpone the kickoff meeting until the stakeholders have returned.,,,FALSE,C,,C.Schedule one-on-one sessions with the stakeholders before they leave.,,,FALSE,D,,D.Arrange a virtual team kickoff meeting with the stakeholders.,,,TRUE,,,,,,,,,,,,,,,,,,,,,,,,,,,,,,,,,,,,,,,,,,,,,,,,,,,,,,,,,,,,,,,,,,,,,,,,,,,,,,,,,,,,,,,,,,,,,,,,
0cc7ffc8-023d-47ce-81af-c4d2f768f396,exam-hall-01,SINGLE_CHOICE,DRAFT,,,"An urban hotel design project has an international, multidisciplinary, and cross-cultural team. The project manager is in the process of developing the first version of the project management plan. What should the project manager do?",,,A,,A.Use a waterfall approach to project management.,,,FALSE,B,,B.Delegate most tasks to team members based in their same timezone.,,,FALSE,C,,C.Use a single communication channel for the entire project team.,,,FALSE,D,,D.Incorporate cultural considerations into the project management plan.,,,TRUE,,,,,,,,,,,,,,,,,,,,,,,,,,,,,,,,,,,,,,,,,,,,,,,,,,,,,,,,,,,,,,,,,,,,,,,,,,,,,,,,,,,,,,,,,,,,,,,,
147d0bf0-e774-4924-b611-ecccbdcbf046,exam-hall-01,SINGLE_CHOICE,DRAFT,,,The project manager is responsible for a major project that involves working with many vendors. A key project concern is related to the quality and timely delivery of procured products and services as committed by the vendors. What should the project manager do to ensure that the products meet the quality requirements and are delivered on time?,,,A,,"A.Raise an item in the risk register to capture potential impacts related to delays in the procurement of products and services, mitigating the risk of suboptimal quality.",,,FALSE,B,,B.Conduct procurement performance reviews on a regular basis with all contracted vendors to ensure that products and services are all delivered or will be delivered on time and as per the agreed-upon contract.,,,TRUE,C,,C.Delegate the management of the procurement process and the interaction with all vendors to the organization's procurement department as they have the tools and means to deal with a large number of vendors.,,,FALSE,D,,"D.Review vendor management plan with all vendors to ensure they are in agreeance with the plan, mitigating the risk of undelivered and low quality products.",,,FALSE,,,,,,,,,,,,,,,,,,,,,,,,,,,,,,,,,,,,,,,,,,,,,,,,,,,,,,,,,,,,,,,,,,,,,,,,,,,,,,,,,,,,,,,,,,,,,,,,
74c35a66-a431-4d45-a6c8-c1ee1fd4c8e8,exam-hall-01,SINGLE_CHOICE,DRAFT,,,"The project manager discovers that a stakeholder provides inaccurate status reports to the steering committee. Moreover, the stakeholder does not have accurate information on the project. What should the project manager do first?",,,A,,A.Update the communications management plan to ensure that the stakeholder receives the necessary information.,,,FALSE,B,,B.Schedule a meeting with the stakeholder to discuss the inaccurate reporting and provide accurate information.,,,TRUE,C,,C.Send regular updates to the steering committee to keep them informed about the project.,,,FALSE,D,,D.Escalate the issue and request that all reports be preapproved before they are sent to the steering committee.,,,FALSE,,,,,,,,,,,,,,,,,,,,,,,,,,,,,,,,,,,,,,,,,,,,,,,,,,,,,,,,,,,,,,,,,,,,,,,,,,,,,,,,,,,,,,,,,,,,,,,,
0d8fba7f-3bc4-473f-bd1d-10bdcb081e15,exam-hall-01,SINGLE_CHOICE,DRAFT,,,A project manager is managing a construction project that is 40% through the execution phase. The project sponsor has asked the project manager to ensure that all key stakeholders are still committed to the project. How should the project manager assess the stakeholders' current engagement levels?,,,A,,A.By reviewing and updating the communications management plan,,,FALSE,B,,B.By analyzing the most updated issue log,,,FALSE,C,,C.By asking key stakeholders to submit a signed declaration,,,FALSE,D,,D.By reviewing the stakeholder engagement assessment matrix,,,TRUE,,,,,,,,,,,,,,,,,,,,,,,,,,,,,,,,,,,,,,,,,,,,,,,,,,,,,,,,,,,,,,,,,,,,,,,,,,,,,,,,,,,,,,,,,,,,,,,,
abcc60c9-5cc5-4420-a385-7345a1660b0c,exam-hall-01,SINGLE_CHOICE,DRAFT,,,A project manager receives an email shortly after the beginning of a sprint. It is from a key stakeholder who is unfamiliar with agile methodologies and has a serious complaint about the work that was just started. The stakeholder insists that one deliverable should be changed. What should the project manager do?,,,A,,A.Address the request at the daily scrum meeting and ask for the project team's opinion.,,,FALSE,B,,"B.Modify the backlog to accommodate the change, and tell the team to start the requested deliverable immediately.",,,FALSE,C,,C.Schedule a meeting with the stakeholder and product owner to discuss the request.,,,TRUE,D,,"D.Cancel the current sprint, schedule a priority retrospective, and invite the stakeholder to discuss the request.",,,FALSE,,,,,,,,,,,,,,,,,,,,,,,,,,,,,,,,,,,,,,,,,,,,,,,,,,,,,,,,,,,,,,,,,,,,,,,,,,,,,,,,,,,,,,,,,,,,,,,,
f37a165b-5b9f-4786-a487-03870ef74206,exam-hall-01,SINGLE_CHOICE,DRAFT,,,"Production of a specific machine in a factory was contracted through a foreign supplier. Prior to delivery of the final two components, the supplier informs the project manager that they need to renegotiate prices or the components will not be delivered. What should the project manager do first?",,,A,,A.Raise a legal case with the company for breaching the contract.,,,FALSE,B,,B.Approach alternative suppliers for the remaining two components.,,,FALSE,C,,C.Work with the supplier to agree on new prices to minimize cost impact.,,,FALSE,D,,D.Initiate the response plan for this risk entry based upon the trigger.,,,TRUE,,,,,,,,,,,,,,,,,,,,,,,,,,,,,,,,,,,,,,,,,,,,,,,,,,,,,,,,,,,,,,,,,,,,,,,,,,,,,,,,,,,,,,,,,,,,,,,,
9655b3d6-8e9b-4c92-85cf-38bea76bbc4b,exam-hall-01,SINGLE_CHOICE,DRAFT,,,"A project manager is working on a project that has been ongoing for some time and is currently at the 70% completion mark. The development team has been diligently following the project management plan and scope defined in the project charter. During a product review meeting, a stakeholder complains that additional features should be included. These features were not initially part of the project scope but have now become a pressing concern for the stakeholder. What should the project manager do next?",,,A,,A.Analyze changes with the team and go through the formal change control process.,,,TRUE,B,,B.Inform the stakeholder that the changes will be applied later as product fixes.,,,FALSE,C,,C.Update the project management plan with the requested changes and inform relevant stakeholders.,,,FALSE,D,,D.Submit a change request to the change control board and inform the sponsor about the changes.,,,FALSE,,,,,,,,,,,,,,,,,,,,,,,,,,,,,,,,,,,,,,,,,,,,,,,,,,,,,,,,,,,,,,,,,,,,,,,,,,,,,,,,,,,,,,,,,,,,,,,,
a801a30b-0c08-4ecd-9c31-c0bdce52bfcb,exam-hall-01,SINGLE_CHOICE,DRAFT,,,"During a predictive project, the project manager is in the process of finalizing the exit criteria for a significant system development project. At this stage, a stakeholder responsible for risk and compliance informs the project manager that an additional deliverable must be completed due to recently passed legislation by the local government. This requested change is expected to have an impact on the scheduled release date of the project. What should the project manager do?",,,A,,A.Meet with the stakeholders and advise them that the request was not part of the exit criteria.,,,FALSE,B,,B.Collaborate with the stakeholder and submit a change request to the Change Control Board (CCB).,,,TRUE,C,,C.Escalate the issue to the sponsor to avoid delaying the project release date.,,,FALSE,D,,D.Add this new risk to the risk register and monitor because changes are outside the project scope,,,FALSE,,,,,,,,,,,,,,,,,,,,,,,,,,,,,,,,,,,,,,,,,,,,,,,,,,,,,,,,,,,,,,,,,,,,,,,,,,,,,,,,,,,,,,,,,,,,,,,,
9d5f3ef5-5543-402b-b95e-690a356369bd,exam-hall-01,SINGLE_CHOICE,DRAFT,,,"A project manager has been informed that the first of several major deliveries from another country will be delayed. These deliveries are on the critical path, and the delay will result in a missed milestone. What should the project manager do first?",,,A,,A.Update the project's lessons learned register and project management plan.,,,FALSE,B,,B.Revise the project schedule and notify the stakeholders of the delay.,,,FALSE,C,,C.Register the delay in the issue log and develop an immediate action plan.,,,TRUE,D,,D.Identify the parties responsible for the delay to issue back charges for their portion.,,,FALSE,,,,,,,,,,,,,,,,,,,,,,,,,,,,,,,,,,,,,,,,,,,,,,,,,,,,,,,,,,,,,,,,,,,,,,,,,,,,,,,,,,,,,,,,,,,,,,,,
a5a0068e-138e-4b78-b57c-ab53ccf29a60,exam-hall-01,SINGLE_CHOICE,DRAFT,,,"A stakeholder is concerned that the project is falling behind schedule, based on unofficial information from the project team. Although some tasks have slipped, these tasks have free floats; otherwise, the project is on track. The project manager immediately contacted the stakeholder to show and explain the latest project status reports. What should the project manager do next?",,,A,,A.Issue a memo stating that the project status can only be shared through authorized channels.,,,FALSE,B,,B.Include the stakeholder in the project status mailing list.,,,FALSE,C,,C.Review the project's communications management plan with the project team and update as necessary.,,,TRUE,D,,D.Revise the status reports to clearly identify delays that should be acted on.,,,FALSE,,,,,,,,,,,,,,,,,,,,,,,,,,,,,,,,,,,,,,,,,,,,,,,,,,,,,,,,,,,,,,,,,,,,,,,,,,,,,,,,,,,,,,,,,,,,,,,,
485113c5-9e0d-46b9-8c51-fe240471d8cc,exam-hall-01,SINGLE_CHOICE,DRAFT,,,"The development phase of a new product has concluded. The validation test is about to start, but the test lead disagrees with the criteria for the test. What should the project manager do?",,,A,,A.Understand the reason for the disagreement and submit a change request to the change control board if appropriate.,,,TRUE,B,,B.Implement a plan to change the test criteria so that the validation test can be started as scheduled.,,,FALSE,C,,C.Keep the validation test criteria unchanged because such changes will impact the project schedule.,,,FALSE,D,,D.Explain how changes may impact the project and convince the test lead to go along with the original test criteria.,,,FALSE,,,,,,,,,,,,,,,,,,,,,,,,,,,,,,,,,,,,,,,,,,,,,,,,,,,,,,,,,,,,,,,,,,,,,,,,,,,,,,,,,,,,,,,,,,,,,,,,
b4687f0a-c867-49a7-bad4-dd0bb33ff138,exam-hall-01,SINGLE_CHOICE,DRAFT,,,A project manager has recently been assigned to an existing multinational project and is not familiar with the key stakeholders. What should the project manager do?,,,A,,A.Request a meeting with the resource manager.,,,FALSE,B,,B.Review and update the stakeholder register.,,,TRUE,C,,C.Ask for the opinion or expert judgment of the sponsor.,,,FALSE,D,,D.Identify the communications tool and update the plan.,,,FALSE,,,,,,,,,,,,,,,,,,,,,,,,,,,,,,,,,,,,,,,,,,,,,,,,,,,,,,,,,,,,,,,,,,,,,,,,,,,,,,,,,,,,,,,,,,,,,,,,
9223c9ed-094d-4a34-89a6-3a147171ed84,exam-hall-01,SINGLE_CHOICE,DRAFT,,,An organization is halfway through a five year project and everything has progressed as scheduled. The latest project assessment indicates that the project will not be in compliance with a recently introduced international regulation. What should the project manager do?,,,A,,A.Proceed with the project because the new regulation is not part of the initial project requirements.,,,FALSE,B,,B.Conduct a workshop with the project steering committee to review the new regulation and find a resolution.,,,TRUE,C,,C.Leverage the contingency reserve to fund the additional tasks required for the new regulation.,,,FALSE,D,,D.Ask for funds from the management reserve because the new regulation is an unknown risk.,,,FALSE,,,,,,,,,,,,,,,,,,,,,,,,,,,,,,,,,,,,,,,,,,,,,,,,,,,,,,,,,,,,,,,,,,,,,,,,,,,,,,,,,,,,,,,,,,,,,,,,
7b63b4a3-35af-43eb-8125-4e11efe9b387,exam-hall-01,SINGLE_CHOICE,DRAFT,,,"A new solution is being deployed in several countries. Country A asked for a change in the solution in order to comply with its own customer market. The project manager for the deployment in country A accepted the change. When the project manager for the deployment in country B received the new version of the solution, the tests performed failed because this version is not consistent with country B's regulations. What should have been done to avoid this situation?",,,A,,A.Prevent the changes from being authorized.,,,FALSE,B,,B.Ensure that all countries aligned their requirements with country A.,,,FALSE,C,,C.Analyze all change requests raised during each country's deployment at a global level prior to implementation.,,,TRUE,D,,D.Ensure that any country that requested a change pays for any required changes.,,,FALSE,,,,,,,,,,,,,,,,,,,,,,,,,,,,,,,,,,,,,,,,,,,,,,,,,,,,,,,,,,,,,,,,,,,,,,,,,,,,,,,,,,,,,,,,,,,,,,,,
73d48ed3-8648-4b48-931f-cf5d336b9eaa,exam-hall-01,SINGLE_CHOICE,DRAFT,,,A project manager has just finished a project charter and received approval from the project sponsor. The project manager then presented the project charter to the stakeholders and noticed a lack of participation from some of them during this meeting. What should the project manager do?,,,A,,A.Include this in the risk register because the Project Manager is uncertain that the stakeholders understood their responsibilities in this project.,,,FALSE,B,,B.Hold one-on-one meetings with these stakeholders to ensure their understanding of key deliverables and their responsibilities.,,,TRUE,C,,C.Report the concerns about the stakeholders' lack of involvement to the project sponsor.,,,FALSE,D,,D.Ask the project team to monitor these stakeholders and their involvement.,,,FALSE,,,,,,,,,,,,,,,,,,,,,,,,,,,,,,,,,,,,,,,,,,,,,,,,,,,,,,,,,,,,,,,,,,,,,,,,,,,,,,,,,,,,,,,,,,,,,,,,
a12935a4-dc0c-4bdb-881f-f15656a909ee,exam-hall-01,SINGLE_CHOICE,DRAFT,,,"A company that has traditionally used predictive approaches has been experimenting with the use of agile in portions of a project. Because the company has been pleased with the results, the project sponsor now requests that the entire project be converted to agile. What should the project manager do?",,,A,,A.Propose that the approach change to agile take effect for new projects.,,,FALSE,B,,B.Submit a change request to the change control board (CCB).,,,TRUE,C,,C.Consult the product owner as they may have reasons to continue using a predictive approach.,,,FALSE,D,,D.Convert the project deliverables to user stories and inform the team.,,,FALSE,,,,,,,,,,,,,,,,,,,,,,,,,,,,,,,,,,,,,,,,,,,,,,,,,,,,,,,,,,,,,,,,,,,,,,,,,,,,,,,,,,,,,,,,,,,,,,,,
398612fa-8505-4b10-aa61-a25fcd198617,exam-hall-01,SINGLE_CHOICE,DRAFT,,,"A project manager is overseeing an agile project that has finalized scope and compliance requirements. During a regular project review, a stakeholder informs the project manager that proposed changes to the country's safety legislation could impact the project's scope. What should the project manager do?",,,A,,A.Focus on completing the activities per the product backlog.,,,FALSE,B,,B.Analyze the impact of the legislative changes on the project plan.,,,TRUE,C,,C.Incorporate the changes in the next sprint based on the proposal.,,,FALSE,D,,D.Ask the sponsor to approve the additional budget for the change.,,,FALSE,,,,,,,,,,,,,,,,,,,,,,,,,,,,,,,,,,,,,,,,,,,,,,,,,,,,,,,,,,,,,,,,,,,,,,,,,,,,,,,,,,,,,,,,,,,,,,,,
f6992597-0f72-425a-a87a-7af9082f4779,exam-hall-01,SINGLE_CHOICE,DRAFT,,,A key member of an agile team was replaced with a less experienced member. One of the stakeholders is concerned that the project will not be delivered on time because of the new team member. What should the project manager do to ensure successful project delivery?,,,A,,A.Add this concern as a risk in the risk log and escalate it to the project management office (PMO).,,,FALSE,B,,"B.Meet with their functional manager to assess the situation, and obtain guidance on how to proceed.",,,FALSE,C,,C.Reverse the decision for replacement and bring the former key member back onto the team.,,,FALSE,D,,D.Assess the impact of the replacement and make further resource adjustments where necessary.,,,TRUE,,,,,,,,,,,,,,,,,,,,,,,,,,,,,,,,,,,,,,,,,,,,,,,,,,,,,,,,,,,,,,,,,,,,,,,,,,,,,,,,,,,,,,,,,,,,,,,,
fceacab4-401a-45c4-b9c0-dce8ccc623f6,exam-hall-01,SINGLE_CHOICE,DRAFT,,,An agile project team member is working on a user story that is overdue. This delay is causing the team to miss sprint goals for a specific functionality. The reasons for this delay are unknown to the project manager. What should be project manager do first?,,,A,,A.Discuss the delay with the team member.,,,TRUE,B,,B.Request additional resources from the sponsor.,,,FALSE,C,,C.Exclude this functionality in the final product.,,,FALSE,D,,D.Replace the project team member with a new developer.,,,FALSE,,,,,,,,,,,,,,,,,,,,,,,,,,,,,,,,,,,,,,,,,,,,,,,,,,,,,,,,,,,,,,,,,,,,,,,,,,,,,,,,,,,,,,,,,,,,,,,,
f3fe103b-a175-49f5-8b31-61283cafcb7f,exam-hall-01,SINGLE_CHOICE,DRAFT,,,"During a Scrum board review for a hybrid project, a team member suggests adding a task that is outside of the baseline scope. This task could reduce risk to the project. The team member raises it in the review. What should the project manager do?",,,A,,A.Assess the feasibility and impact of including the task and incorporate it into future sprints if appropriate.,,,TRUE,B,,B.Instruct the product owner to assess the benefit of the activity toward meeting the project's initial requirements.,,,FALSE,C,,C.Direct the team toward the critical path activity and include the task in the backlog column for later review.,,,FALSE,D,,"D.Document the task in the project documentation, noting may reduce risk but it is outside of the baseline scope.",,,FALSE,,,,,,,,,,,,,,,,,,,,,,,,,,,,,,,,,,,,,,,,,,,,,,,,,,,,,,,,,,,,,,,,,,,,,,,,,,,,,,,,,,,,,,,,,,,,,,,,
1c5126af-7f9a-48e7-bd55-f4e5030e5d27,exam-hall-01,SINGLE_CHOICE,DRAFT,,,"An agile project was scaled from the feasibility study phase to the implementation phase. Due to time constraints, the same team is assigned to the project, except for one team member who was replaced with a new team member. Many of the team members do not get along with the new team member and are unwilling to work in the next phase. How should the project manager ensure that the team is ready for the next phase?",,,A,,A.Perform an incremental delivery assessment.,,,FALSE,B,,B.Force the team to stay together.,,,FALSE,C,,C.Request a formal team commitment.,,,TRUE,D,,D.Remove the new team member.,,,FALSE,,,,,,,,,,,,,,,,,,,,,,,,,,,,,,,,,,,,,,,,,,,,,,,,,,,,,,,,,,,,,,,,,,,,,,,,,,,,,,,,,,,,,,,,,,,,,,,,
1dfa9e13-04ef-4f40-ab47-59a0b375846e,exam-hall-01,SINGLE_CHOICE,DRAFT,,,A project manager leads a project team on a project. This project's goal is to enhance a product's capability in the market. What should be the top consideration when defining the team's key performance indicators (KPIs)?,,,A,,A.Alignment with an individual's growth and development,,,FALSE,B,,B.Alignment with the customer's needs,,,TRUE,C,,C.Alignment with the project manager's goals,,,FALSE,D,,D.Alignment with the sponsor's business goals,,,FALSE,,,,,,,,,,,,,,,,,,,,,,,,,,,,,,,,,,,,,,,,,,,,,,,,,,,,,,,,,,,,,,,,,,,,,,,,,,,,,,,,,,,,,,,,,,,,,,,,
f2df8240-d4b8-4c3b-8750-3ed24376b93b,exam-hall-01,SINGLE_CHOICE,DRAFT,,,"A project manager is working on an agile project that is currently in its third iteration. During the ongoing iteration, the customer contacts the project manager requesting additional features. These additional features are considered important and can be accommodated without requiring significant additional resources. The customer requests immediate changes to the current iteration to incorporate the additional features. How should the project manager respond?",,,A,,A.Remind the customer that no changes are allowed per the contract.,,,FALSE,B,,B.Change the current iteration to include the additional features.,,,FALSE,C,,C.Prioritize the additional features for the start of the next iteration.,,,TRUE,D,,D.Tell the customer that new features will be added at a later stage.,,,FALSE,,,,,,,,,,,,,,,,,,,,,,,,,,,,,,,,,,,,,,,,,,,,,,,,,,,,,,,,,,,,,,,,,,,,,,,,,,,,,,,,,,,,,,,,,,,,,,,,
56c1d3de-9338-4960-af61-29392d107f8d,exam-hall-01,SINGLE_CHOICE,DRAFT,,,"An agile project is midway through its ten iteration cycles. During the last iteration, the team had to work overtime to accomplish the goal. In the iteration retrospective, the team agreed that they took more time than planned because they did not have the required experience when they executed the assigned tasks for the first time. What should the project manager do?",,,A,,A.Ask the project sponsor for additional team training.,,,FALSE,B,,B.Ask the sponsor to approve a change request for more time in future iterations.,,,FALSE,C,,C.Ask the team to re-assess their effort estimates in the iteration planning session.,,,TRUE,D,,D.Ask the product owner to reprioritize the product backlog.,,,FALSE,,,,,,,,,,,,,,,,,,,,,,,,,,,,,,,,,,,,,,,,,,,,,,,,,,,,,,,,,,,,,,,,,,,,,,,,,,,,,,,,,,,,,,,,,,,,,,,,
4023085a-4211-4a34-8cda-a9536cb4af91,exam-hall-01,SINGLE_CHOICE,DRAFT,,,"Project team A is launching a complex program in collaboration with project teams B, C, and D. What should be the priority for project team A's project manager during the early stages of the project?",,,A,,"A.Host a team-building event with members from project teams A, B, C, and D.",,,FALSE,B,,"B.Include a metrics dashboard for project teams B, C, and D.",,,FALSE,C,,"C.Establish the same priorities as those of project teams B, C, and D.",,,FALSE,D,,"D.Ask project teams A, B, C, and D to identify critical dependencies, risks, and major milestones.",,,TRUE,,,,,,,,,,,,,,,,,,,,,,,,,,,,,,,,,,,,,,,,,,,,,,,,,,,,,,,,,,,,,,,,,,,,,,,,,,,,,,,,,,,,,,,,,,,,,,,,
bc7f6488-3f62-46a0-86f9-67fa4dc6fdca,exam-hall-01,SINGLE_CHOICE,DRAFT,,,"In order to function optimally, a project team should have a project charter that states the vision or purpose of the project and a clear set of working agreements. To achieve this, which question should the project charter answer?",,,A,,A.Why is this project being done?,,,TRUE,B,,B.Why did the organization prioritize this project?,,,FALSE,C,,C.What are the key risks and their mitigation?,,,FALSE,D,,D.Who will be doing the work?,,,FALSE,,,,,,,,,,,,,,,,,,,,,,,,,,,,,,,,,,,,,,,,,,,,,,,,,,,,,,,,,,,,,,,,,,,,,,,,,,,,,,,,,,,,,,,,,,,,,,,,
8e9d672a-c576-4ce9-8edb-7813176f56d2,exam-hall-01,SINGLE_CHOICE,DRAFT,,,"An agile project is in its first of ten iterations. After the iteration review, the team receives stakeholder feedback that the first deliverable is not aligned with the project objectives. What should the project manager do?",,,A,,A.Ask the team to meet with stakeholders to understand their needs.,,,FALSE,B,,B.Ask the product owner to review the product backlog and its priorities.,,,TRUE,C,,C.Ask stakeholders to prioritize their needs.,,,FALSE,D,,D.Ask the sponsor to define the stakeholders' priorities.,,,FALSE,,,,,,,,,,,,,,,,,,,,,,,,,,,,,,,,,,,,,,,,,,,,,,,,,,,,,,,,,,,,,,,,,,,,,,,,,,,,,,,,,,,,,,,,,,,,,,,,
2a444dbc-b27a-477f-801d-ccd2bcfb05e2,exam-hall-01,SINGLE_CHOICE,DRAFT,,,"An agile team created a risk register for a project. All initial risks were identified using stakeholder interviews, workshops, and information from the project charter. What should the project manager do to manage the risk register and the associated risks for the remaining project duration?",,,A,,A.Assess and prioritize the risks during each sprint retrospective meeting.,,,FALSE,B,,B.Include the risks as an agenda topic in daily scrum meetings.,,,FALSE,C,,C.Update the risk register and review risks with the team on a regular basis.,,,TRUE,D,,D.Eliminate all project risks using iterative risk management.,,,FALSE,,,,,,,,,,,,,,,,,,,,,,,,,,,,,,,,,,,,,,,,,,,,,,,,,,,,,,,,,,,,,,,,,,,,,,,,,,,,,,,,,,,,,,,,,,,,,,,,
a54dbf60-cf25-453c-a1a4-6ec5a9932867,exam-hall-01,SINGLE_CHOICE,DRAFT,,,"An agile project team is building a website for a client. The client informs the product owner that their company has decided to release the website one month ahead of schedule, in order to take advantage of a business opportunity. What should the project manager have the team do?",,,A,,A.Commit additional resources to complete work a month in advance.,,,FALSE,B,,B.Meet as a group to assess what is possible to complete by the new timelines.,,,TRUE,C,,C.Tell the client it is not possible to release the website this early.,,,FALSE,D,,D.Conduct a retrospective meeting to understand how they could have worked faster.,,,FALSE,,,,,,,,,,,,,,,,,,,,,,,,,,,,,,,,,,,,,,,,,,,,,,,,,,,,,,,,,,,,,,,,,,,,,,,,,,,,,,,,,,,,,,,,,,,,,,,,
e4b1cbe6-25f8-4070-b798-88177e02ac81,exam-hall-01,SINGLE_CHOICE,DRAFT,,,A project manager for a new project is tasked with applying agile practices to improve team performance. Which approach should the project manager take?,,,A,,A.Utilize active listening techniques to address the needs of the team.,,,FALSE,B,,B.Request a budget from finance for training the team members.,,,FALSE,C,,C.Assign a budget for team activities during the planning phase of the project.,,,FALSE,D,,D.Ensure team retrospectives are done regularly.,,,TRUE,,,,,,,,,,,,,,,,,,,,,,,,,,,,,,,,,,,,,,,,,,,,,,,,,,,,,,,,,,,,,,,,,,,,,,,,,,,,,,,,,,,,,,,,,,,,,,,,
2e5657ed-68f1-4934-890f-b6e9837b1da4,exam-hall-01,SINGLE_CHOICE,DRAFT,,,"A project team adopted agile practices to meet the business need to develop an application. One of the senior team members inconsistently attends the team meetings, even the daily standup meetings. This senior team member then asks other team members to provide status updates on the senior team member's behalf. What should the project manager do to handle this situation?",,,A,,A.Request the removal of the senior team member due to the participation issues.,,,FALSE,B,,B.Remind the senior team member to adhere to the team's working agreement.,,,TRUE,C,,C.Escalate the senior team member's participation to upper management.,,,FALSE,D,,D.Ask the other team members to cover the tasks assigned to the senior team member.,,,FALSE,,,,,,,,,,,,,,,,,,,,,,,,,,,,,,,,,,,,,,,,,,,,,,,,,,,,,,,,,,,,,,,,,,,,,,,,,,,,,,,,,,,,,,,,,,,,,,,,
f896b164-3a1e-4852-8167-a795d3ff61ec,exam-hall-01,SINGLE_CHOICE,DRAFT,,,"An inexperienced project manager requires HR support for a project. The HR manager hired interns and sent them for training. However, the training did not deliver on the competency-based outcomes. The HR manager is not willing to accept the training costs because the training budget is exhausted. What should the project manager do to resolve the situation?",,,A,,A.Prepare clear training requirements for full-time staff and interns.,,,FALSE,B,,B.Identify the competency gaps and collaborate with the HR manager for options.,,,TRUE,C,,C.Communicate training and hiring requirements to the HR manager.,,,FALSE,D,,"D.Analyze the risk, update the risk register, and inform the HR manager.",,,FALSE,,,,,,,,,,,,,,,,,,,,,,,,,,,,,,,,,,,,,,,,,,,,,,,,,,,,,,,,,,,,,,,,,,,,,,,,,,,,,,,,,,,,,,,,,,,,,,,,
e6eecbcd-6ce0-47e8-8711-b36b58f941aa,exam-hall-01,SINGLE_CHOICE,DRAFT,,,A project manager has created the stakeholder list and is deciding how to distribute information effectively to the customer. What should the project manager do next?,,,A,,A.Meet with all the stakeholders face-to-face on a weekly basis.,,,FALSE,B,,"B.Send updates to all stakeholders, including the customer.",,,FALSE,C,,C.Perform a stakeholder analysis and prepare a communications management plan.,,,TRUE,D,,D.Review historical data sent to other customers and follow the same practices.,,,FALSE,,,,,,,,,,,,,,,,,,,,,,,,,,,,,,,,,,,,,,,,,,,,,,,,,,,,,,,,,,,,,,,,,,,,,,,,,,,,,,,,,,,,,,,,,,,,,,,,
d17931e9-a989-4dfd-b4ad-a4ff76245e60,exam-hall-01,SINGLE_CHOICE,DRAFT,,,A project manager in a quickly growing hybrid organization is becoming increasingly frustrated at the rapid amount of change in daily operations. Several newer team members have already left the team or have been promoted to other roles in the organization. What should the project manager do to ensure the project governance remains stable?,,,A,,A.Work with leadership to update the organizational process assets (OPAs).,,,TRUE,B,,B.Develop a new social contract to empower the team.,,,FALSE,C,,C.Update the team charter with new team members.,,,FALSE,D,,D.Update the project management plan on a regular basis.,,,FALSE,,,,,,,,,,,,,,,,,,,,,,,,,,,,,,,,,,,,,,,,,,,,,,,,,,,,,,,,,,,,,,,,,,,,,,,,,,,,,,,,,,,,,,,,,,,,,,,,
0dd3c329-7171-4538-8342-264f1a8c74f5,exam-hall-01,SINGLE_CHOICE,DRAFT,,,"A company has started doing agile projects. The project sponsor is frustrated and does not understand the new requirements gathering process, which seems to be incomplete and moving too fast. What should the project manager do?",,,A,,A.Help the project sponsor understand the different tools and techniques available and why this one was selected.,,,TRUE,B,,B.Update the stakeholder register to identify the project sponsor as a potential impediment.,,,FALSE,C,,C.Let the team know that the sponsor is unhappy and switch from iterative planning to predictive planning.,,,FALSE,D,,D.Pause the project work until the scrum master has a chance to review the complete backlog with the sponsor.,,,FALSE,,,,,,,,,,,,,,,,,,,,,,,,,,,,,,,,,,,,,,,,,,,,,,,,,,,,,,,,,,,,,,,,,,,,,,,,,,,,,,,,,,,,,,,,,,,,,,,,
ba64901e-a3d6-491f-a5a0-b3a2ac9bb289,exam-hall-01,SINGLE_CHOICE,DRAFT,,,"A project manager is in the initiation phase of a new project and is preparing to develop a project team charter. The project team consists of members from different departments within the organization, and collaboration is vital for project success. What should the project manager do to create an effective project team charter?",,,A,,"A.Create the project team charter independently, outlining their expectations and goals for the team.",,,FALSE,B,,"B.Hold a kick-off meeting with the team to collaboratively define the team's purpose, roles, responsibilities, and objectives.",,,TRUE,C,,C.Delegate the task of drafting the charter to a senior team member with experience in project management.,,,FALSE,D,,D.Share a template of a generic project team charter with the team and invite them to modify it as needed to fit the project.,,,FALSE,,,,,,,,,,,,,,,,,,,,,,,,,,,,,,,,,,,,,,,,,,,,,,,,,,,,,,,,,,,,,,,,,,,,,,,,,,,,,,,,,,,,,,,,,,,,,,,,
25642db7-52f8-46a1-991d-b8c7f7af15e6,exam-hall-01,SINGLE_CHOICE,DRAFT,,,"An agile project is in its first of 12 iterations, and each iteration lasts two weeks. In the first iteration review, the stakeholders ask for monthly reports moving forward. What should the project manager do?",,,A,,A.Tell the team members to create monthly iteration reports.,,,FALSE,B,,B.Create monthly reports and send them to the stakeholders.,,,FALSE,C,,C.Coach and mentor the stakeholders on agile methodologies.,,,TRUE,D,,D.Ask the stakeholders to participate in monthly iteration reviews.,,,FALSE,,,,,,,,,,,,,,,,,,,,,,,,,,,,,,,,,,,,,,,,,,,,,,,,,,,,,,,,,,,,,,,,,,,,,,,,,,,,,,,,,,,,,,,,,,,,,,,,
b9c743e5-f92a-40a3-a186-5fdc16a4c2a6,exam-hall-01,SINGLE_CHOICE,DRAFT,,,"A company is expanding, and the project manager is contemplating whether to hire new resources or outsource resources from an approved vendor team. What should the project manager focus on regarding this decision?",,,A,,A.The procurement strategy and standards of the organization.,,,FALSE,B,,B.The cost of hiring new resources versus outsourcing resources.,,,TRUE,C,,C.The organizational resource strengths versus those of the vendor.,,,FALSE,D,,D.The cost of internal resources versus the cost of vendor resources.,,,FALSE,,,,,,,,,,,,,,,,,,,,,,,,,,,,,,,,,,,,,,,,,,,,,,,,,,,,,,,,,,,,,,,,,,,,,,,,,,,,,,,,,,,,,,,,,,,,,,,,
c71a42d4-4887-45ef-b78d-7b2157dfeef3,exam-hall-01,SINGLE_CHOICE,DRAFT,,,"An organization is trying to adopt agile approaches to execute projects for their customers. During project planning, the product owner proposed that any release to the customer should be approved by the legal department before it is shipped. The development team is disappointed as it may potentially delay releases and the delivery schedule. Since other departments in the organization do not use agile, what should the project manager's role be as a servant leader?",,,A,,A.Advise senior management to introduce agile techniques to all departments to ensure seamless services to customers.,,,FALSE,B,,B.Continue with standardized organizational procedures to ensure compliance with policies and avoid creating problems.,,,FALSE,C,,C.Inform the customer about the organizational procedures and ask them to discuss this with the organization's leadership.,,,FALSE,D,,D.Work with the legal department and other applicable departments to review the processes that support the project delivery.,,,TRUE,,,,,,,,,,,,,,,,,,,,,,,,,,,,,,,,,,,,,,,,,,,,,,,,,,,,,,,,,,,,,,,,,,,,,,,,,,,,,,,,,,,,,,,,,,,,,,,,
93a1d8a2-6561-41b0-902d-805605cf7acc,exam-hall-01,SINGLE_CHOICE,DRAFT,,,A team member raises a concern that some deliverables may not be compliant with certain regulations. What should the project manager do?,,,A,,A.Set up a meeting with the key stakeholders and subject matter experts (SME) to get clarification about the regulations that may impact the project deliverables.,,,TRUE,B,,B.Request an official letter from the client to confirm if the regulations apply to the project deliverables.,,,FALSE,C,,"C.Ask the project management office (PMO) if the project deliverables are subject to the regulations and, if so, how to proceed in order to be compliant.",,,FALSE,D,,D.Contact the manager of the team member that raised the concern to determine which tasks are needed to stay compliant.,,,FALSE,,,,,,,,,,,,,,,,,,,,,,,,,,,,,,,,,,,,,,,,,,,,,,,,,,,,,,,,,,,,,,,,,,,,,,,,,,,,,,,,,,,,,,,,,,,,,,,,
ea933d9f-ba08-497d-8e81-7cdd5a30f91e,exam-hall-01,SINGLE_CHOICE,DRAFT,,,"A company must launch a global product to respond to a competition threat. As part of an agile approach, the team chooses Region X as the baseline to test the first iteration. While the product meets standards and requirements in Region X, it does not comply with two of the other regions' standards. What should the project manager do?",,,A,,A.Ensure that the product meets the standards and requirements in Region X and plan future iterations to address the noncompliance with the standards in the other regions.,,,TRUE,B,,B.Document this as a noncompliance in the quality management plan and correct it in the next iteration.,,,FALSE,C,,C.Re-plan all of the iterations to meet all three regions' standards within the scope of the work.,,,FALSE,D,,D.Connect with customers from each region to reach an agreement on the existing design.,,,FALSE,,,,,,,,,,,,,,,,,,,,,,,,,,,,,,,,,,,,,,,,,,,,,,,,,,,,,,,,,,,,,,,,,,,,,,,,,,,,,,,,,,,,,,,,,,,,,,,,
631d4a30-c93d-47a3-aef8-c1dc419fcb14,exam-hall-01,SINGLE_CHOICE,DRAFT,,,"A Scrum team is halfway to its release. During the sprint demo, new software is selected by one of the developers and presented to the team. The new software was not planned work but meets the date for the release. Several prioritized features for the next two sprints are disrupted. What actions should the team do to minimize the disruption?",,,A,,A.Work with the product owner on the backlog to introduce the new software.,,,TRUE,B,,B.The scrum team makes the decisions themselves as a self-organized team and presents the change during the demo .,,,FALSE,C,,C.The developers reach out to the scrum master regarding the change to determine where and when the change can be discussed.,,,FALSE,D,,D.The scrum team evaluates the new software and informs the client about the impact to the release plan,,,FALSE,,,,,,,,,,,,,,,,,,,,,,,,,,,,,,,,,,,,,,,,,,,,,,,,,,,,,,,,,,,,,,,,,,,,,,,,,,,,,,,,,,,,,,,,,,,,,,,,
0398b8d4-b4b0-459f-b0f2-a8342e121903,exam-hall-01,SINGLE_CHOICE,DRAFT,,,A functional manager involved in a project complains about the latest quality metrics reports associated with all previous iterations. The team does not think this is a valid complaint. What should the project manager do first?,,,A,,A.Fix the reports to accommodate the functional manager's complaints.,,,FALSE,B,,B.Speak to the functional manager to understand their specific concerns.,,,TRUE,C,,C.Review the RACI matrix to identify who is responsible for quality metrics.,,,FALSE,D,,D.Perform a quality audit to validate the applied quality metrics.,,,FALSE,,,,,,,,,,,,,,,,,,,,,,,,,,,,,,,,,,,,,,,,,,,,,,,,,,,,,,,,,,,,,,,,,,,,,,,,,,,,,,,,,,,,,,,,,,,,,,,,
15419ee9-99de-4825-bf8c-e2578115f48a,exam-hall-01,SINGLE_CHOICE,DRAFT,,,"A team member is scheduled to visit an overseas client site next week. However, the project manager overheard the team member tell a project coordinator that their functional manager denied the team member's request for time off as compensation for the client visit. The project manager needs to ensure that the team member will visit the client site next week.  What should the project manager do?",,,A,,A.Meet with the team member directly to tell them about what they overheard.,,,FALSE,B,,B.Confirm with the team member that the client visit can take place.,,,TRUE,C,,C.Confront the functional manager about the team member's time off.,,,FALSE,D,,D.Log the issue as a risk in the risk log and assign another team member.,,,FALSE,,,,,,,,,,,,,,,,,,,,,,,,,,,,,,,,,,,,,,,,,,,,,,,,,,,,,,,,,,,,,,,,,,,,,,,,,,,,,,,,,,,,,,,,,,,,,,,,
e8061110-df44-4d6f-9870-7a2c43fb926f,exam-hall-01,SINGLE_CHOICE,DRAFT,,,"An entrepreneur has initiated a software development project. The project charter has been approved, and a project manager has been assigned to oversee the project's execution. During development, unforeseen political risks arise, causing an urgent need to expedite the project. The project's sponsor has requested a report on any anticipated delays. Which tool should the project manager use to prepare the report on expected delays?",,,A,,A.Trend analysis,,,TRUE,B,,B.Root cause analysis,,,FALSE,C,,C.Quality reports,,,FALSE,D,,D.Milestone list,,,FALSE,,,,,,,,,,,,,,,,,,,,,,,,,,,,,,,,,,,,,,,,,,,,,,,,,,,,,,,,,,,,,,,,,,,,,,,,,,,,,,,,,,,,,,,,,,,,,,,,
e15cfc7f-ea7a-456d-a26e-b04f1c3e015b,exam-hall-01,SINGLE_CHOICE,DRAFT,,,"A team has recently adopted agile and is following a scrum model. There is a conflict between a lead developer and a quality assurance team member regarding their approaches, which is impacting the sprint goals. What should the project manager do to resolve these conflicts?",,,A,,A.Call separate meetings with each team member and suggest that the team members resolve it at their level.,,,FALSE,B,,B.Analyze the situation and help the team members understand the impact of the conflict.,,,FALSE,C,,C.Help the team members collaborate and resolve their problem together.,,,TRUE,D,,D.Discuss the situation in the retrospective session and create an action item.,,,FALSE,,,,,,,,,,,,,,,,,,,,,,,,,,,,,,,,,,,,,,,,,,,,,,,,,,,,,,,,,,,,,,,,,,,,,,,,,,,,,,,,,,,,,,,,,,,,,,,,
1d8657df-fa5f-4eeb-b8a4-21dd5581ea48,exam-hall-01,SINGLE_CHOICE,DRAFT,,,"At the start of a project, the team chose to leverage an agile approach to deliver the project, using user stories to capture requirements. As part of the organization's control framework, the internal compliance department will request a copy of the approved requirements document. What should be done to meet this compliance request?",,,A,,"A.Review the project approach with compliance, ensuring they understand how it will meet the control objective.",,,TRUE,B,,B.Print and assemble all user stories into one package at the end of the project and have the product owner approve them.,,,FALSE,C,,C.Assign the compliance requirement as a task on the project's Kanban board for the product owner.,,,FALSE,D,,"D.Review the project approach with compliance, indicating that the control objective is not required because the project is using agile.",,,FALSE,,,,,,,,,,,,,,,,,,,,,,,,,,,,,,,,,,,,,,,,,,,,,,,,,,,,,,,,,,,,,,,,,,,,,,,,,,,,,,,,,,,,,,,,,,,,,,,,
7d282830-c4c6-412f-aea1-f833f60c5fbb,exam-hall-01,SINGLE_CHOICE,DRAFT,,,"During an iteration, the team spent twice as much time as expected because one of the product backlog items was complex and could not be split into smaller items. What should the project manager do?",,,A,,A.Incorporate an adaptive approach for the rest of the project.,,,FALSE,B,,B.Incorporate a predictive approach for the rest of the project.,,,FALSE,C,,C.Develop a risk management plan for this sprint.,,,FALSE,D,,D.Have the product owner reprioritize the product backlog.,,,TRUE,,,,,,,,,,,,,,,,,,,,,,,,,,,,,,,,,,,,,,,,,,,,,,,,,,,,,,,,,,,,,,,,,,,,,,,,,,,,,,,,,,,,,,,,,,,,,,,,
1aa5aef9-0d87-41a3-af40-dbdab8a43153,exam-hall-01,SINGLE_CHOICE,DRAFT,,,A team member is unhappy with their workload and feels they are not being supported enough. The project manager wants to meet with the team member to discuss their concerns and apply a compromise/reconcile conflict management approach. What should the project manager do first?,,,A,,A.Explain the project's constraints and priorities to the team member.,,,FALSE,B,,B.Listen to the team member's concerns and try to understand their perspective.,,,TRUE,C,,C.Suggest a revised workload that is more manageable for the team member.,,,FALSE,D,,D.Offer to provide additional support to the team member.,,,FALSE,,,,,,,,,,,,,,,,,,,,,,,,,,,,,,,,,,,,,,,,,,,,,,,,,,,,,,,,,,,,,,,,,,,,,,,,,,,,,,,,,,,,,,,,,,,,,,,,
9fd38a3c-159e-42ae-be0b-874016864b95,exam-hall-01,SINGLE_CHOICE,DRAFT,,,"At a review meeting, the project manager learns about unclear requirements that may impact the project’s scheduled completion. The project sponsor still wants to meet the original deadline. How should the project manager approach the issue using agile practices?",,,A,,A.Use iterative delivery and prioritize the requirements based on their importance and impact.,,,TRUE,B,,B.Inform the sponsor that a change request for scope will be added to the next iteration.,,,FALSE,C,,C.Log unclear scope as an issue and escalate it to the product owner for a decision on unclear requirements.,,,FALSE,D,,D.Request that the scrum master clarify the scope before continuing the project.,,,FALSE,,,,,,,,,,,,,,,,,,,,,,,,,,,,,,,,,,,,,,,,,,,,,,,,,,,,,,,,,,,,,,,,,,,,,,,,,,,,,,,,,,,,,,,,,,,,,,,,
89b66480-1752-4c3e-a793-a0c696a61de6,exam-hall-01,SINGLE_CHOICE,DRAFT,,,A newly appointed product owner is not sure how to prioritize product specifications and mentions this challenge to the project manager. What should the project manager do to assist the product owner?,,,A,,A.Prioritize product backlog for the product owner.,,,FALSE,B,,B.Coach the product owner on how to prioritize product specifications.,,,TRUE,C,,C.Request that the product owner becomes trained in agile methods.,,,FALSE,D,,D.Ask project team to prioritize product backlog.,,,FALSE,,,,,,,,,,,,,,,,,,,,,,,,,,,,,,,,,,,,,,,,,,,,,,,,,,,,,,,,,,,,,,,,,,,,,,,,,,,,,,,,,,,,,,,,,,,,,,,,
38b5c30f-cbe5-4d40-b745-783e2fb69342,exam-hall-01,SINGLE_CHOICE,DRAFT,,,"A project was undertaken to set up a new business function in the company. Several months after completion, the project manager is still handling business operations for the project while working on another project. What should the project manager have done at the beginning of the project to prevent this?",,,A,,A.Ensured that the revision to the organizational structure was a deliverable.,,,FALSE,B,,B.Included the transition plan as a deliverable in the project closing process.,,,TRUE,C,,C.Clarified the RACI chart with the project sponsor at the project's onset.,,,FALSE,D,,D.Ensured that the recruitment process was included in the project management plan.,,,FALSE,,,,,,,,,,,,,,,,,,,,,,,,,,,,,,,,,,,,,,,,,,,,,,,,,,,,,,,,,,,,,,,,,,,,,,,,,,,,,,,,,,,,,,,,,,,,,,,,
2038a4a7-7877-4a6d-9db6-25f4d28ca3c5,exam-hall-01,SINGLE_CHOICE,DRAFT,,,"A project manager has been asked to manage an existing complex project. Some goals have already been delivered by the previous project manager. While reviewing the project management plan, the project manager realizes that one of the key deliverables is missing from the project goal. What should the project manager do next to ensure the expected project value is delivered?",,,A,,A.Escalate the issue about the deliverable to the project sponsor.,,,FALSE,B,,B.Confirm the expected deliverables and rebaseline the project.,,,TRUE,C,,C.Track the deliverable by reviewing the requirements traceability matrix.,,,FALSE,D,,D.Use the contingency fund for more resources to complete the missing deliverable.,,,FALSE,,,,,,,,,,,,,,,,,,,,,,,,,,,,,,,,,,,,,,,,,,,,,,,,,,,,,,,,,,,,,,,,,,,,,,,,,,,,,,,,,,,,,,,,,,,,,,,,
643c85a5-5dd1-46ff-bf81-d6d9707f65f7,exam-hall-01,SINGLE_CHOICE,DRAFT,,,"A complex, multimillion-dollar, multi-year product development project requiring unique knowledge is 70% complete. Contract termination is a possibility due to project deliverables and execution being not acceptable. Despite the strained relationship, the vendor is ready for rework at no penalty. What should the project manager do to manage this situation?",,,A,,Ask the customer to permit rework as the vendor has unique knowledge of the product.,,,FALSE,B,,B.Finalize the new definition of done (DoD) with the customer and make the vendor bear the cost of rework.,,,FALSE,C,,C.Facilitate the negotiation of the acceptance criteria between the customer and vendor.,,,TRUE,D,,D.Direct the vendor to rework the deliverable since they did not meet the requirements.,,,FALSE,,,,,,,,,,,,,,,,,,,,,,,,,,,,,,,,,,,,,,,,,,,,,,,,,,,,,,,,,,,,,,,,,,,,,,,,,,,,,,,,,,,,,,,,,,,,,,,,
9bdca8f3-072e-4b5d-95ec-d042eca5b7a6,exam-hall-01,SINGLE_CHOICE,DRAFT,,,"An innovative project is leveraging artificial intelligence (AI) to identify chemical compounds for the development of new products. The AI processing phase can vary in duration, ranging from three days to two weeks, and the outcomes are unpredictable. The project's primary objective is to deliver at least one product specification within a fixed two-month timeframe while adhering to a strict budget that cannot be increased. What action should the project manager take to optimize the use of the fixed budget and deliver the highest possible business value?",,,A,,A.Ensure that the specification iterations are limited to 50% of the overall project duration.,,,FALSE,B,,B.Ensure that the AI processing is limited to 25% of the overall project budget.,,,FALSE,C,,C.Plan an iteration directly after AI processing to analyze and prioritize the development goals.,,,TRUE,D,,D.Plan the specification work as a predictive task with a fixed duration to guarantee value.,,,FALSE,,,,,,,,,,,,,,,,,,,,,,,,,,,,,,,,,,,,,,,,,,,,,,,,,,,,,,,,,,,,,,,,,,,,,,,,,,,,,,,,,,,,,,,,,,,,,,,,
377ec9c7-d7e5-43b9-ba51-221a676e2517,exam-hall-01,SINGLE_CHOICE,DRAFT,,,"A geographically distributed project team has development issues between the colocated and virtual teams, causing productivity to decrease. What should the project manager do to address these issues?",,,A,,A.Force the team members to work from one location.,,,FALSE,B,,B.Obtain special expertise to advise the team members.,,,FALSE,C,,C.Develop protocols for resolving conflicts between team members.,,,TRUE,D,,D.Set up face-to-face meetings with project team members.,,,FALSE,,,,,,,,,,,,,,,,,,,,,,,,,,,,,,,,,,,,,,,,,,,,,,,,,,,,,,,,,,,,,,,,,,,,,,,,,,,,,,,,,,,,,,,,,,,,,,,,
1f17591a-6bb0-40ca-815d-45c9a6cc1206,exam-hall-01,SINGLE_CHOICE,DRAFT,,,"During a retrospective meeting, project team members complain that open issues that were not fixed during the iteration are impacting their velocity. What should the project manager do to improve productivity?",,,A,,A.Ensure team members attend daily standup meetings to discuss the impediments.,,,TRUE,B,,B.Document the issues in the issue log and wait to solve them at another time.,,,FALSE,C,,C.Extend the daily standup meetings to discuss the issues in more detail.,,,FALSE,D,,D.Escalate the issues to the project sponsor to get them solved immediately.,,,FALSE,,,,,,,,,,,,,,,,,,,,,,,,,,,,,,,,,,,,,,,,,,,,,,,,,,,,,,,,,,,,,,,,,,,,,,,,,,,,,,,,,,,,,,,,,,,,,,,,
3578e58a-80ee-4f31-89b0-754a1623157b,exam-hall-01,SINGLE_CHOICE,DRAFT,,,A project manager has a newly formed team that includes junior members who have not worked on agile projects before. The product owner wants to ensure that the team performs as expected in the sprint. What should the project manager do?,,,A,,A.Allocate time to mentor team members on agile processes.,,,TRUE,B,,B.Emphasize the importance of sprint backlog prioritization.,,,FALSE,C,,C.Improve productivity through the use of Scrum techniques.,,,FALSE,D,,D.Communicate project information and updates effectively.,,,FALSE,,,,,,,,,,,,,,,,,,,,,,,,,,,,,,,,,,,,,,,,,,,,,,,,,,,,,,,,,,,,,,,,,,,,,,,,,,,,,,,,,,,,,,,,,,,,,,,,
0ab18f27-9a2a-4284-9a2e-44377ff0080a,exam-hall-01,SINGLE_CHOICE,DRAFT,,,A project is nearing completion and a stakeholder wants to know how the project outcomes will impact the organization. What should the project manager review with the stakeholder?,,,A,,A.Business case,,,FALSE,B,,B.Benefits management plan,,,TRUE,C,,C.Project charter,,,FALSE,D,,D.Assumption log,,,FALSE,,,,,,,,,,,,,,,,,,,,,,,,,,,,,,,,,,,,,,,,,,,,,,,,,,,,,,,,,,,,,,,,,,,,,,,,,,,,,,,,,,,,,,,,,,,,,,,,
6437b483-3a82-4c00-9d4e-08a25186ac0f,exam-hall-01,SINGLE_CHOICE,DRAFT,,,"During project execution, the audit team determined that critical regulatory requirements are not being met. What should the project manager have done first to avoid this problem?",,,A,,A.Updated the issue log with regulatory requirements.,,,FALSE,B,,B.Assessed the internal and external regulatory environments.,,,TRUE,C,,C.Had the audit team review the project management plan.,,,FALSE,D,,D.Included a member of the audit team on the project.,,,FALSE,,,,,,,,,,,,,,,,,,,,,,,,,,,,,,,,,,,,,,,,,,,,,,,,,,,,,,,,,,,,,,,,,,,,,,,,,,,,,,,,,,,,,,,,,,,,,,,,
115615ec-81c6-4325-8315-efc57963e471,exam-hall-01,SINGLE_CHOICE,DRAFT,,,A project manager recently took over a project from a project manager who left the company. The new project manager is aware that the previous project manager had a very authoritarian style of management and made all the decisions regarding the project. The new project manager notices that a senior supervisor's morale is low. What should the new project manager do?,,,A,,A.Increase the supervisor's level of authority.,,,FALSE,B,,B.Identify the cause of the morale issue.,,,TRUE,C,,C.Modify the role of the supervisor in the project.,,,FALSE,D,,D.Speak with the supervisor and update the project issue log.,,,FALSE,,,,,,,,,,,,,,,,,,,,,,,,,,,,,,,,,,,,,,,,,,,,,,,,,,,,,,,,,,,,,,,,,,,,,,,,,,,,,,,,,,,,,,,,,,,,,,,,
d8464f1d-9122-4b61-8358-ef61340cf6fd,exam-hall-01,SINGLE_CHOICE,DRAFT,,,A conflict about how to proceed has developed between two team members prior to a release. The team needs to work together to complete the product release. What should the project manager do first to defuse the situation?,,,A,,A.Hire an agile coach to instruct the team members on how to manage their conflict without harming the project.,,,FALSE,B,,B.Observe the team members' interactions and talk with them about their complaints before applying a conflict resolution technique.,,,TRUE,C,,C.Set up meetings with both team members and human resource management to remind them of the importance of the next delivery of the product.,,,FALSE,D,,D.Explain to the team members that they are wasting time engaging in a conflict and not delivering the product functionality.,,,FALSE,,,,,,,,,,,,,,,,,,,,,,,,,,,,,,,,,,,,,,,,,,,,,,,,,,,,,,,,,,,,,,,,,,,,,,,,,,,,,,,,,,,,,,,,,,,,,,,,
0f5c3e80-cd3a-4ec2-8e77-f1678d79eba6,exam-hall-01,SINGLE_CHOICE,DRAFT,,,"A project manager was assigned to deliver new software for university students. In this project, the software is being delivered to a specific niche of people. To better understand this niche, the project manager needs to develop an archetype user. How should the project manager do that?",,,A,,A.Create a persona character.,,,TRUE,B,,B.Contract with an architecture firm.,,,FALSE,C,,C.Submit a public questionnaire.,,,FALSE,D,,D.Publish a marketing plan.,,,FALSE,,,,,,,,,,,,,,,,,,,,,,,,,,,,,,,,,,,,,,,,,,,,,,,,,,,,,,,,,,,,,,,,,,,,,,,,,,,,,,,,,,,,,,,,,,,,,,,,
4b90aba6-9165-4294-a966-7ddc186a5d11,exam-hall-01,SINGLE_CHOICE,DRAFT,,,"A team is working in a highly regulated industry and the compliance department keeps pushing documentation and process steps that interfere with the team’s desired way of working. Team frustration increases with the compliance department, and the team asks the project manager to intervene. What approach should the project manager take?",,,A,,A.Help the team understand that compliance is an important part of the overall success of the project and value creation.,,,TRUE,B,,B.Push back on the compliance department and reduce the number of documents so the team can focus on value creation.,,,FALSE,C,,"C.Conduct a daily workshop to assess the compliance, and complete as much compliance work as possible in that timebox.",,,FALSE,D,,D.Invite the compliance team to attend the daily standup meetings to avoid interference and resentment between the two teams.,,,FALSE,,,,,,,,,,,,,,,,,,,,,,,,,,,,,,,,,,,,,,,,,,,,,,,,,,,,,,,,,,,,,,,,,,,,,,,,,,,,,,,,,,,,,,,,,,,,,,,,
074ff37a-30ea-4e53-97fb-2e2500ec9a90,exam-hall-01,SINGLE_CHOICE,DRAFT,,,A company has been using predictive methods for a very long time and is trying to implement a few iterative initiatives within its project framework. A project manager has been appointed to lead the first project in this hybrid environment. How should the project manager build awareness of the hybrid approach within the organization?,,,A,,A.Meet with the project team in order to define roles and responsibilities.,,,FALSE,B,,B.Build the project schedule with iterative sessions and communicate this to stakeholders.,,,FALSE,C,,C.Invite key stakeholders to the daily stand-ups and project review meetings.,,,FALSE,D,,D.Recommend iterative methodology training for senior managers.,,,TRUE,,,,,,,,,,,,,,,,,,,,,,,,,,,,,,,,,,,,,,,,,,,,,,,,,,,,,,,,,,,,,,,,,,,,,,,,,,,,,,,,,,,,,,,,,,,,,,,,
1b8d186c-fb85-44ba-8617-64574daa0a52,exam-hall-01,SINGLE_CHOICE,DRAFT,,,"A new project manager joins an existing team. The project manager is made aware that there are strong personalities on the team, which has resulted in management becoming involved to resolve team performance issues. What should the new project manager do when first joining this team?",,,A,,A.Implement the plan that senior management has developed to resolve conflicts on the team.,,,FALSE,B,,B.Review the team velocity records and observe the team and interactions between the team members.,,,TRUE,C,,C.Follow the advice of the most vocal team member on how to improve team dynamics.,,,FALSE,D,,D.Observe the team and determine who should be removed from the team.,,,FALSE,,,,,,,,,,,,,,,,,,,,,,,,,,,,,,,,,,,,,,,,,,,,,,,,,,,,,,,,,,,,,,,,,,,,,,,,,,,,,,,,,,,,,,,,,,,,,,,,
002b7bee-88fa-4366-a623-9c9e2f745f3d,exam-hall-01,SINGLE_CHOICE,DRAFT,,,"A project manager is planning the next release for the software development team. The team has completed two releases to date, and the product backlog for the next release has been confirmed. Which of the following tools should the project manager use to plan the duration for the next release?",,,A,,A.Product roadmap,,,FALSE,B,,B.Resource calendar,,,FALSE,C,,C.Work breakdown structure (WBS),,,TRUE,D,,D.Burndown chart,,,FALSE,,,,,,,,,,,,,,,,,,,,,,,,,,,,,,,,,,,,,,,,,,,,,,,,,,,,,,,,,,,,,,,,,,,,,,,,,,,,,,,,,,,,,,,,,,,,,,,,
9c881176-6c1f-4e25-a39f-57152a417114,exam-hall-01,SINGLE_CHOICE,DRAFT,,,A project team has just reached a project milestone successfully. The project manager noticed that the team performed extremely well. Which approach should the project manager use to communicate with the team about their performance?,,,A,,A.Avoid communicating anything about their performance as the team is expected to deliver milestones successfully.,,,FALSE,B,,B.Wait until the end of the project and report to the team what was done well and poorly in each stage.,,,FALSE,C,,C.Give feedback to the project team regarding their good performance in the next project meeting.,,,TRUE,D,,D.Disregard what was already done on the project and ask the project team to focus on what is left to be done.,,,FALSE,,,,,,,,,,,,,,,,,,,,,,,,,,,,,,,,,,,,,,,,,,,,,,,,,,,,,,,,,,,,,,,,,,,,,,,,,,,,,,,,,,,,,,,,,,,,,,,,
b0e3be84-802f-4ac7-b8b3-7171033dbd31,exam-hall-01,SINGLE_CHOICE,DRAFT,,,"A country implements new labor laws with specific requirements for labor health and safety. The company's existing procedures haven't been updated yet, but management informed all project managers of the regulations. What should the project managers do first?",,,A,,A.Review the possible impacts of the updated regulations on their projects.,,,TRUE,B,,B.Update their project risk register for emerging risks.,,,FALSE,C,,C.Request that the human resources department update the procedures.,,,FALSE,D,,D.Ask the corporate office for advice on how to define the best course of action.,,,FALSE,,,,,,,,,,,,,,,,,,,,,,,,,,,,,,,,,,,,,,,,,,,,,,,,,,,,,,,,,,,,,,,,,,,,,,,,,,,,,,,,,,,,,,,,,,,,,,,,
9e9bab92-e9dc-46f9-96ff-7019fd0516af,exam-hall-01,SINGLE_CHOICE,DRAFT,,,"In a multidisciplinary project, a project manager is delegating some project management activities to several team members. What should the project manager do first?",,,A,,A.Develop a project communications management plan and distribute it to the stakeholders.,,,FALSE,B,,B.Develop a mentoring plan and include it in the project status report.,,,FALSE,C,,C.Develop an organizational breakdown structure (OBS) and a work breakdown structure (WBS).,,,FALSE,D,,"D.Develop a responsible, accountable, consult, and inform (RACI) chart.",,,TRUE,,,,,,,,,,,,,,,,,,,,,,,,,,,,,,,,,,,,,,,,,,,,,,,,,,,,,,,,,,,,,,,,,,,,,,,,,,,,,,,,,,,,,,,,,,,,,,,,
7010869e-aa9e-48b8-9e1e-565542502fb9,exam-hall-01,SINGLE_CHOICE,DRAFT,,,An organization using a predictive approach has decided to switch to an agile approach. The organization believes it will deliver more value to its customers and has decided that all projects will adopt the agile approach. What should the project manager do to ensure benefits realization?,,,A,,A.Evaluate the realization of benefits during team standup meetings.,,,FALSE,B,,B.Align the benefits management plan with the product backlog.,,,TRUE,C,,C.Evaluate the benefits management plan at the end of the sprints.,,,FALSE,D,,D.Ask the scrum master to provide daily updates about the benefits realization.,,,FALSE,,,,,,,,,,,,,,,,,,,,,,,,,,,,,,,,,,,,,,,,,,,,,,,,,,,,,,,,,,,,,,,,,,,,,,,,,,,,,,,,,,,,,,,,,,,,,,,,
64cef5ab-d122-41a7-b4b7-113e1fee67e3,exam-hall-01,SINGLE_CHOICE,DRAFT,,,"A project manager has been assigned to a multimillion-dollar project already in execution. During a project status meeting, one of the team members mentions that there are some delays because a senior executive is not responding to communications. What should the project manager do?",,,A,,A.Establish a process to send daily reminders to the senior executive.,,,FALSE,B,,B.Remove the task from the critical path so it will not affect the project schedule.,,,FALSE,C,,C.Use networking to contact the senior executive to get a response.,,,TRUE,D,,D.Escalate the concern to the senior executive's manager.,,,FALSE,,,,,,,,,,,,,,,,,,,,,,,,,,,,,,,,,,,,,,,,,,,,,,,,,,,,,,,,,,,,,,,,,,,,,,,,,,,,,,,,,,,,,,,,,,,,,,,,
326802f6-08e4-4749-aa56-360c95e9fe96,exam-hall-01,SINGLE_CHOICE,DRAFT,,,"Early in a project, the project manager realizes that one of the key team members is not prepared to perform the assigned task. How should the project manager address this issue?",,,A,,A.Ensure training is built into the resource management plan.,,,FALSE,B,,B.Review the training requirements with the team member.,,,TRUE,C,,C.Review each required task with the team member when it starts.,,,FALSE,D,,D.Escalate the issue to the resource's functional manager for resolution.,,,FALSE,,,,,,,,,,,,,,,,,,,,,,,,,,,,,,,,,,,,,,,,,,,,,,,,,,,,,,,,,,,,,,,,,,,,,,,,,,,,,,,,,,,,,,,,,,,,,,,,
17884b4f-5fd0-4be6-9ea7-1bef8b5a8d46,exam-hall-01,SINGLE_CHOICE,DRAFT,,,"A project manager is planning for a project team that will soon start work on a critical subsystem. There are two technical alternatives identified for the subsystem, but it is not clear if either alternative will perform satisfactorily. The project will be compromised if the performance of the critical subsystem falls short. What should the project manager do first?",,,A,,A.Direct the team to assess and evaluate the alternatives for the subsystem.,,,TRUE,B,,B.Add subsystem performance to the issue log and assign an owner for that issue.,,,FALSE,C,,C.Schedule work for the most promising alternative and add management reserve for the other alternative.,,,FALSE,D,,D.Advise stakeholders of the major risk to the project posed by the subsystem's performance.,,,FALSE,,,,,,,,,,,,,,,,,,,,,,,,,,,,,,,,,,,,,,,,,,,,,,,,,,,,,,,,,,,,,,,,,,,,,,,,,,,,,,,,,,,,,,,,,,,,,,,,
f27495a7-d696-4ba2-a921-29b9483d49a3,exam-hall-01,SINGLE_CHOICE,DRAFT,,,A project team member continues to change a colleague's deliverable during every sprint. The colleague has asked the project manager to intervene. What action should the project manager take to address the concern?,,,A,,A.Speak with the team member to determine the reason for the changes.,,,TRUE,B,,B.Discuss any lack of quality in the deliverable with the colleague.,,,FALSE,C,,C.Review the performance of both team members with their functional managers.,,,FALSE,D,,D.Control the execution and delivery to ensure that the deliverables are not changed.,,,FALSE,,,,,,,,,,,,,,,,,,,,,,,,,,,,,,,,,,,,,,,,,,,,,,,,,,,,,,,,,,,,,,,,,,,,,,,,,,,,,,,,,,,,,,,,,,,,,,,,
820b63e0-fde9-4dcf-98d7-37f0a7572372,exam-hall-01,SINGLE_CHOICE,DRAFT,,,"A project is in the execution phase when new team members are onboarded. Before onboarding the new team members, what should the project manager do to reduce the impact of this action on project performance?",,,A,,A.Conduct a session to update the existing social agreement on how the team will work collaboratively.,,,TRUE,B,,B.Schedule a session to let the existing team members explain to the new ones about the current social contract.,,,FALSE,C,,C.Organize a meeting with all of the team members to communicate the current social agreement.,,,FALSE,D,,D.Plan a meeting with the new team members to explain the rules included in the social contract.,,,FALSE,,,,,,,,,,,,,,,,,,,,,,,,,,,,,,,,,,,,,,,,,,,,,,,,,,,,,,,,,,,,,,,,,,,,,,,,,,,,,,,,,,,,,,,,,,,,,,,,
c6662c4c-c33e-419d-922c-9416fab8a87d,exam-hall-01,SINGLE_CHOICE,DRAFT,,,"A project is following a strategic plan that includes key milestones that have been aligned with stakeholders. As the work is being executed, new tasks arise along with important dependencies that prevent the work from progressing as planned. The team is unable to determine who should make decisions and take action on the new tasks and dependencies. What should the project manager do?",,,A,,A.Use a RACI chart to facilitate team task accountability.,,,TRUE,B,,B.Use a Gantt chart to ensure milestones are accomplished.,,,FALSE,C,,C.Ask the sponsors who have responsibility.,,,FALSE,D,,D.Use a work breakdown structure (WBS) to ensure requirements are covered.,,,FALSE,,,,,,,,,,,,,,,,,,,,,,,,,,,,,,,,,,,,,,,,,,,,,,,,,,,,,,,,,,,,,,,,,,,,,,,,,,,,,,,,,,,,,,,,,,,,,,,,
d3f717f0-139f-4598-bbca-8b93789c8739,exam-hall-01,SINGLE_CHOICE,DRAFT,,,"A project manager is managing an integrated project involving both hardware and software development, with a customer-approved Gantt chart and customer involvement expectations. The software development team proposes agile methodologies for development. What should the project manager do?",,,A,,A.Assess the best project methodologies for continued business value.,,,TRUE,B,,B.Adopt agile sprints to develop the project within the timeframe.,,,FALSE,C,,C.Advise the team to strictly follow the customer-approved Gantt chart.,,,FALSE,D,,D.Evaluate customer roles with the project management office (PMO).,,,FALSE,,,,,,,,,,,,,,,,,,,,,,,,,,,,,,,,,,,,,,,,,,,,,,,,,,,,,,,,,,,,,,,,,,,,,,,,,,,,,,,,,,,,,,,,,,,,,,,,
7f275933-c37f-4cf0-a677-428a03201928,exam-hall-01,SINGLE_CHOICE,DRAFT,,,"In a large organization, a project is experiencing communication difficulties. Team members and functional leaders are expressing that they are informed too late or not included in project discussions, or are simply unaware of important project delivery information. How should the project manager address this situation?",,,A,,A.Ensure adherence to the agreed process as stated in the communications plan.,,,TRUE,B,,B.Send a regular email update to each functional manager regarding the project's status and next steps.,,,FALSE,C,,C.Coordinate a meeting with the team leaders to find a solution.,,,FALSE,D,,D.Refer to the RACI chart on who needs to know what and when and ensure compliance.,,,FALSE,,,,,,,,,,,,,,,,,,,,,,,,,,,,,,,,,,,,,,,,,,,,,,,,,,,,,,,,,,,,,,,,,,,,,,,,,,,,,,,,,,,,,,,,,,,,,,,,
7e8a1103-6194-40f5-8b7e-7ac884cdb40d,exam-hall-01,SINGLE_CHOICE,DRAFT,,,A project manager is building a project team. All of the project team members have worked together on previous projects. One of the team members is known for challenging most organizational procedures and processes. What should the project manager do first to ensure a smooth project initiation?,,,A,,A.Review the organizational process assets (OPAs) with all team members and establish ground rules.,,,TRUE,B,,B.Ask the project sponsor to define the ground rules and share them with the team members.,,,FALSE,C,,C.Ask the project sponsor to replace or remove the troubled team member.,,,FALSE,D,,D.Set up a meeting with the team members to review the project management plan.,,,FALSE,,,,,,,,,,,,,,,,,,,,,,,,,,,,,,,,,,,,,,,,,,,,,,,,,,,,,,,,,,,,,,,,,,,,,,,,,,,,,,,,,,,,,,,,,,,,,,,,
b893c4f7-dd48-4fc8-8c57-4046b78cd2d1,exam-hall-01,SINGLE_CHOICE,DRAFT,,,"During a one-on-one session, a new team member shared their frustration regarding their inability to successfully complete an assigned task, even after the team member put forth their best effort. What should the project manager do first to address the team member's concerns?",,,A,,A.Encourage the team member to keep working hard on their assignments.,,,FALSE,B,,B.Identify the root cause for why the team member cannot complete the assigned work and remediate.,,,TRUE,C,,C.Authorize additional training for the team member during the next month's educational series opportunities.,,,FALSE,D,,D.Adapt their leadership style based upon the team member's needs.,,,FALSE,,,,,,,,,,,,,,,,,,,,,,,,,,,,,,,,,,,,,,,,,,,,,,,,,,,,,,,,,,,,,,,,,,,,,,,,,,,,,,,,,,,,,,,,,,,,,,,,
2a49e64c-e3f6-40d0-a986-a556926d612b,exam-hall-01,SINGLE_CHOICE,DRAFT,,,"In an agile project initiation phase, a senior team member suggests using a new documentation tool based on experience on a previous project. What should the project manager do first?",,,A,,A.Discourage the use of the new documentation tool.,,,FALSE,B,,B.Request the sponsor's approval of the new documentation tool.,,,FALSE,C,,C.Ask the team for feedback regarding the new documentation tool.,,,TRUE,D,,D.Arrange a team training session on how to use the new documentation tool.,,,FALSE,,,,,,,,,,,,,,,,,,,,,,,,,,,,,,,,,,,,,,,,,,,,,,,,,,,,,,,,,,,,,,,,,,,,,,,,,,,,,,,,,,,,,,,,,,,,,,,,
c3de64e4-f370-4a65-8578-c1a8c0bcc5ae,exam-hall-01,SINGLE_CHOICE,DRAFT,,,"A team is working on an innovation project using an incremental approach. After every status meeting, some key stakeholders complain that they have not been briefed to prepare for the meeting. What should the project manager do to prevent this from occurring again?",,,A,,A.Send the updated information to key stakeholders one day prior to the meeting.,,,FALSE,B,,"B.Determine the meeting agenda with the key stakeholders, and share it in advance.",,,TRUE,C,,C.Meet with the key stakeholders separately in advance before every status meeting.,,,FALSE,D,,D.Ask the sponsor to align key stakeholders to the project’s current meeting cadence.,,,FALSE,,,,,,,,,,,,,,,,,,,,,,,,,,,,,,,,,,,,,,,,,,,,,,,,,,,,,,,,,,,,,,,,,,,,,,,,,,,,,,,,,,,,,,,,,,,,,,,,
6cf38f21-73b4-4382-a71e-a95397ef337a,exam-hall-01,SINGLE_CHOICE,DRAFT,,,"The project manager of a new hybrid project is trying to put together the project team. The best candidates for team members are geographically dispersed, so there is a risk that this situation will interfere with the performance of the project. Colocation would increase costs dramatically; and due to severe competition, the company is struggling financially to survive. What should the project manager do?",,,A,,A.Make sure the right tools for virtual collaboration are available for the team.,,,TRUE,B,,B.Insist on bringing the team together by cutting the budget somewhere else.,,,FALSE,C,,C.Ask the product owner for additional funds to support colocation.,,,FALSE,D,,D.Organize the work according to the locations of the team members.,,,FALSE,,,,,,,,,,,,,,,,,,,,,,,,,,,,,,,,,,,,,,,,,,,,,,,,,,,,,,,,,,,,,,,,,,,,,,,,,,,,,,,,,,,,,,,,,,,,,,,,
02ea26e4-5384-4b90-b08d-02af63b174af,exam-hall-01,SINGLE_CHOICE,DRAFT,,,A project manager provided video-based training for new software but several team members reported feeling unprepared to use it. What should the project manager have done to ensure effective training?,,,A,,A.Tested the team members's understanding after they completed the training.,,,FALSE,B,,B.Requested that the training department find more appropriate courses.,,,FALSE,C,,C.Asked the team members to learn the required skills from the accompanying software manual.,,,FALSE,D,,D.Conducted individual and team assessments on their preferred learning method.,,,TRUE,,,,,,,,,,,,,,,,,,,,,,,,,,,,,,,,,,,,,,,,,,,,,,,,,,,,,,,,,,,,,,,,,,,,,,,,,,,,,,,,,,,,,,,,,,,,,,,,
acef74f9-17e6-4b74-9e38-7878470435b6,exam-hall-01,SINGLE_CHOICE,DRAFT,,,"A project is about to begin, and a new regulation has imposed a deadline that will adversely impact the project. Failing to comply with the regulation will result in hefty fines for the organization. The project is key to meeting the organization’s annual goals. What should the project manager do first?",,,A,,A.Analyze the impact of not initiating the project and share the findings with stakeholders.,,,TRUE,B,,B.Delegate tasks associated with higher risk levels to a third party.,,,FALSE,C,,C.Obtain additional funding from the organization to mitigate the need for outside services.,,,FALSE,D,,D.Build prototypes and simulations to identify potential issues early.,,,FALSE,,,,,,,,,,,,,,,,,,,,,,,,,,,,,,,,,,,,,,,,,,,,,,,,,,,,,,,,,,,,,,,,,,,,,,,,,,,,,,,,,,,,,,,,,,,,,,,,
94aca6cc-d36e-4ef7-80b6-fe15935e7d60,exam-hall-01,SINGLE_CHOICE,DRAFT,,,"During the final sprint review, the product owner stated that the product does not deliver any value. The project manager believes that the product meets all the provided specifications. The team is confused by the product owner's statement. What should the project manager do when using a hybrid approach?",,,A,,A.Review the project's benefits management plan with the product owner.,,,TRUE,B,,B.Escalate the matter to the executive board so they can decide on next steps.,,,FALSE,C,,C.Prioritize the project backlog and ask the development team to fix the issues.,,,FALSE,D,,D.Ask the product owner to terminate the project as it is no longer aligned to the expected benefits.,,,FALSE,,,,,,,,,,,,,,,,,,,,,,,,,,,,,,,,,,,,,,,,,,,,,,,,,,,,,,,,,,,,,,,,,,,,,,,,,,,,,,,,,,,,,,,,,,,,,,,,
798d5159-614e-4512-ba82-717d59dccaa4,exam-hall-01,SINGLE_CHOICE,DRAFT,,,A project manager is leading a project where a low-level stakeholder has just been promoted to a new position and has now become a high-level stakeholder. What should the project manager update to ensure the proper involvement of this stakeholder to the project?,,,A,,A.Communications management plan,,,FALSE,B,,B.Stakeholder engagement plan,,,TRUE,C,,C.Resource management plan,,,FALSE,D,,D.Risk management plan,,,FALSE,,,,,,,,,,,,,,,,,,,,,,,,,,,,,,,,,,,,,,,,,,,,,,,,,,,,,,,,,,,,,,,,,,,,,,,,,,,,,,,,,,,,,,,,,,,,,,,,
5f9b75d7-976f-48af-b7b6-5ab1714c348e,exam-hall-01,SINGLE_CHOICE,DRAFT,,,"Due to market changes, a company decided to speed up its product release schedule, moving from yearly cycles to quarterly cycles. The project manager views this as an excellent opportunity to use an agile life cycle, but upper management is not sold on the idea. What should the project manager do to increase the chances of success by using this approach?",,,A,,A.Seek the project sponsor's approval for additional budget and resources.,,,FALSE,B,,B.Review the product backlog to identify some quick wins to present to stakeholders.,,,TRUE,C,,C.Invite upper management to attend a digital transformation workshop.,,,FALSE,D,,D.Have the project team work virtually and use the cost savings to speed up delivery.,,,FALSE,,,,,,,,,,,,,,,,,,,,,,,,,,,,,,,,,,,,,,,,,,,,,,,,,,,,,,,,,,,,,,,,,,,,,,,,,,,,,,,,,,,,,,,,,,,,,,,,
e996419b-f30c-424c-858a-fbf5b64b8549,exam-hall-01,SINGLE_CHOICE,DRAFT,,,"A new product development project has been launched. The project sponsor has reviewed the results of the risk analysis as documented in the risk register and is confident the project will be successful. However, key investors are not as confident and want more information about the project and risks before investing. What should the project manager do?",,,A,,"A.Present a detailed analysis of the market, business plan, and risk management plan to investors.",,,TRUE,B,,B.Prepare and present a cost-benefit analysis to investors.,,,FALSE,C,,C.Assess and describe all the risks associated with the product development and launch to the stakeholders.,,,FALSE,D,,D.Plan development activities to engage stakeholders in various phases of the project.,,,FALSE,,,,,,,,,,,,,,,,,,,,,,,,,,,,,,,,,,,,,,,,,,,,,,,,,,,,,,,,,,,,,,,,,,,,,,,,,,,,,,,,,,,,,,,,,,,,,,,,
f8e18d93-b2d1-46a8-b1b4-f0ae2699501a,exam-hall-01,SINGLE_CHOICE,DRAFT,,,"A project team is working on backlog items within a four-week sprint. Suddenly, a critical team member announces that they will unexpectedly be absent for one week, leaving ongoing tasks incomplete. What would be the most appropriate action for the project manager to take in this situation?",,,A,,A.Support a knowledge transfer between the team member who will be away and the other project team members.,,,FALSE,B,,B.Add a temporary resource to the team to help increase velocity and complete the items for this sprint.,,,FALSE,C,,C.Remove a few items from the current sprint after getting the approval of the product owner.,,,TRUE,D,,D.Increase the sprint duration so the team can complete all the planned items and present them to the product owner.,,,FALSE,,,,,,,,,,,,,,,,,,,,,,,,,,,,,,,,,,,,,,,,,,,,,,,,,,,,,,,,,,,,,,,,,,,,,,,,,,,,,,,,,,,,,,,,,,,,,,,,
81d1cd4b-94f9-4070-801e-335826296f92,exam-hall-01,SINGLE_CHOICE,DRAFT,,,"A project manager works in an organization where the culture encourages virtual teams. New challenges arise periodically in this environment, and the project manager currently is in the early stages of a new agile project. What should the project manager do to help the team overcome these challenges?",,,A,,"A.Perform a strengths, weaknesses, opportunities, and threats (SWOT) analysis to quickly identify the team's status and take appropriate action.",,,TRUE,B,,B.Place a hold on all activities and gather the team for a meeting to discuss the new challenges identified so they can be immediately addressed.,,,FALSE,C,,C.Wait until the next daily scrum meeting to address the challenges so that the entire team knows what is going on and the issues can be discussed.,,,FALSE,D,,D.Work with the product owner to determine the best course of action for the team to remove any impediments.,,,FALSE,,,,,,,,,,,,,,,,,,,,,,,,,,,,,,,,,,,,,,,,,,,,,,,,,,,,,,,,,,,,,,,,,,,,,,,,,,,,,,,,,,,,,,,,,,,,,,,,
e40216db-5ac3-4125-a510-e564c56c5ef1,exam-hall-01,SINGLE_CHOICE,DRAFT,,,"An agile project team is struggling to keep track of the changes being applied to the product, because its process is cumbersome and error-prone. What should the project manager do to address the issue?",,,A,,A.Clearly assign the responsibility for the process to a single person to ensure accountability in case of failure.,,,FALSE,B,,"B.Use the next retrospective to evaluate the process's effectiveness, and determine if changes are needed.",,,TRUE,C,,C.Seek the sponsor's approval to stop following this process and assume the risk of eliminating it.,,,FALSE,D,,D.Secure funds to acquire a software-based solution that can speed up the process and reduce the errors.,,,FALSE,,,,,,,,,,,,,,,,,,,,,,,,,,,,,,,,,,,,,,,,,,,,,,,,,,,,,,,,,,,,,,,,,,,,,,,,,,,,,,,,,,,,,,,,,,,,,,,,
0a4ef9e2-bccf-41d2-9aeb-17e0d9a6c2c8,exam-hall-01,SINGLE_CHOICE,DRAFT,,,A project manager working with a culturally diverse team discovers major intra-team conflicts during project execution. What should the project manager do?,,,A,,A.Schedule a project team meeting to understand the conflicts.,,,TRUE,B,,B.Advise the team members to work harmoniously.,,,FALSE,C,,C.Update the resource management plan.,,,FALSE,D,,D.Engage members in team-building activities.,,,FALSE,,,,,,,,,,,,,,,,,,,,,,,,,,,,,,,,,,,,,,,,,,,,,,,,,,,,,,,,,,,,,,,,,,,,,,,,,,,,,,,,,,,,,,,,,,,,,,,,
5afe05c2-dac8-45e7-8472-323e57061ce0,exam-hall-01,SINGLE_CHOICE,DRAFT,,,A company is transitioning from using a predictive approach to a hybrid predictive-agile project implementation. The leadership team is concerned about benefits realization and is closely following up on one of the project iterations with the project manager. What should the project manager do in this situation?,,,A,,A.Update the leadership team with a quantifiable value report for each iteration.,,,FALSE,B,,B.Demonstrate the business value to the leadership team and get their buy-in.,,,FALSE,C,,C.Keep delivering iterations of the solution and show the benefit increments to the leadership team.,,,TRUE,D,,D.Wait for the leadership team to share the benefits realization updates for each iteration with management.,,,FALSE,,,,,,,,,,,,,,,,,,,,,,,,,,,,,,,,,,,,,,,,,,,,,,,,,,,,,,,,,,,,,,,,,,,,,,,,,,,,,,,,,,,,,,,,,,,,,,,,
dae7660c-e870-49db-81dc-8c0b4ae9f60b,exam-hall-01,SINGLE_CHOICE,DRAFT,,,"A hybrid project involving many stakeholders is underway. As requested by the project management office (PMO), the project status reports, as well as other project documents, are being stored in a central repository. When reviewing the documents stored in the repository, the project manager discovered that documents were either not updated or were missing. What should the project manager do in this situation?",,,A,,A.Discuss the situation with the project sponsor to reduce the level of documentation.,,,FALSE,B,,B.Work with the team leaders to update the required project reports.,,,TRUE,C,,C.Stop all project activities until the project documents are updated and uploaded.,,,FALSE,D,,D.Schedule a knowledge transfer session at the final stage of the project.,,,FALSE,,,,,,,,,,,,,,,,,,,,,,,,,,,,,,,,,,,,,,,,,,,,,,,,,,,,,,,,,,,,,,,,,,,,,,,,,,,,,,,,,,,,,,,,,,,,,,,,
283a43bd-6ab1-43dd-9455-d77cbc94c9a8,exam-hall-01,SINGLE_CHOICE,DRAFT,,,An IT contract for a project states that all team members must be certified in IT security. The project manager discovers that one team member presented a fake certificate. What should the project manager do first to handle this situation?,,,A,,A.Update the project management plan to include resources to get the team member certified.,,,FALSE,B,,B.Update the issue log and remove the team member from the project.,,,TRUE,C,,C.Ensure the remaining team members have valid certificates.,,,FALSE,D,,D.Investigate why this situation was not discovered earlier.,,,FALSE,,,,,,,,,,,,,,,,,,,,,,,,,,,,,,,,,,,,,,,,,,,,,,,,,,,,,,,,,,,,,,,,,,,,,,,,,,,,,,,,,,,,,,,,,,,,,,,,
97550e95-b954-49e4-9af5-e6dee91ec329,exam-hall-01,SINGLE_CHOICE,DRAFT,,,"On an agile project, a team member raises concerns about health and safety issues related to the project deliverable. How should the project manager handle health and safety issues on projects?",,,A,,A.Provide the customer with adequate documentation on health and safety information.,,,FALSE,B,,B.Send the issue to the health and safety department.,,,FALSE,C,,C.Design a health and safety policy for the organization.,,,FALSE,D,,D.Ensure that the necessary health and safety requirements are met in the definition of done (DoD).,,,TRUE,,,,,,,,,,,,,,,,,,,,,,,,,,,,,,,,,,,,,,,,,,,,,,,,,,,,,,,,,,,,,,,,,,,,,,,,,,,,,,,,,,,,,,,,,,,,,,,,
434f0e3c-4646-4513-aec3-4530078f8201,exam-hall-01,SINGLE_CHOICE,DRAFT,,,"A two-year project was awarded to a company six months ago, but the procurement process has not yet been initiated. What should the project manager do to get the project moving forward?",,,A,,A.Prepare the procurement management plan for the project.,,,FALSE,B,,B.Bring the teams together to draft a procurement management plan.,,,TRUE,C,,C.Track the procurement according to an existing procurement management plan.,,,FALSE,D,,D.Escalate the situation to upper-level management.,,,FALSE,,,,,,,,,,,,,,,,,,,,,,,,,,,,,,,,,,,,,,,,,,,,,,,,,,,,,,,,,,,,,,,,,,,,,,,,,,,,,,,,,,,,,,,,,,,,,,,,
32cb5b3c-57db-493b-8604-3690785f79ec,exam-hall-01,SINGLE_CHOICE,DRAFT,,,"A project manager is currently overseeing a hybrid project that has specific scope and quality requirements. However, due to recent changes in a competitor's product, there is a growing concern that the project's deliverables may become obsolete by the time the project is completed. What should the project manager do to address the potential obsolescence of deliverables?",,,A,,A.Conduct a comprehensive business impact analysis and explore options for using alternative materials or resources.,,,FALSE,B,,B.Assess the impact of the competitor's product changes and seek approval from the change control board (CCB) to address them.,,,TRUE,C,,"C.Continue the project as planned, adhering to the existing project schedule and avoiding any scope or quality changes.",,,FALSE,D,,D.Close the current project and initiate a new project that is better aligned with the changing competitive landscape.,,,FALSE,,,,,,,,,,,,,,,,,,,,,,,,,,,,,,,,,,,,,,,,,,,,,,,,,,,,,,,,,,,,,,,,,,,,,,,,,,,,,,,,,,,,,,,,,,,,,,,,
aa585378-6fd5-493b-a6e5-4bd57f34731f,exam-hall-01,SINGLE_CHOICE,DRAFT,,,A project manager is planning for a complex project that must deliver a high-quality product within the agreed-upon budget. The project stakeholders are eager to see the product launched and are pressuring the team to deliver the product as soon as possible. The project manager must determine the project's estimated duration and address stakeholder expectations. How should the project manager determine a realistic project duration estimate?,,,A,,A.Confirm stakeholder delivery expectations.,,,FALSE,B,,B.Estimate the duration of each project task.,,,TRUE,C,,C.Analyze industry benchmarks and standards.,,,FALSE,D,,D.Tell the team to create a detailed release plan.,,,FALSE,,,,,,,,,,,,,,,,,,,,,,,,,,,,,,,,,,,,,,,,,,,,,,,,,,,,,,,,,,,,,,,,,,,,,,,,,,,,,,,,,,,,,,,,,,,,,,,,
89bd4269-6df1-47c4-a9b2-4c126e0ab810,exam-hall-01,SINGLE_CHOICE,DRAFT,,,A major change in a government policy may cause a project's completion date to be delayed. The project is 90% complete. What should the project manager do next?,,,A,,A.Suspend the project until the issue with the government policy is resolved.,,,FALSE,B,,B.Engage the change control board (CCB) to assess possible impacts to the project.,,,TRUE,C,,C.Move forward with the project since it is near completion.,,,FALSE,D,,D.Assign a new completion date for the project and inform stakeholders.,,,FALSE,,,,,,,,,,,,,,,,,,,,,,,,,,,,,,,,,,,,,,,,,,,,,,,,,,,,,,,,,,,,,,,,,,,,,,,,,,,,,,,,,,,,,,,,,,,,,,,,
5aad8fef-d725-4d1a-b756-042dbdc007f8,exam-hall-01,SINGLE_CHOICE,DRAFT,,,"A project manager is assigned to a project that is transitioning the organization to adopt agile principles. The project scope definition is in progress, but the project team wants to have a less formal definition. What should the project manager do first?",,,A,,A.Review the scope and identify the desired deliverables and create contingency plans for identified risks.,,,FALSE,B,,B.Organize a workshop with the product owner and project team to create a product backlog and acceptance criteria.,,,TRUE,C,,C.Create a communications website to share scope definition and product backlog with the project team.,,,FALSE,D,,D.Meet with the project team to identify the mandatory requirements.,,,FALSE,,,,,,,,,,,,,,,,,,,,,,,,,,,,,,,,,,,,,,,,,,,,,,,,,,,,,,,,,,,,,,,,,,,,,,,,,,,,,,,,,,,,,,,,,,,,,,,,
f1effe19-3123-4808-831f-551cebb1a765,exam-hall-01,SINGLE_CHOICE,DRAFT,,,"A project manager has been assigned to lead a cross-functional project team. During a brainstorming session, the project manager realizes that some team members do not see the need for a change, and this is affecting the team's output. What should the project manager do?",,,A,,A.Restate the objectives of the project to the team.,,,FALSE,B,,B.Ask the project sponsor to review the project charter.,,,FALSE,C,,C.Engage team members to understand their doubts and get their buy-in.,,,TRUE,D,,D.End the brainstorming session and adopt interview methods.,,,FALSE,,,,,,,,,,,,,,,,,,,,,,,,,,,,,,,,,,,,,,,,,,,,,,,,,,,,,,,,,,,,,,,,,,,,,,,,,,,,,,,,,,,,,,,,,,,,,,,,
d2263aa1-c13a-4a72-810c-95336405811a,exam-hall-01,SINGLE_CHOICE,DRAFT,,,"A project manager is leading a major product development project. The project is currently in the middle of the fifth sprint, and the product release is scheduled for next quarter. The project manager receives unexpected news that the company has just been formally acquired by a major competitor. This competitor already has a similar product in their portfolio. What immediate action should the project manager take to address the situation effectively?",,,A,,A.Perform a comparative product analysis to identify similarities between the products.,,,FALSE,B,,B.Collaborate with the project manager overseeing the competitor's product to align project activities.,,,FALSE,C,,C.Seek support from the project sponsor and initiate the appropriate change management procedures.,,,TRUE,D,,D.Prepare a project termination report and document the lessons learned from the ongoing project.,,,FALSE,,,,,,,,,,,,,,,,,,,,,,,,,,,,,,,,,,,,,,,,,,,,,,,,,,,,,,,,,,,,,,,,,,,,,,,,,,,,,,,,,,,,,,,,,,,,,,,,
a6466e67-6578-4ed5-85fc-fabe33692a50,exam-hall-01,SINGLE_CHOICE,DRAFT,,,"A project manager is implementing a phase of an IT project in a location that is prone to security issues. A team member, working at a remote site, notifies the project manager that a permit fee was not received by the local regulatory agency involved; however, the project manager is certain that the fee was paid. The team member reminds the project manager that a test on the critical path is scheduled for that location on the same day. What should the project manager do?",,,A,,A.Request the team member to provide the payment evidence from the project management office (PMO) and ensure that the hard copy payment receipt is subsequently delivered to the regulatory agency and wait for the feedback.,,,FALSE,B,,B.Request a meeting with the agency officer to present the payment evidence and verify the consequences of a delayed payment to ensure that the test proceeds as planned.,,,TRUE,C,,C.Instruct the team member to proceed with the test because the penalty for non-compliance with the permit has a negligible cost impact and the test process cannot be altered.,,,FALSE,D,,D.Instruct the team member to proceed with the test so as not to allow a lag in the critical path because the test cannot be delayed further and the fee was most certainly paid.,,,FALSE,,,,,,,,,,,,,,,,,,,,,,,,,,,,,,,,,,,,,,,,,,,,,,,,,,,,,,,,,,,,,,,,,,,,,,,,,,,,,,,,,,,,,,,,,,,,,,,,
a3ce1f7c-dec3-425f-967f-6d4ac386b0a9,exam-hall-01,SINGLE_CHOICE,DRAFT,,,A team member is unable to work for one week because of sick leave. The team member is currently assigned to a task on the critical path. What is the next step the project manager should take?,,,A,,A.Choose another team member to take over the task immediately.,,,FALSE,B,,B.Evaluate the possible impacts of a project delay.,,,TRUE,C,,C.Refer to the risk response plan to mitigate this issue.,,,FALSE,D,,D.Convince the team member to proceed with completing the task.,,,FALSE,,,,,,,,,,,,,,,,,,,,,,,,,,,,,,,,,,,,,,,,,,,,,,,,,,,,,,,,,,,,,,,,,,,,,,,,,,,,,,,,,,,,,,,,,,,,,,,,
41b43f58-aeec-4cbc-ae4d-2a3af2352213,exam-hall-01,SINGLE_CHOICE,DRAFT,,,At what point in an agile project should a project manager engage stakeholders?,,,A,,A.At the start of the project,,,FALSE,B,,B.At the end of the project,,,FALSE,C,,C.When challenges are encountered in the project,,,FALSE,D,,D.Throughout the project life cycle,,,TRUE,,,,,,,,,,,,,,,,,,,,,,,,,,,,,,,,,,,,,,,,,,,,,,,,,,,,,,,,,,,,,,,,,,,,,,,,,,,,,,,,,,,,,,,,,,,,,,,,
e5c82055-c05c-495e-856d-ce199bb1f4ea,exam-hall-01,SINGLE_CHOICE,DRAFT,,,"A project manager works in an organization using a hybrid project delivery approach. The scope of the project is to implement a new human resources system. The infrastructure will be delivered by another project, and both projects are part of a business transformation program aimed to improve human resources processes. The project schedule needs to be finalized, but the project manager of the other project is unable to provide delivery dates for the infrastructure. What should the project manager do?",,,A,,A.Wait for the infrastructure project to have a schedule and then develop the human resources system project's schedule.,,,FALSE,B,,"B.Discuss the situation with the other project manager, agree on a few milestones, and then continue working on the human resources system project's schedule.",,,FALSE,C,,C.Develop a schedule based on the information available from the program management team and then progressively align the milestones with the infrastructure project.,,,TRUE,D,,D.Develop a schedule based on the information available and ask the other project manager to align the infrastructure milestones with the human resources project's delivery dates.,,,FALSE,,,,,,,,,,,,,,,,,,,,,,,,,,,,,,,,,,,,,,,,,,,,,,,,,,,,,,,,,,,,,,,,,,,,,,,,,,,,,,,,,,,,,,,,,,,,,,,,
69d57ca6-e156-49e8-9dc3-ba06a131cd6a,exam-hall-01,SINGLE_CHOICE,DRAFT,,,"A team is working on a new technology deployment project. This product has never been implemented before so there is no past data or historical records. The team is challenged to provide an initial timeline, budget, and other critical estimations to the client. How should the project manager handle this situation?",,,A,,A.Develop up-front project management plans with a detailed budget.,,,FALSE,B,,"B.Provide guidance on project cost, time, and quality.",,,FALSE,C,,C.Develop estimations with the team and explain the assumptions to the client.,,,TRUE,D,,D.Encourage the team to perform retrospectives at intervals.,,,FALSE,,,,,,,,,,,,,,,,,,,,,,,,,,,,,,,,,,,,,,,,,,,,,,,,,,,,,,,,,,,,,,,,,,,,,,,,,,,,,,,,,,,,,,,,,,,,,,,,
3c1f734f-05c6-442f-9040-92427c3140d0,exam-hall-01,MULTIPLE_CHOICE,DRAFT,,,"A customer is upset because a critical issue for a project deliverable has not been resolved by the agile team, even though troubleshooting has been running for several weeks. During the daily meetings, the team complains about the technical challenge and their lack of knowledge to resolve the issue. Which two actions should the project manager take to resolve this situation? (Choose two)",,,A,,A.Escalate the case to a functional manager to bring a technical expert to the team.,,,TRUE,B,,B.Explain the situation to the customer and include an action plan.,,,TRUE,C,,C.Keep the team working on the sprint backlog in order to accomplish the next release milestone.,,,FALSE,D,,"D.Update the issue and risk logs, including the action plan to resolve the issue.",,,FALSE,E,,E.Set up a new release date for this deliverable with the product owner.,,,FALSE,,,,,,,,,,,,,,,,,,,,,,,,,,,,,,,,,,,,,,,,,,,,,,,,,,,,,,,,,,,,,,,,,,,,,,,,,,,,,,,,,,,,,,,,,,
c0ccdd18-6cc8-447f-bf78-442b6b490319,exam-hall-01,SINGLE_CHOICE,DRAFT,,,A key stakeholder is upset about the new features in the current iteration for the product. The key stakeholder was unavailable during the last review and did not have the opportunity to provide input. What should the project manager have done to prevent the stakeholder from being upset?,,,A,,A.Waited until all stakeholders approved the change before implementing,,,FALSE,B,,B.Ensured that updated project information is always accessible to all stakeholders,,,TRUE,C,,C.Met individually with every stakeholder to avoid disagreement,,,FALSE,D,,D.Scheduled meetings only when all stakeholders could be present,,,FALSE,,,,,,,,,,,,,,,,,,,,,,,,,,,,,,,,,,,,,,,,,,,,,,,,,,,,,,,,,,,,,,,,,,,,,,,,,,,,,,,,,,,,,,,,,,,,,,,,
8ebb0e16-86e6-4d64-9225-77eefffdbe1e,exam-hall-01,SINGLE_CHOICE,DRAFT,,,"In the middle of executing an IT project, two project team members discover a new feature that will change the appearance of the product and make it more aesthetically appealing. Excited about the opportunity to add this feature, they approach the project manager to approve this addition to the deliverables, which will increase client satisfaction and possibly increase the company's chances of receiving additional project contracts from the client. How should the project manager respond?",,,A,,A.Approve the idea in order to achieve the projected expectations of the team members.,,,FALSE,B,,"B.Remind team members that, without an approved change request, the focus should be on the agreed scope.",,,TRUE,C,,C.Get the buy-in of the remaining team members and implement the feature once the team members give their consent.,,,FALSE,D,,D.Implement the change as soon as possible to improve the possibility for future revenue.,,,FALSE,,,,,,,,,,,,,,,,,,,,,,,,,,,,,,,,,,,,,,,,,,,,,,,,,,,,,,,,,,,,,,,,,,,,,,,,,,,,,,,,,,,,,,,,,,,,,,,,
73a598b9-6916-436e-9389-ab8a62cfbfe7,exam-hall-01,SINGLE_CHOICE,DRAFT,,,"A project manager is contracted to manage a project for a startup with grants from a foreign source. Midway into this project, the project manager is informed that there is a government regulatory requirement that might affect the project because the customer has foreign funding sources. What should the project manager do since all the necessary approvals for this project have been received?",,,A,,A.Determine the ownership of this project based on the previously approved project charter and continue with the project.,,,FALSE,B,,B.Consult the risk register to determine the likelihood that the project will be accepted by the customer and meet regulatory requirements.,,,FALSE,C,,C.Confirm that the project is in compliance with all regulations and keep abreast of all legal implications.,,,TRUE,D,,"D.Stop the project, ask for additional funds to obtain work permits, and continue the project without further delays.",,,FALSE,,,,,,,,,,,,,,,,,,,,,,,,,,,,,,,,,,,,,,,,,,,,,,,,,,,,,,,,,,,,,,,,,,,,,,,,,,,,,,,,,,,,,,,,,,,,,,,,
a8e3f213-7a6b-4cd9-b4ef-47414fba1cbb,exam-hall-01,SINGLE_CHOICE,DRAFT,,,"A project manager is managing an upgrade from an older system to a new version. Halfway through the upgrade, the older system failed to upgrade and could not be restored. What should the project manager do to manage this situation?",,,A,,A.Abandon the old system and tell the team to speed up work on other deliverables.,,,FALSE,B,,B.Ask for more time to restore the old system while continuing with the project.,,,FALSE,C,,C.Assess the impacts of the failure and communicate them with relevant stakeholders.,,,TRUE,D,,D.Tell the team to continue working as they are not responsible for the old system.,,,FALSE,,,,,,,,,,,,,,,,,,,,,,,,,,,,,,,,,,,,,,,,,,,,,,,,,,,,,,,,,,,,,,,,,,,,,,,,,,,,,,,,,,,,,,,,,,,,,,,,
d5071349-42c6-4fc1-b420-694034fa37d9,exam-hall-01,SINGLE_CHOICE,DRAFT,,,"Even though the customer is receiving sprint velocity and results reports from the project manager by email, escalations to the project sponsor complaining about project performance are common. What should the project manager do in this situation?",,,A,,A.Involve the customer in the sprint planning and review sessions to agree on release dates.,,,FALSE,B,,B.Schedule regular sessions with the customer to explain the reports and address feedback.,,,TRUE,C,,C.Send a document detailing the team capacity and role assignments to the customer.,,,FALSE,D,,D.Have the technical leader call the customer to explain the technical details about the project issues.,,,FALSE,,,,,,,,,,,,,,,,,,,,,,,,,,,,,,,,,,,,,,,,,,,,,,,,,,,,,,,,,,,,,,,,,,,,,,,,,,,,,,,,,,,,,,,,,,,,,,,,
2ab5ad22-3d54-486c-abc4-03d226f58cf5,exam-hall-01,SINGLE_CHOICE,DRAFT,,,"In the midst of an ongoing agile construction project, the project manager receives notification that the local government has recently approved stricter sustainability legislation applying to all construction projects in the region. These new regulations will have an impact on the project's materials and processes related to sustainability. What should the project manager do first to adapt to these newly instituted environmental parameters?",,,A,,A.Meet with the product owner to update the project plan to incorporate the new sustainability requirements.,,,TRUE,B,,B.Organize a team workshop to identify and evaluate solutions for meeting the new sustainability requirements.,,,FALSE,C,,C.Continue the project as planned and meet with stakeholders to describe the new regulations and solicit their feedback.,,,FALSE,D,,D.Request a timeline extension from the project client to allow for additional time needed to meet the new requirements.,,,FALSE,,,,,,,,,,,,,,,,,,,,,,,,,,,,,,,,,,,,,,,,,,,,,,,,,,,,,,,,,,,,,,,,,,,,,,,,,,,,,,,,,,,,,,,,,,,,,,,,
fef62011-5a8c-4a96-844a-8ac64e15725e,exam-hall-01,SINGLE_CHOICE,DRAFT,,,A project manager decided that using an agile approach for a new project will deliver the best outcomes. Some of the team members were resistant to using agile techniques and decided to use predictive approaches to carry out their work. What should the project manager have done at the beginning of the project?,,,A,,A.Performed a skills assessment of the team,,,FALSE,B,,B.Advocated the use of agile techniques,,,TRUE,C,,C.Engaged only the resources who were comfortable using agile,,,FALSE,D,,D.Hired agile consultants to lead the team,,,FALSE,,,,,,,,,,,,,,,,,,,,,,,,,,,,,,,,,,,,,,,,,,,,,,,,,,,,,,,,,,,,,,,,,,,,,,,,,,,,,,,,,,,,,,,,,,,,,,,,
d346b747-6439-4c67-ba42-89727052e6ef,exam-hall-01,SINGLE_CHOICE,DRAFT,,,"A project manager is managing a project using an agile approach. The project is nearing its final stages, and the team is reviewing the project deliverables. During this review, it becomes evident that a crucial feature is missing from the project's artifacts. This feature is necessary for the system to comply with a new government regulation. How should the project manager resolve this issue?",,,A,,A.Ask the product owner to create a user story for the next sprint.,,,TRUE,B,,B.Meet with the project team to reevaluate the product roadmap.,,,FALSE,C,,C.Draft a project termination report and record the lessons learned.,,,FALSE,D,,D.Continue with the delivery and update the definition of done (DoD).,,,FALSE,,,,,,,,,,,,,,,,,,,,,,,,,,,,,,,,,,,,,,,,,,,,,,,,,,,,,,,,,,,,,,,,,,,,,,,,,,,,,,,,,,,,,,,,,,,,,,,,
bedbb7e4-5b87-4838-833c-7a5187c292d0,exam-hall-01,SINGLE_CHOICE,DRAFT,,,"A project team is installing a fiscal metering system for a crude oil terminal. The project manager has requested a metering system, conducted a factory acceptance test, and delivered meters to the terminal for installation. While onsite, local regulators participated in the factory acceptance tests and declined approvals for the meters due to a breach of statutory procedures. This led to delays in completing testing and had an overall impact on the project cost and schedule. How could the project manager have prevented this situation?",,,A,,A.Referred to lessons learned from previous projects.,,,FALSE,B,,B.Notified stakeholders of the factory acceptance tests for meters.,,,FALSE,C,,C.Ensured compliance with the stakeholder requirements.,,,TRUE,D,,D.Revised the stakeholder engagement plan.,,,FALSE,,,,,,,,,,,,,,,,,,,,,,,,,,,,,,,,,,,,,,,,,,,,,,,,,,,,,,,,,,,,,,,,,,,,,,,,,,,,,,,,,,,,,,,,,,,,,,,,
0de60527-b82a-4355-8669-96acf512c977,exam-hall-01,SINGLE_CHOICE,DRAFT,,,"A project manager is assigned to a project in a country where the company has not previously done business. At the beginning of the project, the project manager realizes that there are certain regulatory requirements for which the project team has no experience. What should the project manager do next?",,,A,,A.Assign sufficient budget in case such requirements have to be met.,,,FALSE,B,,B.Consult with a subject matter expert on how to avoid such requirements.,,,FALSE,C,,C.Engage a subject matter expert to check if the requirements are relevant to the project.,,,TRUE,D,,D.Escalate concerns about the requirements to the project sponsor.,,,FALSE,,,,,,,,,,,,,,,,,,,,,,,,,,,,,,,,,,,,,,,,,,,,,,,,,,,,,,,,,,,,,,,,,,,,,,,,,,,,,,,,,,,,,,,,,,,,,,,,
2011a4b5-01ff-4c14-ac98-1584293f42c9,exam-hall-01,MULTIPLE_CHOICE,DRAFT,,,"A team member in a hybrid organization informs the project manager of a new way to execute an activity with a shorter duration. The project manager has not used the new process before, but a trusted team member explains that their previous experience with the process validates the efficacy of the new process. Which two actions should the project manager take? (Choose two).",,,A,,A.Involve the team member's functional manager.,,,FALSE,B,,B.Postpone the decision until the next sprint.,,,FALSE,C,,C.Update the work breakdown structure (WBS).,,,FALSE,D,,D.Assess the impact of adopting the new process.,,,TRUE,E,,E.Communicate the impact with key stakeholders.,,,TRUE,,,,,,,,,,,,,,,,,,,,,,,,,,,,,,,,,,,,,,,,,,,,,,,,,,,,,,,,,,,,,,,,,,,,,,,,,,,,,,,,,,,,,,,,,,
30077d2f-8e5c-4990-891a-2e17385d673a,exam-hall-01,SINGLE_CHOICE,DRAFT,,,"One of the project vendors is late in providing a related product solution, which is affecting the release due dates. What should the project manager do to help the agile team manage this impediment?",,,A,,A.Work with the vendor to understand the alternatives.,,,TRUE,B,,B.Review and update the release date with the team.,,,FALSE,C,,C.Have the technical lead escalate the issue to the functional manager.,,,FALSE,D,,D.Have the team members and experts work together on a solution.,,,FALSE,,,,,,,,,,,,,,,,,,,,,,,,,,,,,,,,,,,,,,,,,,,,,,,,,,,,,,,,,,,,,,,,,,,,,,,,,,,,,,,,,,,,,,,,,,,,,,,,
d5ba82f0-8def-49fa-95a4-5c8a2c2f3655,exam-hall-01,SINGLE_CHOICE,DRAFT,,,"For quality assurance, a quality audit was conducted on the processes being used in the project execution plan. One of the nonconformance issues raised by the auditor was that attendance lists for the project risk review meetings were unavailable. Why is an attendance list important?",,,A,,A.It is a document that is registered within the lessons learned register.,,,FALSE,B,,B.It is a record that shows the number of attendees at the meeting.,,,FALSE,C,,C.It is standard practice on projects to conduct optional risk review meetings.,,,FALSE,D,,D.It is evidence that risk review meetings were held with the appropriate project team members.,,,TRUE,,,,,,,,,,,,,,,,,,,,,,,,,,,,,,,,,,,,,,,,,,,,,,,,,,,,,,,,,,,,,,,,,,,,,,,,,,,,,,,,,,,,,,,,,,,,,,,,
1d8c77ad-265e-4669-a376-7316ec4cc312,exam-hall-01,SINGLE_CHOICE,DRAFT,,,"A compliance issue was found during the course of a project. This caused an inspection of the product by the internal audit team. As a result, the project fell behind schedule. What should the project manager have done initially to avoid this issue?",,,A,,A.Ensured that compliance requirements were documented.,,,TRUE,B,,B.Created templates to document compliance.,,,FALSE,C,,C.Hired a compliance consultant.,,,FALSE,D,,D.Engaged stakeholders at the beginning of the project.,,,FALSE,,,,,,,,,,,,,,,,,,,,,,,,,,,,,,,,,,,,,,,,,,,,,,,,,,,,,,,,,,,,,,,,,,,,,,,,,,,,,,,,,,,,,,,,,,,,,,,,
29546a54-edb0-440b-af04-1e60ff10e41b,exam-hall-01,SINGLE_CHOICE,DRAFT,,,Organizations face different challenges within their operational areas due to external factors. This has required companies to develop formal engagement documents to guide their various operations. How should a project manager make their team members and stakeholders aware of the uniqueness of the organizational standards?,,,A,,A.The various external factors of the project will be an input to the project management plan and will form part of the briefing at the kick-off meeting.,,,TRUE,B,,B.The various external factors should already be understood by team members and stakeholders and including them is optional.,,,FALSE,C,,C.Anyone who is involved in the project must understand these various external factors and make an effort to research them.,,,FALSE,D,,D.The team members and stakeholders will be informed about these various external factors through the official organizational communications channel.,,,FALSE,,,,,,,,,,,,,,,,,,,,,,,,,,,,,,,,,,,,,,,,,,,,,,,,,,,,,,,,,,,,,,,,,,,,,,,,,,,,,,,,,,,,,,,,,,,,,,,,
299e4314-b411-4e6f-a92f-1e82818cb235,exam-hall-01,MULTIPLE_CHOICE,DRAFT,,,A project is challenged by a multitude of problems resulting in defects and stakeholder complaints. The project manager has been contemplating a quick and effective approach to address the problems. Which two actions should the project manager take? (Choose two),,,A,,A.Gather the project team members and have a brainstorming session.,,,FALSE,B,,B.Refer to the organizational process assets (OPAs) to assess lessons learned.,,,FALSE,C,,C.Use a trend analysis to engage some of the project team members.,,,FALSE,D,,D.Use an Ishikawa diagram to help identify the problems.,,,TRUE,E,,E.Use a Pareto chart to identify how the challenges of the project should be addressed.,,,TRUE,,,,,,,,,,,,,,,,,,,,,,,,,,,,,,,,,,,,,,,,,,,,,,,,,,,,,,,,,,,,,,,,,,,,,,,,,,,,,,,,,,,,,,,,,,
08559121-4ef3-425c-815f-32d99af5c97f,exam-hall-01,SINGLE_CHOICE,DRAFT,,,"A project manager walked into a project office and found a team member and a supplier representative engaged in a disagreement over a clause in the supply agreement. The project manager invites the supplier for a negotiation with the project team to resolve the conflict. Applying the principles of negotiation, for what should the project manager and team aim?",,,A,,A.Give up the project objective for a win-lose outcome.,,,FALSE,B,,B.Achieve the project objective for a win-lose outcome.,,,FALSE,C,,C.Achieve the project objective for a win-win outcome.,,,TRUE,D,,D.Achieve the project objective no matter what the outcome.,,,FALSE,,,,,,,,,,,,,,,,,,,,,,,,,,,,,,,,,,,,,,,,,,,,,,,,,,,,,,,,,,,,,,,,,,,,,,,,,,,,,,,,,,,,,,,,,,,,,,,,
f863dabd-0e74-4573-835f-d9bbe66eb06f,exam-hall-01,MULTIPLE_CHOICE,DRAFT,,,"A project manager is working in the fifth month of an implementation for a construction project. The planner reported that the current schedule performance index (SPI) and cost performance index (CPI) are 0.8 and 0.9, respectively. Which two options will help to accelerate the project? (Choose two)",,,A,,A.Adjust the working procedures to streamline and improve efficiency with the current resources.,,,TRUE,B,,B.Change the critical path by replacing some critical path activities with activities that have float.,,,FALSE,C,,C.Increase the number of resources to get more people involved and get activities done faster.,,,FALSE,D,,D.Rearrange the schedule so that some activities on the critical path can be done concurrently to reduce the project duration.,,,TRUE,E,,E.Ask the resources to work overtime to accelerate the project and achieve better results.,,,FALSE,,,,,,,,,,,,,,,,,,,,,,,,,,,,,,,,,,,,,,,,,,,,,,,,,,,,,,,,,,,,,,,,,,,,,,,,,,,,,,,,,,,,,,,,,,
69003f51-82f2-430d-a417-04ba8cf107fa,exam-hall-01,SINGLE_CHOICE,DRAFT,,,A project manager wants to ensure that virtual team meetings are effective. What should the project manager do?,,,A,,A.Record all the meetings for participants who cannot attend.,,,FALSE,B,,B.Determine the best communication methods based on location.,,,TRUE,C,,C.Prioritize the agenda with items that require more discussion.,,,FALSE,D,,D.Schedule meetings at convenient times for the majority of attendees.,,,FALSE,,,,,,,,,,,,,,,,,,,,,,,,,,,,,,,,,,,,,,,,,,,,,,,,,,,,,,,,,,,,,,,,,,,,,,,,,,,,,,,,,,,,,,,,,,,,,,,,
3a27022f-7d50-4f74-a1c5-6dabb3b66f99,exam-hall-01,SINGLE_CHOICE,DRAFT,,,"At daily collaboration meetings, several team members complain that they cannot concentrate due to a noisy work environment. Who is responsible for solving this problem by creating a more conducive work environment?",,,A,,A.The project sponsor.,,,FALSE,B,,B.The team members.,,,FALSE,C,,C.The product owner.,,,FALSE,D,,D.The project manager.,,,TRUE,,,,,,,,,,,,,,,,,,,,,,,,,,,,,,,,,,,,,,,,,,,,,,,,,,,,,,,,,,,,,,,,,,,,,,,,,,,,,,,,,,,,,,,,,,,,,,,,
