external_id,topic_slug,type,status,content_vi,explanation_vi,content_en,explanation_en,media_ids,option_1_label,option_1_content_vi,option_1_content_en,option_1_match_vi,option_1_match_en,option_1_correct,option_2_label,option_2_content_vi,option_2_content_en,option_2_match_vi,option_2_match_en,option_2_correct,option_3_label,option_3_content_vi,option_3_content_en,option_3_match_vi,option_3_match_en,option_3_correct,option_4_label,option_4_content_vi,option_4_content_en,option_4_match_vi,option_4_match_en,option_4_correct,option_5_label,option_5_content_vi,option_5_content_en,option_5_match_vi,option_5_match_en,option_5_correct,option_6_label,option_6_content_vi,option_6_content_en,option_6_match_vi,option_6_match_en,option_6_correct,option_7_label,option_7_content_vi,option_7_content_en,option_7_match_vi,option_7_match_en,option_7_correct,option_8_label,option_8_content_vi,option_8_content_en,option_8_match_vi,option_8_match_en,option_8_correct,option_9_label,option_9_content_vi,option_9_content_en,option_9_match_vi,option_9_match_en,option_9_correct,option_10_label,option_10_content_vi,option_10_content_en,option_10_match_vi,option_10_match_en,option_10_correct,option_11_label,option_11_content_vi,option_11_content_en,option_11_match_vi,option_11_match_en,option_11_correct,option_12_label,option_12_content_vi,option_12_content_en,option_12_match_vi,option_12_match_en,option_12_correct,option_13_label,option_13_content_vi,option_13_content_en,option_13_match_vi,option_13_match_en,option_13_correct,option_14_label,option_14_content_vi,option_14_content_en,option_14_match_vi,option_14_match_en,option_14_correct,option_15_label,option_15_content_vi,option_15_content_en,option_15_match_vi,option_15_match_en,option_15_correct,option_16_label,option_16_content_vi,option_16_content_en,option_16_match_vi,option_16_match_en,option_16_correct,option_17_label,option_17_content_vi,option_17_content_en,option_17_match_vi,option_17_match_en,option_17_correct,option_18_label,option_18_content_vi,option_18_content_en,option_18_match_vi,option_18_match_en,option_18_correct,option_19_label,option_19_content_vi,option_19_content_en,option_19_match_vi,option_19_match_en,option_19_correct,option_20_label,option_20_content_vi,option_20_content_en,option_20_match_vi,option_20_match_en,option_20_correct
b27980ac-d5d5-4c17-9758-370b5f086d2f,exam-hall-03,SINGLE_CHOICE,DRAFT,,,A company is working on a hybrid project in which the deliverables have quality issues at the end of one of the sprints. Which action should the project manager take?,,,A,,A.Review the definition of done (DoD).,,,TRUE,B,,B.Look for a clear set of working agreements.,,,FALSE,C,,C.Apply value stream mapping.,,,FALSE,D,,D.Use a plan-driven approach.,,,FALSE,,,,,,,,,,,,,,,,,,,,,,,,,,,,,,,,,,,,,,,,,,,,,,,,,,,,,,,,,,,,,,,,,,,,,,,,,,,,,,,,,,,,,,,,,,,,,,,,
23e57629-119c-4f42-a706-d9de668ff079,exam-hall-03,SINGLE_CHOICE,DRAFT,,,"Members of an agile team are struggling. While there is trust among the team members, the majority of team decisions are made by a few of the more experienced team members. What should the project manager do in order to enable a high-performing team?",,,A,,"A.Discourage the experienced team members from speaking first, allowing others to offer ideas.",,,FALSE,B,,B.Facilitate meetings to ensure that all team members take part in team decisions.,,,FALSE,C,,C.Coach the team to ensure all members offer ideas and team consensus is achieved.,,,TRUE,D,,D.Raise the issue in a retrospective and have the team formalize new team agreements.,,,FALSE,,,,,,,,,,,,,,,,,,,,,,,,,,,,,,,,,,,,,,,,,,,,,,,,,,,,,,,,,,,,,,,,,,,,,,,,,,,,,,,,,,,,,,,,,,,,,,,,
0e84e8e9-1eca-4ace-8f24-2344e1e767b5,exam-hall-03,SINGLE_CHOICE,DRAFT,,,"In a project where a third-party provider is implementing a custom solution, the project manager must ensure that the local team will have the capacity to support the solution. What should the project manager do to ensure that the local team can support the solution?",,,A,,A.Delegate the responsibility of supporting the custom solution to the third-party provider.,,,FALSE,B,,B.Conduct comprehensive training sessions for the local team on the new solution.,,,TRUE,C,,C.Reduce the responsibilities of the local team to minimize the need for support.,,,FALSE,D,,D.Hire additional personnel to provide ongoing support for the local team.,,,FALSE,,,,,,,,,,,,,,,,,,,,,,,,,,,,,,,,,,,,,,,,,,,,,,,,,,,,,,,,,,,,,,,,,,,,,,,,,,,,,,,,,,,,,,,,,,,,,,,,
9b7ff763-dee1-4436-b342-8cf81a1af83a,exam-hall-03,SINGLE_CHOICE,DRAFT,,,"During the planning phase, a project manager is creating the project schedule. The designated project team is finishing an unrelated project, so temporary resources are assigned to assist with planning and task duration estimation. The project team will replace the temporary resources prior to starting the project. What should the project manager do before the project schedule is finalized?",,,A,,A.Review the estimates with the designated team.,,,TRUE,B,,B.Check the task durations of previous projects.,,,FALSE,C,,C.Update duration estimation in the risk register.,,,FALSE,D,,D.Request approval from the project sponsor.,,,FALSE,,,,,,,,,,,,,,,,,,,,,,,,,,,,,,,,,,,,,,,,,,,,,,,,,,,,,,,,,,,,,,,,,,,,,,,,,,,,,,,,,,,,,,,,,,,,,,,,
c24655e4-3fd6-4adb-8cb4-e157cf5f5026,exam-hall-03,SINGLE_CHOICE,DRAFT,,,"A project manager is in the execution phase of a project. A newly identified stakeholder continuously bypasses the project manager to get feedback from the project sponsor directly, thus escalating pressure and frustration for all members of the team. What should the project manager do next?",,,A,,A.Call a project meeting of all stakeholders to discuss the matter and develop a suitable action plan.,,,FALSE,B,,B.Email the communications management plan to the stakeholder and point out that they agreed to the plan.,,,FALSE,C,,C.Meet the project sponsor and confirm that the project manager must be the single point of contact.,,,FALSE,D,,D.Meet with the stakeholder to understand their needs and update the communication management plan.,,,TRUE,,,,,,,,,,,,,,,,,,,,,,,,,,,,,,,,,,,,,,,,,,,,,,,,,,,,,,,,,,,,,,,,,,,,,,,,,,,,,,,,,,,,,,,,,,,,,,,,
e11b9292-9746-4c24-84f5-ac731ad6f36e,exam-hall-03,SINGLE_CHOICE,DRAFT,,,"In the planning stage of an upgrade project, a project manager benchmarked other recent projects that use the same technology. The project manager discovered that longer-than-planned outages occurred in most cases due to frequent maintenance activities. What will be the project manager's next step?",,,A,,A.Benchmark projects using other technologies to establish a more objective baseline.,,,FALSE,B,,B.Compare other similar technologies and recommend the implementation of another technology.,,,FALSE,C,,C.Create a risk item in the risk register and incorporate the thresholds according to the benchmarks.,,,TRUE,D,,D.Discuss the probable downtime with the sponsor and obtain approval for outages.,,,FALSE,,,,,,,,,,,,,,,,,,,,,,,,,,,,,,,,,,,,,,,,,,,,,,,,,,,,,,,,,,,,,,,,,,,,,,,,,,,,,,,,,,,,,,,,,,,,,,,,
a31cf090-6bb0-41d3-8093-617a9a6c0aff,exam-hall-03,SINGLE_CHOICE,DRAFT,,,"During project execution, a customer asks to replace a piece of planned hardware with one that has more features and a lower price. What should the project manager do first?",,,A,,A.Evaluate the new features to ensure they align with the customer's business needs.,,,TRUE,B,,B.Incorporate the hardware immediately as it will reduce the overall project cost.,,,FALSE,C,,C.Meet with the team to plan the implementation of the new hardware as requested.,,,FALSE,D,,D.Seek approval from the procurement manager and develop a prototype.,,,FALSE,,,,,,,,,,,,,,,,,,,,,,,,,,,,,,,,,,,,,,,,,,,,,,,,,,,,,,,,,,,,,,,,,,,,,,,,,,,,,,,,,,,,,,,,,,,,,,,,
f5d74f9f-991b-4ae4-bb9f-766f9e2635d7,exam-hall-03,SINGLE_CHOICE,DRAFT,,,"A new project manager has taken over an ongoing project. Progress reports show that the project is within the allocated budget and schedule. However, a key supplier has indicated that they will not be able to supply critical materials as scheduled. What should the project manager do first to address this situation?",,,A,,A.Submit a change request to the change control board (CCB).,,,FALSE,B,,B.Review the performance against the project baseline.,,,TRUE,C,,C.Initiate legal action against the defaulting supplier.,,,FALSE,D,,D.Immediately terminate the contract with the supplier.,,,FALSE,,,,,,,,,,,,,,,,,,,,,,,,,,,,,,,,,,,,,,,,,,,,,,,,,,,,,,,,,,,,,,,,,,,,,,,,,,,,,,,,,,,,,,,,,,,,,,,,
fef1f3fb-424b-4b89-bae6-9f040a7e3929,exam-hall-03,SINGLE_CHOICE,DRAFT,,,"A risk was identified at the beginning of an agile project and a mitigation plan was established. The risk event occurs but the impact is much higher than anticipated and the originally planned response will be ineffective. The project team developed a more effective response, but it is drastically different from the original mitigation plan and must be implemented as soon as possible. What should the project manager do?",,,A,,A.Implement only the initial response as outlined in the risk management plan.,,,FALSE,B,,B.Update the risk management plan and implement the newly created response.,,,TRUE,C,,C.Defer risk response until the next progress meeting to inform stakeholders.,,,FALSE,D,,D.Implement a contingency response and inform the stakeholders afterward.,,,FALSE,,,,,,,,,,,,,,,,,,,,,,,,,,,,,,,,,,,,,,,,,,,,,,,,,,,,,,,,,,,,,,,,,,,,,,,,,,,,,,,,,,,,,,,,,,,,,,,,
f5e8a104-65d5-4a1f-bcaf-fedb52be878c,exam-hall-03,SINGLE_CHOICE,DRAFT,,,"During the execution phase of a project, a project team identifies a previously unforeseen risk that could delay the project for several months. What should the project manager do first?",,,A,,A.Update the risk register.,,,TRUE,B,,B.Perform qualitative risk analysis.,,,FALSE,C,,C.Update the project sponsors.,,,FALSE,D,,D.Plan for additional budget.,,,FALSE,,,,,,,,,,,,,,,,,,,,,,,,,,,,,,,,,,,,,,,,,,,,,,,,,,,,,,,,,,,,,,,,,,,,,,,,,,,,,,,,,,,,,,,,,,,,,,,,
ee8c1cad-5d4f-4140-83d9-c7a07a5ae624,exam-hall-03,SINGLE_CHOICE,DRAFT,,,A project manager is responsible for a 12-month waterfall project to create a new product. The project is nine months into execution when the customer suggests using a new technology becomes available that would reduce the project costs by 10%. What should the project manager do?,,,A,,A.Update the configuration management plan to include the new technology as part of the design.,,,FALSE,B,,B.Continue working as planned since the new technology was not part of the project management plan.,,,FALSE,C,,C.Create a change request to evaluate the feasibility and impact of using the new technology.,,,TRUE,D,,D.Ask the development team to implement all remaining components with the new technology.,,,FALSE,,,,,,,,,,,,,,,,,,,,,,,,,,,,,,,,,,,,,,,,,,,,,,,,,,,,,,,,,,,,,,,,,,,,,,,,,,,,,,,,,,,,,,,,,,,,,,,,
1d5c2a4d-6697-4be2-8b86-d17967eb572e,exam-hall-03,SINGLE_CHOICE,DRAFT,,,A project manager calls a meeting to identify risks for a complicated project. Several subject matter experts are invited to this meeting along with the project team. Why has the project manager invited the subject matter experts?,,,A,,A. Subject matter experts have specialized expertise and can help identify and address high-risk issues.,,,TRUE,B,,B.Identifying risks in a meeting with subject matter experts makes getting better project resources easier.,,,FALSE,C,,C.Risks will be easier to accept if the subject matter experts who attended the meeting work together.,,,FALSE,D,,D.The project manager can leverage subject matter experts' resources to follow up on the identified risks.,,,FALSE,,,,,,,,,,,,,,,,,,,,,,,,,,,,,,,,,,,,,,,,,,,,,,,,,,,,,,,,,,,,,,,,,,,,,,,,,,,,,,,,,,,,,,,,,,,,,,,,
334db2b9-480a-4301-9e16-349167ba1038,exam-hall-03,SINGLE_CHOICE,DRAFT,,,"A project manager is newly assigned to an ongoing project and determines that the quality has been consistent. There is a considerable budget for quality assurance, and other areas of the project could benefit from these funds. What should the project manager do?",,,A,,A.Implement a budget reduction strategy to reallocate funds.,,,FALSE,B,,B.Perform a full inspection since there is no margin for error.,,,FALSE,C,,C.Introduce sampling as a cost-effective way to ensure quality.,,,FALSE,D,,D.Keep the budget intact for now and continue monitoring.,,,TRUE,,,,,,,,,,,,,,,,,,,,,,,,,,,,,,,,,,,,,,,,,,,,,,,,,,,,,,,,,,,,,,,,,,,,,,,,,,,,,,,,,,,,,,,,,,,,,,,,
a8343fcd-1707-4309-a6da-f3356e9ce500,exam-hall-03,SINGLE_CHOICE,DRAFT,,,"A new product was accepted by the customer, but after two weeks the project manager received a complaint from the customer saying that the product's functionality requirements were not met. What should the project manager do first?",,,A,,A.Escalate the issue to the project sponsor.,,,FALSE,B,,B.Review the scope validation process.,,,TRUE,C,,C.Schedule an inspection of the product.,,,FALSE,D,,D.Validate the scope with the customer.,,,FALSE,,,,,,,,,,,,,,,,,,,,,,,,,,,,,,,,,,,,,,,,,,,,,,,,,,,,,,,,,,,,,,,,,,,,,,,,,,,,,,,,,,,,,,,,,,,,,,,,
a39a605c-a2c9-43cb-8b34-aa305123ca88,exam-hall-03,SINGLE_CHOICE,DRAFT,,,"A project manager is developing a project budget. After estimating the cost of each activity, the manager adds a contingency reserve by increasing the estimated cost of all activities by the same percentage. However, this resulted in the total cost exceeding the allocated budget even before adding the management reserve. What should the project manager do?",,,A,,A.Request additional budget to ensure that all cost estimations are appropriately funded.,,,FALSE,B,,B.Reduce the percentage increase to reduce the total cost of the project.,,,FALSE,C,,C.Recalculate the contingency reserve based on identified risks and response strategies.,,,TRUE,D,,D.Allocate a portion of the contingency reserve to the management reserve.,,,FALSE,,,,,,,,,,,,,,,,,,,,,,,,,,,,,,,,,,,,,,,,,,,,,,,,,,,,,,,,,,,,,,,,,,,,,,,,,,,,,,,,,,,,,,,,,,,,,,,,
144adea5-ddb5-4859-b726-f40df23f4a47,exam-hall-03,SINGLE_CHOICE,DRAFT,,,A project manager for a delivery project has engaged a vendor to provide testing services. Which items should the project manager be sure to provide to the vendor before the testing starts?,,,A,,A.Test plan and requirements traceability matrix.,,,TRUE,B,,B.Test plan and quality risk assessment.,,,FALSE,C,,C.Defect reports and test scripts.,,,FALSE,D,,D.Requirements traceability matrix and defect reports.,,,FALSE,,,,,,,,,,,,,,,,,,,,,,,,,,,,,,,,,,,,,,,,,,,,,,,,,,,,,,,,,,,,,,,,,,,,,,,,,,,,,,,,,,,,,,,,,,,,,,,,
b93e71c3-91a1-41a2-a9a7-56987e698c75,exam-hall-03,SINGLE_CHOICE,DRAFT,,,"A serious quality issue has been identified during the implementation of a major public infrastructure project. The issue is likely to cause a substantial delay to the committed project completion date. As the project manager, what should you do?",,,A,,A.Ignore the issue and hope that it does not cause a substantial delay to the completion date.,,,FALSE,B,,B.Delay the project until the newly identified quality issue can be completely resolved.,,,FALSE,C,,C.Implement a strategy to address the newly identified issue without notifying the stakeholders.,,,FALSE,D,,D.Meet with the project team and stakeholders to discuss the issue and possible solutions.,,,TRUE,,,,,,,,,,,,,,,,,,,,,,,,,,,,,,,,,,,,,,,,,,,,,,,,,,,,,,,,,,,,,,,,,,,,,,,,,,,,,,,,,,,,,,,,,,,,,,,,
2a00b6a0-6f05-43d6-a93a-f81b5159a50f,exam-hall-03,SINGLE_CHOICE,DRAFT,,,A project manager is working on an agile project with a cross-functional team. The project manager is informed that some team members typically raise additional requirements that are not in the approved scope. What should the project manager do to address this expected behavior?,,,A,,A.Coach the team to manage scope using the appropriate framework.,,,TRUE,B,,B.Escalate to the sponsor and request replacement team members.,,,FALSE,C,,C.Conduct daily standup meetings with the team and stakeholders.,,,FALSE,D,,D.Explain that requirements cannot be changed without approval.,,,FALSE,,,,,,,,,,,,,,,,,,,,,,,,,,,,,,,,,,,,,,,,,,,,,,,,,,,,,,,,,,,,,,,,,,,,,,,,,,,,,,,,,,,,,,,,,,,,,,,,
293aa71a-a4de-46c0-94c9-28016cd9fefe,exam-hall-03,SINGLE_CHOICE,DRAFT,,,"A chief technology officer (CTO) is enthusiastic about an organization's recent adoption of servant leadership practices. The CTO requests that all project managers apply servant leadership practices, but seems to be unsure of the practical applications. Which statement below best represents how the project manager should respond to the CTO's request?",,,A,,A.Explain that servant leadership can be adapted and applied to any project situation.,,,TRUE,B,,B.Remind the CTO that servant leadership is more suited for projects using agile methods.,,,FALSE,C,,C.Clarify that servant leadership practices typically focus on the client's preferences.,,,FALSE,D,,D.Affirm that servant leadership only works for projects with substantial resources.,,,FALSE,,,,,,,,,,,,,,,,,,,,,,,,,,,,,,,,,,,,,,,,,,,,,,,,,,,,,,,,,,,,,,,,,,,,,,,,,,,,,,,,,,,,,,,,,,,,,,,,
1e8dda5a-f5ad-4ab8-94bd-466d7579e381,exam-hall-03,SINGLE_CHOICE,DRAFT,,,A team member who is unfamiliar with the subject matter is struggling to complete a complex deliverable. What should the agile project manager do to ensure that the team member is able to take on a similar challenge in the future?,,,A,,A.Ensure that the team member receives adequate training and is comfortable with the subject matter.,,,TRUE,B,,B.Encourage the team member to take on more stories on this subject matter until they are completely comfortable.,,,FALSE,C,,C.Ask the team member to avoid taking on stories on this subject matter until the person is comfortable with the subject matter.,,,FALSE,D,,D.Replace the team member with a more experienced team member who will improve the team's velocity.,,,FALSE,,,,,,,,,,,,,,,,,,,,,,,,,,,,,,,,,,,,,,,,,,,,,,,,,,,,,,,,,,,,,,,,,,,,,,,,,,,,,,,,,,,,,,,,,,,,,,,,
007e0058-05f8-402f-9241-bf7e8014e9b8,exam-hall-03,SINGLE_CHOICE,DRAFT,,,"The opening of a new overseas office faces potential delays as the required permit has not yet been issued by the local government. The project team met to evaluate the appropriate course of action as outlined in the risk register. After a thorough assessment, the team decided to postpone the opening to another date. Which document should the project manager use to update the project management plan?",,,A,,A.Risk management plan,,,FALSE,B,,B.Risk report,,,FALSE,C,,C.Risk register,,,TRUE,D,,D.Lessons learned register,,,FALSE,,,,,,,,,,,,,,,,,,,,,,,,,,,,,,,,,,,,,,,,,,,,,,,,,,,,,,,,,,,,,,,,,,,,,,,,,,,,,,,,,,,,,,,,,,,,,,,,
3ad103ee-55fc-46d6-b7aa-8ffec5d32a31,exam-hall-03,SINGLE_CHOICE,DRAFT,,,"In an innovative project, the sponsor wants to deliver a creative and large data processing platform to better serve the customers. However, the functionality of the platform cannot be described clearly in the project's requirements. In order to obtain continuous investment, every project output that shows progress will be demonstrated to management. What kind of project approach should the project manager recommend?",,,A,,A.Predictive,,,FALSE,B,,B.Waterfall,,,FALSE,C,,C.Agile,,,TRUE,D,,D.Hybrid,,,FALSE,,,,,,,,,,,,,,,,,,,,,,,,,,,,,,,,,,,,,,,,,,,,,,,,,,,,,,,,,,,,,,,,,,,,,,,,,,,,,,,,,,,,,,,,,,,,,,,,
8c3a89de-34a0-4744-82d6-9445901cd825,exam-hall-03,SINGLE_CHOICE,DRAFT,,,A project manager is assembling a team with a mix of new and experienced team members. The project manager finds out that there are issues with team cohesion. The experienced team members believe new team members lack the technical skills required to perform the necessary work and expect that they will have to compensate for their inexperience. What should the project manager do?,,,A,,A.Offer bonuses or other incentives to experienced team members to mentor the new team members.,,,FALSE,B,,"B.Analyze the skills of all team members, identify gaps, and develop plans to address them.",,,TRUE,C,,C.Reassign new team members to projects that better align with their skills and experience.,,,FALSE,D,,D.Explain that professional project team members are expected to resolve issues without intervention.,,,FALSE,,,,,,,,,,,,,,,,,,,,,,,,,,,,,,,,,,,,,,,,,,,,,,,,,,,,,,,,,,,,,,,,,,,,,,,,,,,,,,,,,,,,,,,,,,,,,,,,
ea7b66ca-48f9-4e2f-a954-a851a294010c,exam-hall-03,SINGLE_CHOICE,DRAFT,,,"A project manager is not sure if the team has the critical skills needed to implement a key feature of an upcoming deliverable. In order to mitigate the risk of sprint failure, what should the project manager do?",,,A,,A.Ask for support from the sponsor to replace the low performers with new team members with a specific skill set.,,,FALSE,B,,B.Negotiate with the stakeholder to postpone this key feature to a later release while figuring out a better alternative.,,,FALSE,C,,"C.Identify the potential skill gap and propose a strategy to address the gaps with training, mentoring, or coaching.",,,TRUE,D,,"D.Embrace the risk, accept the sprint failure, and try to motivate the team toward better performance in the future.",,,FALSE,,,,,,,,,,,,,,,,,,,,,,,,,,,,,,,,,,,,,,,,,,,,,,,,,,,,,,,,,,,,,,,,,,,,,,,,,,,,,,,,,,,,,,,,,,,,,,,,
328bf968-694a-4f61-b0c5-50f1818a6cd1,exam-hall-03,SINGLE_CHOICE,DRAFT,,,"A midsize project has the objective of developing an innovative product with changing requirements. Several team members are unavailable for two weeks per month during the duration of the project. The project manager realizes that the cost of quality increases substantially during those periods. However, the team velocity is stable. What should the project manager do to address this issue?",,,A,,A.Add resources to the team.,,,FALSE,B,,B.Expand the testing effort.,,,FALSE,C,,C.Provide cross-training.,,,TRUE,D,,D.Increase the sprint duration.,,,FALSE,,,,,,,,,,,,,,,,,,,,,,,,,,,,,,,,,,,,,,,,,,,,,,,,,,,,,,,,,,,,,,,,,,,,,,,,,,,,,,,,,,,,,,,,,,,,,,,,
f2dfd4e0-1d9a-4f3c-977b-d949193413f2,exam-hall-03,SINGLE_CHOICE,DRAFT,,,"A project is estimated to have a total of 250 story points. The team planned 40 story points for each iteration and delivered 40, 10, 20, and 15 story points in the first four iterations. What should the project manager do?",,,A,,A.Reassign undelivered tasks to team members to complete during the next iteration.,,,FALSE,B,,B.Work with team members to adjust the planned story points for the next iterations.,,,TRUE,C,,C.Remove the features that cannot be delivered from the product backlog and update the customer.,,,FALSE,D,,D.Negotiate with the customer for an extension of the deliverables due to holiday schedules.,,,FALSE,,,,,,,,,,,,,,,,,,,,,,,,,,,,,,,,,,,,,,,,,,,,,,,,,,,,,,,,,,,,,,,,,,,,,,,,,,,,,,,,,,,,,,,,,,,,,,,,
c7c18595-06c1-4fd9-9979-f5e4418b85f4,exam-hall-03,SINGLE_CHOICE,DRAFT,,,An agile team is receiving multiple unplanned requests for product enhancements in an iteration. This impediment is causing the team to miss scheduled tasks. How should the project manager address this?,,,A,,A.Tell the team to increase their efforts to accommodate the requests.,,,FALSE,B,,B.Ask the product owner to include requested enhancements in the current iteration.,,,FALSE,C,,C.Request that the project team reprioritizes all of the committed activities.,,,FALSE,D,,D.Ask the product owner to add the enhancement requests to the product backlog.,,,TRUE,,,,,,,,,,,,,,,,,,,,,,,,,,,,,,,,,,,,,,,,,,,,,,,,,,,,,,,,,,,,,,,,,,,,,,,,,,,,,,,,,,,,,,,,,,,,,,,,
34b0f5a2-f82b-4382-be6c-30547120efa4,exam-hall-03,SINGLE_CHOICE,DRAFT,,,A project manager in the execution phase of a project discovers several stakeholders identified at project initiation are no longer involved. These removed stakeholders are frustrated with unnecessary communication and express concern that the remaining stakeholders may not be receiving all of the information they require. What should the project manager have done to prevent this situation?,,,A,,A.Identified and documented all stakeholder requirements at the start of the project.,,,FALSE,B,,B.Reported all project information to every stakeholder throughout the project lifecycle.,,,FALSE,C,,C.Updated the stakeholder engagement plan through the change control process.,,,TRUE,D,,D.Relied on existing stakeholders to inform the project manager about missing stakeholders.,,,FALSE,,,,,,,,,,,,,,,,,,,,,,,,,,,,,,,,,,,,,,,,,,,,,,,,,,,,,,,,,,,,,,,,,,,,,,,,,,,,,,,,,,,,,,,,,,,,,,,,
3c6a959f-63c9-4ce3-84ac-d05f12c00340,exam-hall-03,SINGLE_CHOICE,DRAFT,,,"During week two of a two-week sprint, one of the core team members has an emergency and is unable to work on the project for the rest of the sprint. What should the project manager do first?",,,A,,A.Request that the product manager increase the project timeline.,,,FALSE,B,,B.Identify tasks that can be reassigned to other team members.,,,TRUE,C,,C.Extend the sprint to offset the loss of the core team member.,,,FALSE,D,,D.Get additional resources from other teams to complete the sprint.,,,FALSE,,,,,,,,,,,,,,,,,,,,,,,,,,,,,,,,,,,,,,,,,,,,,,,,,,,,,,,,,,,,,,,,,,,,,,,,,,,,,,,,,,,,,,,,,,,,,,,,
7cd4f34f-e00e-46ec-95cd-d8150f88dfad,exam-hall-03,SINGLE_CHOICE,DRAFT,,,"In a review meeting, a project manager detects a misunderstanding about one critical deliverable. What should the project manager do first?",,,A,,A.Ask the team members to clarify the deliverable.,,,TRUE,B,,B.Ask the customer to clarify the deliverable.,,,FALSE,C,,C.Ask the product owner to clarify the deliverable.,,,FALSE,D,,D.Ask the sponsor to clarify the deliverable.,,,FALSE,,,,,,,,,,,,,,,,,,,,,,,,,,,,,,,,,,,,,,,,,,,,,,,,,,,,,,,,,,,,,,,,,,,,,,,,,,,,,,,,,,,,,,,,,,,,,,,,
2f92a08c-7aa3-459a-84bd-9cf109ef84f4,exam-hall-03,SINGLE_CHOICE,DRAFT,,,"During a project schedule review meeting, the project team identified that one of the critical path activities has slipped due to external dependencies. The project schedule is now at risk. What should the project manager prioritize as the initial response to address the issue?",,,A,,A.Issue a change request and meet with the customer.,,,FALSE,B,,B.Rebaseline the schedule and notify the project sponsor.,,,FALSE,C,,C.Update the documentation and identify corrective actions.,,,TRUE,D,,D.Notify the customer and request that the timeline be extended.,,,FALSE,,,,,,,,,,,,,,,,,,,,,,,,,,,,,,,,,,,,,,,,,,,,,,,,,,,,,,,,,,,,,,,,,,,,,,,,,,,,,,,,,,,,,,,,,,,,,,,,
2f9ce0a0-54cb-4f40-9290-8d76ea9e58ad,exam-hall-03,SINGLE_CHOICE,DRAFT,,,"An ongoing project has a high degree of change. In order to evaluate how the IT security team will influence the performance of the project, what should the project manager do?",,,A,,A.Update the stakeholder engagement assessment matrix.,,,FALSE,B,,B.Analyze corporate political and power structures.,,,FALSE,C,,C.Create a project communications management plan.,,,FALSE,D,,D.Manage stakeholders' expectations.,,,TRUE,,,,,,,,,,,,,,,,,,,,,,,,,,,,,,,,,,,,,,,,,,,,,,,,,,,,,,,,,,,,,,,,,,,,,,,,,,,,,,,,,,,,,,,,,,,,,,,,
349d0551-8a89-4492-bc0a-e54e9737e686,exam-hall-03,SINGLE_CHOICE,DRAFT,,,The service provider and their client agree on about 80% of the scope of a project contract they are working on for the delivery of marketing content. The client has a fixed budget and target completion date and wants to get the most business value from the project as possible by increasing the scope based on a best-effort delivery close to the end of the project. What should the project manager do?,,,A,,A.Create the contract based on the agreed scope and plan addendum changes.,,,FALSE,B,,B.Ensure that a change control process is documented in the contract.,,,FALSE,C,,C.Propose a dynamic scope contract option and add a fixed number of iterations.,,,TRUE,D,,D.Increase the number of resources in the contract to deliver the requirements.,,,FALSE,,,,,,,,,,,,,,,,,,,,,,,,,,,,,,,,,,,,,,,,,,,,,,,,,,,,,,,,,,,,,,,,,,,,,,,,,,,,,,,,,,,,,,,,,,,,,,,,
4de81bd0-7977-4a69-b8ab-acf4204adb45,exam-hall-03,SINGLE_CHOICE,DRAFT,,,"A company is about to start a project in a remote place known for extreme weather. It was agreed to implement the project using a predicted, multiphase approach. Each phase is composed of several iterations. What should the project manager do in the event of extreme weather?",,,A,,A.Pause work until a specialized team arrives to assess the damage that was done to the site.,,,FALSE,B,,"B.Consult the initial plans in case of an emergency, then update and follow the corrective procedures.",,,TRUE,C,,C.Advise management to reconsider such an investment and the continuity of the project.,,,FALSE,D,,"D.Stop the iteration, run a retrospective, and move to the next phase of the project.",,,FALSE,,,,,,,,,,,,,,,,,,,,,,,,,,,,,,,,,,,,,,,,,,,,,,,,,,,,,,,,,,,,,,,,,,,,,,,,,,,,,,,,,,,,,,,,,,,,,,,,
8461b525-6ff6-4c1b-89ce-385292f46993,exam-hall-03,SINGLE_CHOICE,DRAFT,,,"During a standup meeting, some of the team members strongly disagreed about how tasks were distributed. They feel tired and frustrated because task distribution has been a frequent complaint throughout the project. What should the project manager do?",,,A,,A.Review the project management plan to determine how to manage this situation.,,,FALSE,B,,B.Discuss with other project managers if they had to address similar complaints.,,,FALSE,C,,C.Organize a team-building workshop to improve collaboration and communication.,,,FALSE,D,,D.Work with the team to develop a plan for addressing the task distribution concerns.,,,TRUE,,,,,,,,,,,,,,,,,,,,,,,,,,,,,,,,,,,,,,,,,,,,,,,,,,,,,,,,,,,,,,,,,,,,,,,,,,,,,,,,,,,,,,,,,,,,,,,,
8b89d556-b51b-4ce4-af30-8a3203af95ac,exam-hall-03,SINGLE_CHOICE,DRAFT,,,"A project manager has been assigned a project that involves a virtual, multicultural team including representatives from various countries. The project manager needs to prepare a kickoff meeting. What should the project manager do to prepare for the meeting?",,,A,,A.Set rules and regulations that must be followed during the project.,,,FALSE,B,,B.Ask the sponsor for different resources to facilitate the project.,,,FALSE,C,,"C.Consider various time zones, communication capabilities, and possible constraints.",,,TRUE,D,,D.Set up the project sponsor's language as the official project communication language.,,,FALSE,,,,,,,,,,,,,,,,,,,,,,,,,,,,,,,,,,,,,,,,,,,,,,,,,,,,,,,,,,,,,,,,,,,,,,,,,,,,,,,,,,,,,,,,,,,,,,,,
8f7d1d5e-761a-4c6d-b6be-63f9aed808c7,exam-hall-03,SINGLE_CHOICE,DRAFT,,,A project manager used to work on predictive projects and now has started working on a project using a hybrid approach. What should the project manager do to enable the teams to focus on their mission?,,,A,,A.Implement a Scrum method.,,,FALSE,B,,B.Adopt servant leadership.,,,TRUE,C,,C.Apply lean methods.,,,FALSE,D,,D.Innovate with new processes.,,,FALSE,,,,,,,,,,,,,,,,,,,,,,,,,,,,,,,,,,,,,,,,,,,,,,,,,,,,,,,,,,,,,,,,,,,,,,,,,,,,,,,,,,,,,,,,,,,,,,,,
f56034d6-4477-4fd1-8349-fa933aefd584,exam-hall-03,SINGLE_CHOICE,DRAFT,,,A senior team member is having challenges with a new project team member. The senior team member asks the project manager for advice on how to handle the new team member. What should the project manager do?,,,A,,A.Check the team member's performance and the responsibility assignment matrix to assess the conflict.,,,FALSE,B,,B.Instruct the senior team member to confront the new team member at the next daily coordination meeting.,,,FALSE,C,,C.Coach the senior team member on conflict resolution models and how they can be applied to this situation.,,,TRUE,D,,D.Ask for a one-on-one meeting with the new team member and tell them to avoid the senior team member.,,,FALSE,,,,,,,,,,,,,,,,,,,,,,,,,,,,,,,,,,,,,,,,,,,,,,,,,,,,,,,,,,,,,,,,,,,,,,,,,,,,,,,,,,,,,,,,,,,,,,,,
6145ce08-e681-4d07-a9e9-0678a3afbc78,exam-hall-03,SINGLE_CHOICE,DRAFT,,,"A stakeholder has suggested using an off-the-shelf, open-source product to speed up development. The team has analyzed the product and found it feasible and desirable, but it needs to be piloted and requires additional user skills. What should the project manager do?",,,A,,A.Initiate a formal change request.,,,TRUE,B,,B.Request training for the project team.,,,FALSE,C,,C.Review the cost management plan.,,,FALSE,D,,D.Consult the product manager.,,,FALSE,,,,,,,,,,,,,,,,,,,,,,,,,,,,,,,,,,,,,,,,,,,,,,,,,,,,,,,,,,,,,,,,,,,,,,,,,,,,,,,,,,,,,,,,,,,,,,,,
db7061c2-1fad-4aef-b4f6-909dfdc011e9,exam-hall-03,SINGLE_CHOICE,DRAFT,,,"A project manager has just been assigned a new project team and needs to assign tasks for an upcoming project quickly and effectively. To ensure that tasks are assigned to the right resources, what approach should you take?",,,A,,A.Distribute the tasks evenly because the team should all have equal skill sets.,,,FALSE,B,,B.Allocate the most complex tasks to the more senior members of the project team.,,,FALSE,C,,"C.Evaluate the background, experience, and capabilities of the team, then assign tasks.",,,TRUE,D,,D.Assign experienced team members to assist team members who lack experience.,,,FALSE,,,,,,,,,,,,,,,,,,,,,,,,,,,,,,,,,,,,,,,,,,,,,,,,,,,,,,,,,,,,,,,,,,,,,,,,,,,,,,,,,,,,,,,,,,,,,,,,
5d827b5b-86c5-4692-a446-096c6a7f0d66,exam-hall-03,SINGLE_CHOICE,DRAFT,,,Discussions during weekly project team meetings are frequently dominated by a senior team member who has a tendency to talk over other team members and openly criticize their point of view. This is causing demoralization of the other team members and resulting in lack of engagement during the meetings. What should the project manager do to address this issue?,,,A,,A.Remove the senior team member from the weekly meeting.,,,FALSE,B,,B.Organize a team-building activity that encourages finding solutions together.,,,FALSE,C,,C.Enforce the existing ground rules for team behavior.,,,TRUE,D,,D.Escalate the behavior of the senior team member to the functional manager.,,,FALSE,,,,,,,,,,,,,,,,,,,,,,,,,,,,,,,,,,,,,,,,,,,,,,,,,,,,,,,,,,,,,,,,,,,,,,,,,,,,,,,,,,,,,,,,,,,,,,,,
f6612bb1-1440-4653-801d-78eef6b66895,exam-hall-03,SINGLE_CHOICE,DRAFT,,,A project is in a key phase of execution and everyone is dedicated to achieving success. A functional manager suddenly takes away one of the key team members to respond to an emergency without communicating with the project manager. What should the project manager do first?,,,A,,A.Check the resource calendar to find another team member.,,,FALSE,B,,B.Report the situation to the project sponsor and executive management.,,,FALSE,C,,C.Communicate with the functional manager and request the return of the key member.,,,TRUE,D,,D.Review the impact to the project and schedule a meeting with the functional manager.,,,FALSE,,,,,,,,,,,,,,,,,,,,,,,,,,,,,,,,,,,,,,,,,,,,,,,,,,,,,,,,,,,,,,,,,,,,,,,,,,,,,,,,,,,,,,,,,,,,,,,,
8c319045-b12d-4ee1-9b55-9e9c3a8cb7ce,exam-hall-03,SINGLE_CHOICE,DRAFT,,,A remote project team consists of members from two countries. One of the teams is expecting to have three days off to celebrate a national holiday. The project manager tells the team that they must work during the holiday to achieve a key deliverable of the current iteration. The team is disgruntled and does not understand why they have to work if it is a national holiday. What should the project manager have clearly defined and communicated at the beginning of the project to avoid this?,,,A,,A.Team agreements,,,TRUE,B,,B.Milestones,,,FALSE,C,,C.Individual roles,,,FALSE,D,,D.Team hierarchy,,,FALSE,,,,,,,,,,,,,,,,,,,,,,,,,,,,,,,,,,,,,,,,,,,,,,,,,,,,,,,,,,,,,,,,,,,,,,,,,,,,,,,,,,,,,,,,,,,,,,,,
0b91defd-4723-4792-9899-6aa6f55d02bf,exam-hall-03,SINGLE_CHOICE,DRAFT,,,"A senior team member was very influential and played a crucial role in past projects. In this new project, the senior member no longer plays a crucial role and is demotivated. What should the project manager do to address this situation?",,,A,,A.Arrange a team meeting to discuss ways of increasing motivation.,,,FALSE,B,,B.Provide incentives to increase motivation.,,,FALSE,C,,C.Ask the functional manager to speak with the team member.,,,FALSE,D,,D.Arrange a one-on-one meeting with the team member.,,,TRUE,,,,,,,,,,,,,,,,,,,,,,,,,,,,,,,,,,,,,,,,,,,,,,,,,,,,,,,,,,,,,,,,,,,,,,,,,,,,,,,,,,,,,,,,,,,,,,,,
9b207c1e-76ef-44d2-bba3-14d185ba1251,exam-hall-03,SINGLE_CHOICE,DRAFT,,,"During product development, two functional departments indicate that they are short on resources and cannot build and deliver all the products on time. What should the project manager do to address this concern?",,,A,,A.Escalate the issue to the sponsor and request confirmation of the project scope.,,,FALSE,B,,B.Ask the functional manager to hire additional resources to meet the requirements.,,,FALSE,C,,C.Request team members work extra hours to meet the commercial needs.,,,FALSE,D,,D.Analyze the critical path to deliver the minimum viable product (MVP).,,,TRUE,,,,,,,,,,,,,,,,,,,,,,,,,,,,,,,,,,,,,,,,,,,,,,,,,,,,,,,,,,,,,,,,,,,,,,,,,,,,,,,,,,,,,,,,,,,,,,,,
d32acc38-4a66-4a42-8ce4-1980f3385e1a,exam-hall-03,SINGLE_CHOICE,DRAFT,,,A new project manager is hired to replace a project manager who was recently transferred to another project. The team members tell the new project manager that the project is behind schedule due to delays in document approvals from the customer. What should the project manager do first?,,,A,,A.Meet with the customer to discuss the delays and negotiate a new deadline.,,,FALSE,B,,B.Talk to the previous project manager to understand the situation better.,,,TRUE,C,,C.Reach out to the customer and request expedited document approvals.,,,FALSE,D,,D.Assess the impact of the delays on the project schedule and budget.,,,FALSE,,,,,,,,,,,,,,,,,,,,,,,,,,,,,,,,,,,,,,,,,,,,,,,,,,,,,,,,,,,,,,,,,,,,,,,,,,,,,,,,,,,,,,,,,,,,,,,,
bbb5dd7a-1cb7-4fde-aeeb-d5cc098a3fbe,exam-hall-03,SINGLE_CHOICE,DRAFT,,,A delivery team member is complaining about the workload and the number of top priorities they are handling. Another team member is complaining that they cannot do their own work due to the lack of progress from the first team member. They are both frustrated and the dispute is negatively impacting productivity and morale. What should the project manager do to improve team performance and resolve the underlying dispute?,,,A,,A.Find common ground to show them that they agree on workload issues.,,,FALSE,B,,B.Recognize that emotions are part of this issue and address them first.,,,TRUE,C,,C.Initiate conflict resolution techniques to identify which of them is to blame.,,,FALSE,D,,D.Employ stakeholder engagement mechanisms and escalate the situation.,,,FALSE,,,,,,,,,,,,,,,,,,,,,,,,,,,,,,,,,,,,,,,,,,,,,,,,,,,,,,,,,,,,,,,,,,,,,,,,,,,,,,,,,,,,,,,,,,,,,,,,
014b31ad-0662-4aef-85d7-e2792f5fec6c,exam-hall-03,SINGLE_CHOICE,DRAFT,,,"In the early stages of team formation, a project manager is unable to focus on the main tasks because team members are constantly asking for help to resolve conflicts regarding the interpretation of the client's requirements. What should the project manager do?",,,A,,A.Empower the team to resolve conflicts among themselves.,,,TRUE,B,,B.Spend time resolving these conflicts with the team.,,,FALSE,C,,C.Use the conflict resolution committee to help resolve these conflicts.,,,FALSE,D,,D.Escalate the conflicts to the program manager.,,,FALSE,,,,,,,,,,,,,,,,,,,,,,,,,,,,,,,,,,,,,,,,,,,,,,,,,,,,,,,,,,,,,,,,,,,,,,,,,,,,,,,,,,,,,,,,,,,,,,,,
71fe2b76-620e-424b-b533-10a1cc83effc,exam-hall-03,SINGLE_CHOICE,DRAFT,,,"A new project involving team members from two countries has just begun. Due to a time difference, one site finishes work an hour after the other site starts for the day. What should the project manager do to promote communication between the two sites?",,,A,,A.Praise the team members who are available after hours.,,,FALSE,B,,B.Schedule online meetings during the overlapping hours.,,,TRUE,C,,C.Ask the team members to adhere to uniform working hours.,,,FALSE,D,,D.Draft a team charter to establish a decision-making method.,,,FALSE,,,,,,,,,,,,,,,,,,,,,,,,,,,,,,,,,,,,,,,,,,,,,,,,,,,,,,,,,,,,,,,,,,,,,,,,,,,,,,,,,,,,,,,,,,,,,,,,
b540444d-e4db-4b71-8342-adf9094bc37a,exam-hall-03,SINGLE_CHOICE,DRAFT,,,"A large-scale project has been consistently progressing. However, the team is experiencing difficulties in completing some complex stories and maintaining velocity. The project manager discovers that inefficient collaboration has led to misunderstandings and frustrations. What should the project manager do to enhance the team's performance?",,,A,,A.Focus on servant leadership.,,,FALSE,B,,B.Perform a root cause analysis.,,,FALSE,C,,C.Seek insight from a mentor.,,,FALSE,D,,D.Improve team communications.,,,TRUE,,,,,,,,,,,,,,,,,,,,,,,,,,,,,,,,,,,,,,,,,,,,,,,,,,,,,,,,,,,,,,,,,,,,,,,,,,,,,,,,,,,,,,,,,,,,,,,,
4ab128a8-0f46-40d0-bbed-f6f73cbb70e1,exam-hall-03,SINGLE_CHOICE,DRAFT,,,A project manager is leading a project that follows the company's predictive approach. The project manager discovers that the project is behind schedule and over budget because a key stakeholder has been submitting an unusually high number of change requests. What should the project manager do to help the company achieve its desired project outcomes?,,,A,,A.Review the risk management plan to determine a mitigation plan.,,,FALSE,B,,B.Use the contingency reserve to implement a fast-track activity.,,,FALSE,C,,C.Review the change control process and implement improvements.,,,TRUE,D,,D.Escalate the problem with the stakeholder to the project sponsor.,,,FALSE,,,,,,,,,,,,,,,,,,,,,,,,,,,,,,,,,,,,,,,,,,,,,,,,,,,,,,,,,,,,,,,,,,,,,,,,,,,,,,,,,,,,,,,,,,,,,,,,
d8661058-216c-4d93-9916-9b6c7e0d6125,exam-hall-03,SINGLE_CHOICE,DRAFT,,,"A project is in the implementation phase. A new project manager discovers that the team members have no previous experience with the technology used for the project. However, there are several functional managers that have experience with the technology. What should the project manager do first to ensure the successful performance of the team?",,,A,,A.Ask functional managers to act as mentors or coaches for the team.,,,TRUE,B,,B.Request that the sponsor substitute experienced team members.,,,FALSE,C,,C.Identify the risks associated with team members' inexperience.,,,FALSE,D,,D.Develop status reports to monitor the team's skills and competencies.,,,FALSE,,,,,,,,,,,,,,,,,,,,,,,,,,,,,,,,,,,,,,,,,,,,,,,,,,,,,,,,,,,,,,,,,,,,,,,,,,,,,,,,,,,,,,,,,,,,,,,,
28ac4413-e462-4732-a7a0-41036a14e8a5,exam-hall-03,SINGLE_CHOICE,DRAFT,,,"A project manager is assigned a complex project with significant legal, regulatory, and contractual requirements. However, these requirements have not yet been defined or finalized. Concerns exist regarding a delay in completing these requirements. What should the project manager do?",,,A,,A.Focus on the project deliverables instead as it is not the project manager's responsibility to fulfill these requirements.,,,FALSE,B,,B.Contact the product owner and highlight the project risks related to the delay in fulfilling these requirements on time.,,,FALSE,C,,C.Meet with the product owner and the legal department to review the project status and the progress in defining these requirements.,,,TRUE,D,,"D.Delay the finalization of the legal, regulatory, and contractual requirements until the end of the project, and before the go-live date.",,,FALSE,,,,,,,,,,,,,,,,,,,,,,,,,,,,,,,,,,,,,,,,,,,,,,,,,,,,,,,,,,,,,,,,,,,,,,,,,,,,,,,,,,,,,,,,,,,,,,,,
912084d7-f10f-42a8-8d61-338a9a11ffa9,exam-hall-03,SINGLE_CHOICE,DRAFT,,,A project manager is leading a hybrid project with a self-organizing team. The team is unable to agree on the scope for the next increment. How should the project manager resolve this issue?,,,A,,A.Facilitate a team discussion to understand why the team is unable to agree on the scope for the next increment.,,,TRUE,B,,B.Escalate the issue to the project sponsor so that the risk posed by the disagreements over scope becomes visible.,,,FALSE,C,,C.Collaborate with a suitable subject matter expert (SME) to determine the scope for the next increment.,,,FALSE,D,,D.Request that the team votes on the options and identify the appropriate scope based on a majority vote.,,,FALSE,,,,,,,,,,,,,,,,,,,,,,,,,,,,,,,,,,,,,,,,,,,,,,,,,,,,,,,,,,,,,,,,,,,,,,,,,,,,,,,,,,,,,,,,,,,,,,,,
7801551b-d387-4d22-8867-039aebbd7754,exam-hall-03,SINGLE_CHOICE,DRAFT,,,The construction of a building is well-defined through plans and written specifications. The service is to be delivered in two years in a high-inflation environment. What contract type should the project manager use?,,,A,,A.Cost plus incentive fee (CPIF) contract,,,FALSE,B,,B.Firm fixed price (FFP) contract,,,FALSE,C,,C.Fixed price with economic price adjustment (FPEPA) contract,,,TRUE,D,,D.Time and materials (T&M) contract,,,FALSE,,,,,,,,,,,,,,,,,,,,,,,,,,,,,,,,,,,,,,,,,,,,,,,,,,,,,,,,,,,,,,,,,,,,,,,,,,,,,,,,,,,,,,,,,,,,,,,,
35cfefa0-1139-4532-a8a6-19acf1a212ac,exam-hall-03,SINGLE_CHOICE,DRAFT,,,The first iteration of an agile project consists of a minimum viable product (MVP) that is now successfully completed. The team members are eager to hand the product over to the customer. How should the product be confirmed as ready for customer use?,,,A,,A.The scrum master determines that all requirements are satisfied.,,,FALSE,B,,B.The project team agrees the MVP meets the definition of done (DoD).,,,TRUE,C,,C.The senior manager and customer approve and accept the product.,,,FALSE,D,,D.The product owner decides that the MVP passes all required quality tests.,,,FALSE,,,,,,,,,,,,,,,,,,,,,,,,,,,,,,,,,,,,,,,,,,,,,,,,,,,,,,,,,,,,,,,,,,,,,,,,,,,,,,,,,,,,,,,,,,,,,,,,
2b964dc8-13d8-4218-a8ea-b7692011d694,exam-hall-03,SINGLE_CHOICE,DRAFT,,,"An agile project manager based in country A is working with a development team and business analyst in country B, and a quality assurance team in country C. During the second sprint, it becomes apparent that all of the test cases have failed. The agile facilitator ascertains that the business analyst changed the acceptance criteria of the stories and only communicated these changes to their local team. What should the agile project manager implement going forward to prevent this from recurring?",,,A,,A.Password protection on the user stories,,,FALSE,B,,B.Signed change control documentation,,,FALSE,C,,C.Automated change notifications from the user story tool,,,FALSE,D,,D.Backlog grooming,,,TRUE,,,,,,,,,,,,,,,,,,,,,,,,,,,,,,,,,,,,,,,,,,,,,,,,,,,,,,,,,,,,,,,,,,,,,,,,,,,,,,,,,,,,,,,,,,,,,,,,
bc467e52-da56-45a8-b4ea-1d9d1e889232,exam-hall-03,SINGLE_CHOICE,DRAFT,,,"A project manager is managing several interconnected projects. Some of these projects rely on specific deliverables from other projects. To avoid bottlenecks and facilitate project success, the project manager must assess the consolidated project plans for dependencies. What is the most appropriate action for the project manager to take in this situation?",,,A,,A.Identify and document all inter-project dependencies.,,,TRUE,B,,B.Adjust project timelines to remove dependencies.,,,FALSE,C,,C.Eliminate all potential inter-project dependencies.,,,FALSE,D,,D.Ensure that all projects can proceed independently.,,,FALSE,,,,,,,,,,,,,,,,,,,,,,,,,,,,,,,,,,,,,,,,,,,,,,,,,,,,,,,,,,,,,,,,,,,,,,,,,,,,,,,,,,,,,,,,,,,,,,,,
ad58a624-9d58-43b3-a58b-ebace6dc4a95,exam-hall-03,SINGLE_CHOICE,DRAFT,,,A company in a heavily regulated industry is planning to release a new product not previously available in the market. The CEO has asked the project manager to propose a way to ensure that competitors in the industry do not enter the market of this product before this company. Which project delivery approach should the project manager use?,,,A,,A.Use a predictive approach as the company has previous experience with it.,,,FALSE,B,,B.Include adequate resources in the budget to fast track the project.,,,FALSE,C,,"C.Implement iterations early in the product development processes, and schedule predictive tasks to be performed just before the rollout phase.",,,TRUE,D,,D.Request an agile coach be included on the agile team to increase the speed of the releases.,,,FALSE,,,,,,,,,,,,,,,,,,,,,,,,,,,,,,,,,,,,,,,,,,,,,,,,,,,,,,,,,,,,,,,,,,,,,,,,,,,,,,,,,,,,,,,,,,,,,,,,
0c5df68b-bce8-4bca-a6bb-bb7d1b2262a3,exam-hall-03,SINGLE_CHOICE,DRAFT,,,"During the testing phase of a project, a team member finds that some requirements were not met. If the project now adds work to meet the requirements, it may cause a large time and cost overrun. What should the project manager do first?",,,A,,A.Escalate the issue to top management.,,,FALSE,B,,B.Perform an impact analysis.,,,TRUE,C,,C.Call for a stakeholder meeting.,,,FALSE,D,,D.Update the risk register.,,,FALSE,,,,,,,,,,,,,,,,,,,,,,,,,,,,,,,,,,,,,,,,,,,,,,,,,,,,,,,,,,,,,,,,,,,,,,,,,,,,,,,,,,,,,,,,,,,,,,,,
e607c6be-f6f1-41d7-8225-8ecc7a3a9c7d,exam-hall-03,SINGLE_CHOICE,DRAFT,,,"A new team is formed for an agile project, in which members are located in three different countries and five time zones. What should the project manager do first to ensure effective communication among team members?",,,A,,A.Schedule a virtual meeting and introduce the team members.,,,FALSE,B,,B.Establish guidelines for team communications.,,,TRUE,C,,C.Set up recurring meetings until all team members are familiar with each other.,,,FALSE,D,,D.Colocate the team members for a short duration to enhance communications.,,,FALSE,,,,,,,,,,,,,,,,,,,,,,,,,,,,,,,,,,,,,,,,,,,,,,,,,,,,,,,,,,,,,,,,,,,,,,,,,,,,,,,,,,,,,,,,,,,,,,,,
78558b94-f401-4479-be54-f25f79bcfa6c,exam-hall-03,SINGLE_CHOICE,DRAFT,,,"A project team using a hybrid approach is producing both predictive and incremental deliverables simultaneously. The communications management plan states that written communications are preferred over other types. Problems arise daily regarding the incremental tasks; however, the email backlog is becoming increasingly and unnecessarily complex. What should the project manager do?",,,A,,A.Adopt face-to-face conversations during sprints.,,,TRUE,B,,B.Adopt judicial communications during sprints.,,,FALSE,C,,C.Adopt disruptive communications during sprints.,,,FALSE,D,,D.Adopt formal conversations during sprints.,,,FALSE,,,,,,,,,,,,,,,,,,,,,,,,,,,,,,,,,,,,,,,,,,,,,,,,,,,,,,,,,,,,,,,,,,,,,,,,,,,,,,,,,,,,,,,,,,,,,,,,
682cec77-8bef-4443-b3c0-e4df97f2d566,exam-hall-03,SINGLE_CHOICE,DRAFT,,,"Company A is moving from a predictive approach to an agile one. After the second incremental release of project X, the product owner expresses disappointment with the prototype results and wants to escalate the project to upper management and request a new team. Because of this, the team members start blaming each other and the new agile approach for the product owner's perception of the project. How should the project manager resolve the team's differences?",,,A,,A.Follow the conflict resolution process documented in the project charter.,,,FALSE,B,,B.Use retrospective sessions to allow the team to determine the cause of the dispute.,,,TRUE,C,,C.Revisit the project vision with the team to ensure that the project goal is understood.,,,FALSE,D,,D.Review the definition of done (DoD) with the product owner and determine the cause of the gap.,,,FALSE,,,,,,,,,,,,,,,,,,,,,,,,,,,,,,,,,,,,,,,,,,,,,,,,,,,,,,,,,,,,,,,,,,,,,,,,,,,,,,,,,,,,,,,,,,,,,,,,
5043f295-3159-4b9c-bf3c-21b4fb49e957,exam-hall-03,SINGLE_CHOICE,DRAFT,,,"At the beginning of an agile project, the project manager is developing the project charter with the team. They are unable to agree on the team values. What should the project manager discuss with the team to address the conflict?",,,A,,A.Sustainable pace,,,TRUE,B,,B.Definition of done (DoD),,,FALSE,C,,C.Respecting the timebox,,,FALSE,D,,D.Project ceremonies,,,FALSE,,,,,,,,,,,,,,,,,,,,,,,,,,,,,,,,,,,,,,,,,,,,,,,,,,,,,,,,,,,,,,,,,,,,,,,,,,,,,,,,,,,,,,,,,,,,,,,,
9ca00be8-ca99-4270-8820-a335c2df4ae1,exam-hall-03,SINGLE_CHOICE,DRAFT,,,"A team is working on a new product development project using a hybrid approach. After the fourth sprint, they learn that the exchange rate for imported goods will increase significantly. What should the project manager do in order to make sure the final product gets launched on time and as defined?",,,A,,A.Work with the stakeholders to develop incremental budgeting approaches.,,,TRUE,B,,B.Reduce the product’s specifications to use less imported material.,,,FALSE,C,,C.Spend the extra money and plan to compensate for it in the next sprint.,,,FALSE,D,,D.Review the backlog to see the impact of a budget increase.,,,FALSE,,,,,,,,,,,,,,,,,,,,,,,,,,,,,,,,,,,,,,,,,,,,,,,,,,,,,,,,,,,,,,,,,,,,,,,,,,,,,,,,,,,,,,,,,,,,,,,,
eecc3ca7-dd77-4d16-a199-89e831e38eb7,exam-hall-03,SINGLE_CHOICE,DRAFT,,,"In a hybrid project, the need for customer involvement throughout the project is not understood by the customer. As a consequence, rework is beyond acceptable levels. What should the project manager do to address this issue?",,,A,,A.Submit a change request to obtain the required involvement from the customer.,,,FALSE,B,,B.Add this customer issue to the backlog for prioritization and review.,,,FALSE,C,,C.Meet with the customer to highlight the importance of their engagement for project success.,,,TRUE,D,,D.Instruct senior management to make the customer work closely with the team.,,,FALSE,,,,,,,,,,,,,,,,,,,,,,,,,,,,,,,,,,,,,,,,,,,,,,,,,,,,,,,,,,,,,,,,,,,,,,,,,,,,,,,,,,,,,,,,,,,,,,,,
0b077dea-9929-4316-aac6-7e9179c9d8b9,exam-hall-03,SINGLE_CHOICE,DRAFT,,,A project is in the planning phase and requires tremendous time and effort for data collection and analysis. The project sponsor asks the project manager to skip a planned focus group discussion and brainstorming sessions in an effort to accelerate the process. What should the project manager do next?,,,A,,A.Report the issue to the project steering committee.,,,FALSE,B,,B.Acknowledge the project sponsor's request and skip the sessions.,,,FALSE,C,,C.Tell the project sponsor that skipping the sessions will jeopardize the project.,,,FALSE,D,,D.Meet with the project sponsor to understand the reasons for the time constraints.,,,TRUE,,,,,,,,,,,,,,,,,,,,,,,,,,,,,,,,,,,,,,,,,,,,,,,,,,,,,,,,,,,,,,,,,,,,,,,,,,,,,,,,,,,,,,,,,,,,,,,,
dd75aeb5-e050-4a0e-88cd-42dfdf6da798,exam-hall-03,SINGLE_CHOICE,DRAFT,,,"At the end of a large project, the stakeholders realize that the achieved benefits are not the same as the expected benefits. Which item, if poorly defined at the start of the project, could have led to this issue?",,,A,,A.Requirements documentation,,,FALSE,B,,B.Project scope,,,FALSE,C,,C.Business case,,,FALSE,D,,D.Benefits metrics,,,TRUE,,,,,,,,,,,,,,,,,,,,,,,,,,,,,,,,,,,,,,,,,,,,,,,,,,,,,,,,,,,,,,,,,,,,,,,,,,,,,,,,,,,,,,,,,,,,,,,,
76f3f3d3-a36c-4d1d-b285-924185a5051b,exam-hall-03,SINGLE_CHOICE,DRAFT,,,"As part of a temporary assignment, a project manager is leading a business project. During a daily status meeting, it was discovered that the development team had not completed a critical task. This issue is delaying the current iteration. The ability to take the actions needed to address this issue is beyond the authority of the project team. What should the project manager do?",,,A,,A.Delay the current iteration and inform the stakeholders of the issue.,,,FALSE,B,,B.Invite the project team to a swarming session to define a solution.,,,FALSE,C,,C.Adjust the project timeline to accommodate the development delay.,,,FALSE,D,,D.Escalate the issue to the project sponsor to define the next steps.,,,TRUE,,,,,,,,,,,,,,,,,,,,,,,,,,,,,,,,,,,,,,,,,,,,,,,,,,,,,,,,,,,,,,,,,,,,,,,,,,,,,,,,,,,,,,,,,,,,,,,,
6b3c9e97-01de-40b3-8226-2c1b84007bcc,exam-hall-03,SINGLE_CHOICE,DRAFT,,,Two project managers are working on resourcing their respective projects. Both project managers identified the same subject matter expert (SME) as being beneficial to their project. Project A is using a predictive approach and Project B is using an agile approach. To which project should the SME be allocated?,,,A,,A.The SME should be assigned to Project A because project planning was based on the support of the SME.,,,FALSE,B,,B.The SME should be assigned to Project B because success in an agile project is determined by technical excellence.,,,FALSE,C,,C.The SME should be assigned to the project with the less experienced project manager to improve the likelihood of success.,,,FALSE,D,,D.The SME should be assigned to Project B because agile approaches prioritize flexibility and adaptability.,,,TRUE,,,,,,,,,,,,,,,,,,,,,,,,,,,,,,,,,,,,,,,,,,,,,,,,,,,,,,,,,,,,,,,,,,,,,,,,,,,,,,,,,,,,,,,,,,,,,,,,
23fbf604-e140-40e2-bdd3-0ef95a091f50,exam-hall-03,SINGLE_CHOICE,DRAFT,,,A senior stakeholder was invited to a sprint review meeting and asked a project team member to describe the final product that the project will deliver. The team member was unable to respond and deferred the question to a more senior member of the team. What should have been done differently in this situation?,,,A,,A.The team member should have advised the stakeholder to ask the scrum master.,,,FALSE,B,,B.The team member should have advised the stakeholder to ask the product owner.,,,TRUE,C,,C.The stakeholder should have held their questions until the next sprint review meeting.,,,FALSE,D,,D.The stakeholder should have directed their questions to the project manager.,,,FALSE,,,,,,,,,,,,,,,,,,,,,,,,,,,,,,,,,,,,,,,,,,,,,,,,,,,,,,,,,,,,,,,,,,,,,,,,,,,,,,,,,,,,,,,,,,,,,,,,
af26d518-5711-4f02-b115-480777c422f3,exam-hall-03,SINGLE_CHOICE,DRAFT,,,"During a hybrid project, a project manager reviews the project team's performance and realizes that the team's velocity is not fast enough to meet the next review gate goal. What should the project manager do?",,,A,,A.Prioritize the contents of the backlog and remove some stories.,,,FALSE,B,,B.Increase the sprint duration to allow the team more time.,,,FALSE,C,,C.Use the daily coordination meeting to assess impediments and problems.,,,TRUE,D,,D.Create a change request to modify the review gate goals.,,,FALSE,,,,,,,,,,,,,,,,,,,,,,,,,,,,,,,,,,,,,,,,,,,,,,,,,,,,,,,,,,,,,,,,,,,,,,,,,,,,,,,,,,,,,,,,,,,,,,,,
5fcfdbf0-19fe-404b-8789-0a6ae76bc9e7,exam-hall-03,MULTIPLE_CHOICE,DRAFT,,,A project manager is developing a project management plan. The project duration is set for three months due to regulatory compliance and dependency on senior staff. Which two project objectives should be defined well enough to be included in the project management plan? (Choose two),,,A,,A.Improve the processes and reduce rework by keeping senior staff turnover to a minimum level.,,,TRUE,B,,B.Develop detailed process maps to align operational activities with the new software system.,,,FALSE,C,,C.Enhance the development process by redesigning new templates for the design documentation.,,,TRUE,D,,D.Reduce the company's environmental footprint by using detailed recycling guidelines for all employees.,,,FALSE,E,,E.Identify training needs and create a development plan to complete the delivery in three months.,,,FALSE,,,,,,,,,,,,,,,,,,,,,,,,,,,,,,,,,,,,,,,,,,,,,,,,,,,,,,,,,,,,,,,,,,,,,,,,,,,,,,,,,,,,,,,,,,
83517068-ff25-4f24-8ac7-7c430ca0635e,exam-hall-03,SINGLE_CHOICE,DRAFT,,,"At the first meeting about a road construction project, the project manager reminds the team of the importance of observing all rules when carrying out their duties and interacting with stakeholders. Later in the project, team members start coming to meetings late and do not follow other ground rules. To ensure the project outcomes and schedule are not affected, what should the project manager do next?",,,A,,A.Address the issue with the specific team members who violated the ground rules.,,,TRUE,B,,B.Remove the team members who violated the ground rules.,,,FALSE,C,,C.Promote all team members who do not violate any ground rules.,,,FALSE,D,,D.Allow the team to investigate any team members who violate the ground rules.,,,FALSE,,,,,,,,,,,,,,,,,,,,,,,,,,,,,,,,,,,,,,,,,,,,,,,,,,,,,,,,,,,,,,,,,,,,,,,,,,,,,,,,,,,,,,,,,,,,,,,,
9a5be947-4166-483f-a942-2cad38961576,exam-hall-03,SINGLE_CHOICE,DRAFT,,,"A project manager is assigned to a mobile application development project. The project manager realizes that an agile approach is better suited for the project, but most of the team is not experienced in agile approaches.

What should the project manager do next if the organization is open to using an agile approach?",,,A,,A.Request that the project be reassigned to a project team with agile experience.,,,FALSE,B,,B.Ask to replace the team members who have never used agile approaches.,,,FALSE,C,,C.Arrange training on agile principles and mindset for the existing project team.,,,TRUE,D,,D.Use a predictive approach since the project team is already familiar with that approach.,,,FALSE,,,,,,,,,,,,,,,,,,,,,,,,,,,,,,,,,,,,,,,,,,,,,,,,,,,,,,,,,,,,,,,,,,,,,,,,,,,,,,,,,,,,,,,,,,,,,,,,
0c7b14de-9138-489f-bade-fb88d1257ba2,exam-hall-03,SINGLE_CHOICE,DRAFT,,,"Due to the complex nature of a predictive project, an organization decides to use an agile approach for a project phase. A team member does not really understand the agile approach and keeps allocating tasks to the rest of the team members. After a while, the team is not able to adjust by itself and conflicts arise, delaying the deliverables. What should the project manager do?",,,A,,A.Replace the team member with someone who has agile experience.,,,FALSE,B,,B.Wait until the team is finally able to solve the conflict by itself and reorganize.,,,FALSE,C,,C.Reaffirm the principles and roles of agile to create structures that the team can use.,,,TRUE,D,,D.Take control of the sprint backlog and assign tasks to the team members.,,,FALSE,,,,,,,,,,,,,,,,,,,,,,,,,,,,,,,,,,,,,,,,,,,,,,,,,,,,,,,,,,,,,,,,,,,,,,,,,,,,,,,,,,,,,,,,,,,,,,,,
6446c090-cbeb-43d0-be6b-e532a94d51f1,exam-hall-03,SINGLE_CHOICE,DRAFT,,,"A multi-year project is underway, and a key resource announces that they are retiring. The project manager is concerned about the impact on the project and has identified that several critical tasks will be affected. What should the project manager do?",,,A,,A.Require the remaining team members to work additional hours to complete the impacted tasks.,,,FALSE,B,,B.Inform the stakeholders that the resource’s tasks will not be completed on time.,,,FALSE,C,,C.Work with the resource manager to identify and train a replacement for the retiring resource.,,,TRUE,D,,D.Encourage the retiring team member to postpone retirement to avoid disrupting the project.,,,FALSE,,,,,,,,,,,,,,,,,,,,,,,,,,,,,,,,,,,,,,,,,,,,,,,,,,,,,,,,,,,,,,,,,,,,,,,,,,,,,,,,,,,,,,,,,,,,,,,,
c4c2af98-a8e3-4d8a-a508-a1a4c7bcc12a,exam-hall-03,SINGLE_CHOICE,DRAFT,,,An events company is planning a new event for a client that holds biannual conferences. The project is being managed by a new project manager who has reviewed the lessons learned log from the last event and is concerned that a past issue may reoccur. How should the project manager proceed?,,,A,,A.Identify the root cause and consult with stakeholders.,,,TRUE,B,,B.Handle the issue if it arises during the event planning.,,,FALSE,C,,C.Recommend rescheduling the upcoming conference.,,,FALSE,D,,D.Implement the same strategies used in the last event.,,,FALSE,,,,,,,,,,,,,,,,,,,,,,,,,,,,,,,,,,,,,,,,,,,,,,,,,,,,,,,,,,,,,,,,,,,,,,,,,,,,,,,,,,,,,,,,,,,,,,,,
6d9f0355-da86-4594-9440-7f0dc6eb68f7,exam-hall-03,SINGLE_CHOICE,DRAFT,,,"A gas pipeline construction project was planned for completion in 36 months. After 24 months, the project was suspended by the local government authorities, citing a breach of social impact procedures. What should the project manager have done to avoid this?",,,A,,A.Developed a contingency plan in case of suspension by the local government.,,,FALSE,B,,B.Reviewed local regulations and procedures and planned for them accordingly.,,,TRUE,C,,C.Requested additional resources to expedite the construction after the suspension.,,,FALSE,D,,D.Established a regular communication channel with the local government.,,,FALSE,,,,,,,,,,,,,,,,,,,,,,,,,,,,,,,,,,,,,,,,,,,,,,,,,,,,,,,,,,,,,,,,,,,,,,,,,,,,,,,,,,,,,,,,,,,,,,,,
8f714fec-982d-403a-ac30-9d4535d7c451,exam-hall-03,SINGLE_CHOICE,DRAFT,,,The sponsor for a multimillion-dollar project has just called the project manager for a crisis meeting. The client submitted a formal request to drastically compress the schedule in order to meet a legal deadline. What should the project manager do to prepare for the meeting?,,,A,,A.Initiate procedures to fast-track the project.,,,FALSE,B,,B.Implement the required changes to the project schedule.,,,FALSE,C,,C.Analyze tools to crash the project activities.,,,FALSE,D,,D.Prepare a change impact assessment report for review.,,,TRUE,,,,,,,,,,,,,,,,,,,,,,,,,,,,,,,,,,,,,,,,,,,,,,,,,,,,,,,,,,,,,,,,,,,,,,,,,,,,,,,,,,,,,,,,,,,,,,,,
9d7c95c9-f479-42e0-9839-5d01f53ccb74,exam-hall-03,SINGLE_CHOICE,DRAFT,,,"The lead sales manager and team are unable to submit a project status report on time for the new sales report integration project. Additionally, the report does not meet the expectations highlighted in the group review meetings. What should the project manager do first?",,,A,,A.Evaluate the team's understanding of the action plan by requesting their feedback.,,,TRUE,B,,B.Confirm the plan is documented and shared among the team and stakeholders.,,,FALSE,C,,C.Increase the frequency of the team meetings for the status report submission.,,,FALSE,D,,D.Ensure that team members are provided with more time to deliberate and plan.,,,FALSE,,,,,,,,,,,,,,,,,,,,,,,,,,,,,,,,,,,,,,,,,,,,,,,,,,,,,,,,,,,,,,,,,,,,,,,,,,,,,,,,,,,,,,,,,,,,,,,,
472daef6-7d24-4498-b79b-aec47033c3cf,exam-hall-03,SINGLE_CHOICE,DRAFT,,,A project sponsor is increasingly anxious about the value returned from the investment made in a project and wants to ensure that the original dates are met. What should the project manager do to convince the sponsor that the project is on track?,,,A,,A.Emphasize the value delivered at the phase gate.,,,FALSE,B,,B.Increase the number of project status reports.,,,FALSE,C,,C.Present past forecasts and current performance.,,,TRUE,D,,D.Invite the project sponsor to daily project meetings.,,,FALSE,,,,,,,,,,,,,,,,,,,,,,,,,,,,,,,,,,,,,,,,,,,,,,,,,,,,,,,,,,,,,,,,,,,,,,,,,,,,,,,,,,,,,,,,,,,,,,,,
b623a108-8a75-4dce-9d9d-c30cb7b8391d,exam-hall-03,SINGLE_CHOICE,DRAFT,,,"A project manager is assigned to redesign a store's point-of-sale system. The team is currently testing the new functionality when a key stakeholder proposes a change. The change can bring a significant benefit and increase customer satisfaction, but it also requires more resources. What actions should the project manager take?",,,A,,A.Stop the testing and schedule a meeting to review the proposed changes with the resources.,,,FALSE,B,,B.Complete testing while the project manager meets with the key stakeholder to review the proposed changes.,,,FALSE,C,,"C.Document the proposed changes and assess any impact on time, cost, and resources.",,,TRUE,D,,D.Postpone the proposed changes and allow the team to complete the testing and implementation activities.,,,FALSE,,,,,,,,,,,,,,,,,,,,,,,,,,,,,,,,,,,,,,,,,,,,,,,,,,,,,,,,,,,,,,,,,,,,,,,,,,,,,,,,,,,,,,,,,,,,,,,,
3b7e90c0-3b06-4cce-9f66-846939ff7113,exam-hall-03,SINGLE_CHOICE,DRAFT,,,"A project is currently behind schedule when a new team member, known for their high performance, is assigned to the team. While assessing the new team member, the project manager realizes that the individual lacks training for the specific project but has the skills and relevant experience to join the team. What should the project manager do?",,,A,,A.Ensure that the team member receives training before joining the team.,,,FALSE,B,,B.Assign the new team member to critical activities under close monitoring while they receive training.,,,FALSE,C,,C.Assign the new team member to noncritical activities without close monitoring while training is provided.,,,TRUE,D,,D.Decline the addition of the new team member to the team.,,,FALSE,,,,,,,,,,,,,,,,,,,,,,,,,,,,,,,,,,,,,,,,,,,,,,,,,,,,,,,,,,,,,,,,,,,,,,,,,,,,,,,,,,,,,,,,,,,,,,,,
e0b12072-75f8-44f9-888e-ce6f097ae06d,exam-hall-03,SINGLE_CHOICE,DRAFT,,,"While attending a governance meeting with upper management, a project manager is verbally informed about an impending external audit of selected projects. The audit will enable the organization to maintain its quality certification. What should the project manager do first to prepare for the audit?",,,A,,A.Update all relevant project documentation with the current status of the project.,,,FALSE,B,,B.Put the project on hold to ensure full compliance with the auditing process.,,,FALSE,C,,C.Contact the auditors to understand the scope and requirements of the audit.,,,TRUE,D,,D.Meet with the team and inform them of the scope and requirements of the audit.,,,FALSE,,,,,,,,,,,,,,,,,,,,,,,,,,,,,,,,,,,,,,,,,,,,,,,,,,,,,,,,,,,,,,,,,,,,,,,,,,,,,,,,,,,,,,,,,,,,,,,,
a269f56e-b7b0-4c6b-9359-2c1ed5c16562,exam-hall-03,SINGLE_CHOICE,DRAFT,,,"A global, cross-functional team has been assembled to deliver a multinational initiative. What should the project manager do to ensure that there is full team participation throughout the project?",,,A,,A.Coordinate time zone information and agree to meeting times.,,,TRUE,B,,B.Ensure software is delivered in multiple languages.,,,FALSE,C,,C.Translate the project documentation.,,,FALSE,D,,D.Provide guidance on common tools and practices.,,,FALSE,,,,,,,,,,,,,,,,,,,,,,,,,,,,,,,,,,,,,,,,,,,,,,,,,,,,,,,,,,,,,,,,,,,,,,,,,,,,,,,,,,,,,,,,,,,,,,,,
10a0d047-fe8c-4bcc-ad66-2a3f9eda579f,exam-hall-03,SINGLE_CHOICE,DRAFT,,,"During a meeting, a team member on a construction project presents a proposal to the project manager. The proposal states that dividing the project into two phases will mitigate the risk of delays. The first phase would result in a minimum viable product (MVP) that would provide the client with early benefits. This would limit the extent of the damages and other cost overruns by 90%. What should the project manager do next?",,,A,,A.Conduct a feasibility study to assess the risks and benefits of the proposal.,,,FALSE,B,,B.Reject the proposal and continue with the project as initially planned.,,,FALSE,C,,C.Instruct the team to implement the proposed changes without further review.,,,FALSE,D,,D.Discuss the proposal with the client and other stakeholders to get their input.,,,TRUE,,,,,,,,,,,,,,,,,,,,,,,,,,,,,,,,,,,,,,,,,,,,,,,,,,,,,,,,,,,,,,,,,,,,,,,,,,,,,,,,,,,,,,,,,,,,,,,,
e1be3b6f-732d-452d-b29a-51cd85e2b74b,exam-hall-03,SINGLE_CHOICE,DRAFT,,,"A project manager is managing a project for a successful startup. The startup has shown exponential growth with multiple benefits to the team members, including flexible work hours and a work-from-home policy. During the last retrospective, one of the team members noted that the team velocity improved when the team was physically gathered in the project room. What should the project manager do?",,,A,,A.Gather feedback and analyze the impact of physical location on team velocity.,,,TRUE,B,,B.Refine the backlog to improve team velocity and maintain current policies.,,,FALSE,C,,C.Share the idea with senior management and suggest updating company policies.,,,FALSE,D,,D.Update the resource management plan and team charter to promote colocation.,,,FALSE,,,,,,,,,,,,,,,,,,,,,,,,,,,,,,,,,,,,,,,,,,,,,,,,,,,,,,,,,,,,,,,,,,,,,,,,,,,,,,,,,,,,,,,,,,,,,,,,
a45985a6-6f9e-4897-a6f8-4faa0d1be8ab,exam-hall-03,SINGLE_CHOICE,DRAFT,,,"A project manager works for a company involved in complex turnkey projects. During a team assessment, the project manager finds that overall performance is negatively impacted because the team has trouble adjusting to frequent changes in project requirements and status. What should the project manager do to ensure the team is better equipped to adjust to change?",,,A,,A.Request that the sponsor communicate directly with the project team.,,,FALSE,B,,B.Communicate with stakeholders regularly to avoid frequent changes.,,,FALSE,C,,C.Provide one-on-one guidance to each team member on a consistent basis.,,,FALSE,D,,D.Establish clear and consistent communication channels and protocols.,,,TRUE,,,,,,,,,,,,,,,,,,,,,,,,,,,,,,,,,,,,,,,,,,,,,,,,,,,,,,,,,,,,,,,,,,,,,,,,,,,,,,,,,,,,,,,,,,,,,,,,
66518111-5a4d-4e74-9ac4-d2f2ef85c19d,exam-hall-03,SINGLE_CHOICE,DRAFT,,,"A project manager communicates with a key stakeholder via phone calls only, as indicated in the communication management plan. Three weeks into the execution of a project, the project manager begins receiving an increasing amount of redundant ad-hoc communication requests from that stakeholder. How should the project manager address this issue?",,,A,,A.Continue with phone call communication as it has been effective so far.,,,FALSE,B,,B.Meet with the stakeholder to discuss their communication needs and expectations.,,,TRUE,C,,C.Send an email to the stakeholder requesting a change in communication approach.,,,FALSE,D,,D.Assign a team member to act as a liaison between the project manager and the stakeholder.,,,FALSE,,,,,,,,,,,,,,,,,,,,,,,,,,,,,,,,,,,,,,,,,,,,,,,,,,,,,,,,,,,,,,,,,,,,,,,,,,,,,,,,,,,,,,,,,,,,,,,,
5e3c9401-c6d5-4ba5-af51-cca3de5080e8,exam-hall-03,SINGLE_CHOICE,DRAFT,,,"During a product acceptance test for a project, the project sponsor tells the project manager that the deliverable will only pass if the theme color is changed from red to blue. The project manager reviewed the planning documents and confirmed that the theme color should be red. The sponsor insists that the color be changed to blue. What should the project manager do next?",,,A,,A.Suggest that the project sponsor submit a formal change request to change the requirement for the theme.,,,TRUE,B,,B.Tell the project sponsor to accept the theme because the contract clearly states it should be red.,,,FALSE,C,,C.Agree with the project sponsor and change the theme color as requested to avoid potential conflict.,,,FALSE,D,,D.Request that procurement change the theme color to blue to align with the project sponsor's expectations.,,,FALSE,,,,,,,,,,,,,,,,,,,,,,,,,,,,,,,,,,,,,,,,,,,,,,,,,,,,,,,,,,,,,,,,,,,,,,,,,,,,,,,,,,,,,,,,,,,,,,,,
d7afb716-f883-437a-876c-30c8cc281130,exam-hall-03,SINGLE_CHOICE,DRAFT,,,A project manager observes that team members are not collaborating or being proactive. What should the project manager have done at the beginning of the project to achieve a better project environment?,,,A,,A.Conducted an assessment of team dynamics.,,,TRUE,B,,B.Assigned all tasks at the beginning of the project.,,,FALSE,C,,C.Facilitated additional team meetings.,,,FALSE,D,,D.Split the project into more iterations.,,,FALSE,,,,,,,,,,,,,,,,,,,,,,,,,,,,,,,,,,,,,,,,,,,,,,,,,,,,,,,,,,,,,,,,,,,,,,,,,,,,,,,,,,,,,,,,,,,,,,,,
bb8ac445-05e2-418f-b361-4c3cb648a0dd,exam-hall-03,SINGLE_CHOICE,DRAFT,,,"A project manager is leading a hybrid project. Several team members recently exited the project, including the only individual with a specific critical skill. At the beginning of a new sprint, the project manager identifies a task requiring this missing skill. What should the project manager do next?",,,A,,A.Rescope the project to remove the task requiring the missing skill.,,,FALSE,B,,B.Assess the impact of the missing skill on the project.,,,TRUE,C,,C.Postpone the task until a replacement is recruited.,,,FALSE,D,,D.Reassign the task to another project team with the necessary skills.,,,FALSE,,,,,,,,,,,,,,,,,,,,,,,,,,,,,,,,,,,,,,,,,,,,,,,,,,,,,,,,,,,,,,,,,,,,,,,,,,,,,,,,,,,,,,,,,,,,,,,,
68260425-387c-4913-8786-305a1382cff5,exam-hall-03,SINGLE_CHOICE,DRAFT,,,A project manager realizes that the team needs training on a specific technology that is required in the project. What should the project manager do to mitigate this risk?,,,A,,A.Assess the team's knowledge of the technology and look for recommended training options.,,,TRUE,B,,B.Contract with an expert provider to do the piece of work that uses that specific technology.,,,FALSE,C,,C.Create an item in the risk log and notify the sponsor.,,,FALSE,D,,D.Fix any training gaps as they arise during the project.,,,FALSE,,,,,,,,,,,,,,,,,,,,,,,,,,,,,,,,,,,,,,,,,,,,,,,,,,,,,,,,,,,,,,,,,,,,,,,,,,,,,,,,,,,,,,,,,,,,,,,,
6f7b2807-007a-45e9-9cc4-78e98fb2101b,exam-hall-03,SINGLE_CHOICE,DRAFT,,,"A project manager is leading a hybrid project. The organization uses an agile approach and a risk register, but the development team prefers a Scrum approach and views risk management as a predictive process. What should the project manager prioritize?",,,A,,A.Personally manage and own the risk register because this is an organizational requirement.,,,FALSE,B,,B.Delegate the responsibility of updating the risk register to the development team lead.,,,FALSE,C,,C.Ask the developers to use the risk register because this is an organizational requirement.,,,FALSE,D,,D.Consider a hybrid approach and integrate elements from the risk register and Scrum processes.,,,TRUE,,,,,,,,,,,,,,,,,,,,,,,,,,,,,,,,,,,,,,,,,,,,,,,,,,,,,,,,,,,,,,,,,,,,,,,,,,,,,,,,,,,,,,,,,,,,,,,,
085a5d74-d275-4eb5-a271-388e8adae314,exam-hall-03,SINGLE_CHOICE,DRAFT,,,"A project manager is assigned to a long-term project with a duration of three years. Which approach should the project manager take to address near-term activities, while long-term work is planned at a high level and detailed later?",,,A,,A.Focus on acquiring a team and deliver as soon as possible.,,,FALSE,B,,B.Engage the sponsor in the validation and prioritization processes.,,,FALSE,C,,C.Perform workshops with the client for delivery dates.,,,FALSE,D,,D.Validate the requirements and perform rolling wave planning.,,,TRUE,,,,,,,,,,,,,,,,,,,,,,,,,,,,,,,,,,,,,,,,,,,,,,,,,,,,,,,,,,,,,,,,,,,,,,,,,,,,,,,,,,,,,,,,,,,,,,,,
abe7f81e-d72f-4db4-92a1-ddef6ec9093e,exam-hall-03,SINGLE_CHOICE,DRAFT,,,"A company in the financial industry is kicking off a new hybrid project to be in compliance with new government regulations. The team has established a reliable velocity of 65 story points per iteration. Every iteration lasts 2 weeks. The sponsor wants to know when the project will be done if there are 1,040 story points remaining. How many months will it take to complete the project?",,,A,,A.2 months,,,FALSE,B,,B.4 months,,,FALSE,C,,C.8 months,,,TRUE,D,,D.16 months,,,FALSE,,,,,,,,,,,,,,,,,,,,,,,,,,,,,,,,,,,,,,,,,,,,,,,,,,,,,,,,,,,,,,,,,,,,,,,,,,,,,,,,,,,,,,,,,,,,,,,,
054cb9f6-5ccc-4b2c-8268-8767f71a7f09,exam-hall-03,SINGLE_CHOICE,DRAFT,,,A project manager is tasked with addressing the product owner's concerns about the delivery of the minimum viable product (MVP) in sprint four. Which of the following metrics should the project manager use?,,,A,,A.Scheduled Performance Index (SPI),,,FALSE,B,,B.Schedule Cost Index (SCI),,,FALSE,C,,C.Burndown Rate,,,TRUE,D,,D.Qualitative Risk Analysis,,,FALSE,,,,,,,,,,,,,,,,,,,,,,,,,,,,,,,,,,,,,,,,,,,,,,,,,,,,,,,,,,,,,,,,,,,,,,,,,,,,,,,,,,,,,,,,,,,,,,,,
46ec8287-acd0-4da8-bbbe-54016c3144ab,exam-hall-03,SINGLE_CHOICE,DRAFT,,,"While validating deliverables, a project manager realizes that one of the project team members used an older version of the scope definition document, causing substantial errors. What should the project manager do to manage this situation?",,,A,,A.Discuss the latest deliverables during the next meeting.,,,FALSE,B,,B.Update the project document register.,,,FALSE,C,,C.Perform a change control process.,,,TRUE,D,,D.Share the updated scope definition document with the team.,,,FALSE,,,,,,,,,,,,,,,,,,,,,,,,,,,,,,,,,,,,,,,,,,,,,,,,,,,,,,,,,,,,,,,,,,,,,,,,,,,,,,,,,,,,,,,,,,,,,,,,
ef5f6ead-26de-4d8a-9b0e-7d9a3557ab43,exam-hall-03,SINGLE_CHOICE,DRAFT,,,"During the daily standup meeting, one of the team members informs the team that a user story that was initially part of the sprint planning has become invalid due to a recently announced policy change. What should the project manager do in response to this situation?",,,A,,A.Close the user story related to the policy change and explain that it is no longer valid.,,,TRUE,B,,B.Remove the user story from the current sprint and schedule it for the next sprint.,,,FALSE,C,,C.Notify the stakeholders that user stories committed for a sprint cannot be modified.,,,FALSE,D,,D.Remove the user story from the sprint and ask the team to expedite the completion of the current sprint.,,,FALSE,,,,,,,,,,,,,,,,,,,,,,,,,,,,,,,,,,,,,,,,,,,,,,,,,,,,,,,,,,,,,,,,,,,,,,,,,,,,,,,,,,,,,,,,,,,,,,,,
f24217ce-6b50-4ede-9676-a3cd13e3e287,exam-hall-03,SINGLE_CHOICE,DRAFT,,,"A project manager is assigned to a top innovation project that has high visibility with the company executives. Recently, one of the project requirements changed and requires the use of new and innovative technology. The change requires the creation of a new position to be filled by someone familiar with the new technology. During a status meeting, a current team member expresses interest in the new role and confirms they are certified in this new technology. What should the project manager do?",,,A,,"A.Reassign the team member to the task to support their growth at the organization, and acquire a resource to replace the team member's old role.",,,TRUE,B,,B.Ask the team member to continue the current job assignment while also taking on the new assignment as time allows.,,,FALSE,C,,C.Escalate the request to the project sponsor in order to determine if the team member can be assigned to the new assignment.,,,FALSE,D,,D.Hire a new team member and ask the existing team member to provide the training needed for the new team member to obtain certification.,,,FALSE,,,,,,,,,,,,,,,,,,,,,,,,,,,,,,,,,,,,,,,,,,,,,,,,,,,,,,,,,,,,,,,,,,,,,,,,,,,,,,,,,,,,,,,,,,,,,,,,
d39bf4f0-16c6-4e1c-995c-3a83476cd555,exam-hall-03,SINGLE_CHOICE,DRAFT,,,A project is delivering incremental business value to a customer. The success criteria for the project is a 20% increase in market share for the customer. When should the project be considered a success?,,,A,,A.When the sprint reviews demonstrate that each iteration delivers a 20% increase in market share.,,,FALSE,B,,B.After the project documentation is completed and the project team has been assigned to other projects.,,,FALSE,C,,"C.At the conclusion of project execution, as part of the project closure report approval process.",,,TRUE,D,,D.When 75% of the project has been completed and the Earned Value Management (EVM) diagram indicates that the value is on track.,,,FALSE,,,,,,,,,,,,,,,,,,,,,,,,,,,,,,,,,,,,,,,,,,,,,,,,,,,,,,,,,,,,,,,,,,,,,,,,,,,,,,,,,,,,,,,,,,,,,,,,
980095ed-0ea7-4465-ad3b-72c218335161,exam-hall-03,SINGLE_CHOICE,DRAFT,,,"A new project manager is assigned to a project in the execution phase. The project just completed the deliverables for the first phase. During a workshop to review the scope for the second phase of the project, a couple of stakeholders complain that they were not informed of the benefits already delivered. What should the project manager do to resolve this issue?",,,A,,A.Escalate the issue to the steering committee because the sponsor should have informed stakeholders.,,,FALSE,B,,B.Escalate the issue to the sponsor because the question came from some of the senior stakeholders.,,,FALSE,C,,"C.Record the issue in the issue log, discuss it with the change manager, and update the communications management plan.",,,TRUE,D,,"D.Record the issue in the register, review the stakeholder matrix, and update the risk management plan.",,,FALSE,,,,,,,,,,,,,,,,,,,,,,,,,,,,,,,,,,,,,,,,,,,,,,,,,,,,,,,,,,,,,,,,,,,,,,,,,,,,,,,,,,,,,,,,,,,,,,,,
0af5f85a-230c-4b1c-b8ea-b055acd67636,exam-hall-03,SINGLE_CHOICE,DRAFT,,,"A project manager for a building project has been informed that a required permit from the local government has not yet been obtained. Applying for the permit will delay project delivery by 21 days at a cost of US$40,000. The fine for not having the permit in place is US$1,900 a day. What should the project manager do?",,,A,,A.Apply for the permit and delay project delivery by 21 days.,,,TRUE,B,,B.Ignore the permit requirement and continue with the project.,,,FALSE,C,,C.Attempt to negotiate with the local government for a pardon.,,,FALSE,D,,D.Allocate the fine amount as an additional project expense.,,,FALSE,,,,,,,,,,,,,,,,,,,,,,,,,,,,,,,,,,,,,,,,,,,,,,,,,,,,,,,,,,,,,,,,,,,,,,,,,,,,,,,,,,,,,,,,,,,,,,,,
c2a44042-e5d2-4511-8137-a74bea0cad63,exam-hall-03,SINGLE_CHOICE,DRAFT,,,"During the execution phase of a project, a new director joined the management team and introduced a mandatory compliance requirement impacting all project tasks. What should the project manager do first?",,,A,,A.Notify the team of the new requirement and proceed with the project as planned.,,,FALSE,B,,B.Update the project schedule and budget to reflect the demands of the new requirement.,,,FALSE,C,,C.Review the new requirement and assess the impact on project tasks and deliverables.,,,TRUE,D,,D.Update the risk register to reflect the potential risks associated with the new requirement.,,,FALSE,,,,,,,,,,,,,,,,,,,,,,,,,,,,,,,,,,,,,,,,,,,,,,,,,,,,,,,,,,,,,,,,,,,,,,,,,,,,,,,,,,,,,,,,,,,,,,,,
6f5b0ede-8412-4edf-9e2f-2d8215c91a42,exam-hall-03,SINGLE_CHOICE,DRAFT,,,"A project team has completed project deliverables, but the project manager would like to evaluate whether the project has delivered the intended value to the sponsor. What is the most appropriate factor for the project manager to evaluate?",,,A,,A.The alignment of the achieved deliverable against the sponsor's expectations.,,,TRUE,B,,B.Whether the project's deliverables maximized potential income for the sponsor.,,,FALSE,C,,C.Whether delivery performance variances were within the sponsor's thresholds.,,,FALSE,D,,"D.The project's overall adherence to scope, time, and budget constraints.",,,FALSE,,,,,,,,,,,,,,,,,,,,,,,,,,,,,,,,,,,,,,,,,,,,,,,,,,,,,,,,,,,,,,,,,,,,,,,,,,,,,,,,,,,,,,,,,,,,,,,,
ab2f1f1e-5fc6-43a3-9ddf-fed2723ab3b7,exam-hall-03,SINGLE_CHOICE,DRAFT,,,"A company initiated a project to build a new hydropower plant. Analysis was performed to determine regulatory, safety, and security compliance requirements. After the analysis, it was apparent that some elements necessary to achieve compliance may be difficult and expensive to implement. Stakeholders are concerned about the added cost and complexity and have differing opinions on the importance of compliance and its potential implications. What should the project manager do?",,,A,,A.Meet with the stakeholders and emphasize the importance of compliance and the costs of non-compliance.,,,TRUE,B,,B.Review the stakeholder register and determine which stakeholders have the highest authority and influence.,,,FALSE,C,,C.Escalate the compliance concerns and the disparity between stakeholder opinions to the project sponsor.,,,FALSE,D,,D.Identify compliance requirements that can be excluded in order to align with stakeholder expectations.,,,FALSE,,,,,,,,,,,,,,,,,,,,,,,,,,,,,,,,,,,,,,,,,,,,,,,,,,,,,,,,,,,,,,,,,,,,,,,,,,,,,,,,,,,,,,,,,,,,,,,,
a05c0c5c-2c95-4801-8444-178bec104579,exam-hall-03,SINGLE_CHOICE,DRAFT,,,"A project is close to completion, and the customer wants to celebrate the success by sharing a business case about the benefits created by the project. The project manager and team feel apprehensive about sharing a business case at this stage. What is the most appropriate action for the project manager to take?",,,A,,A.Collaborate with the customer to create a business case highlighting project benefits.,,,FALSE,B,,B.Acknowledge the request but emphasize the limitations of a business case at this stage.,,,TRUE,C,,C.Refer the customer to the project team for details on the benefits created by the project.,,,FALSE,D,,D.Inform the customer that a business case would require additional work and resources.,,,FALSE,,,,,,,,,,,,,,,,,,,,,,,,,,,,,,,,,,,,,,,,,,,,,,,,,,,,,,,,,,,,,,,,,,,,,,,,,,,,,,,,,,,,,,,,,,,,,,,,
c23d1423-ed48-4a94-93c2-a6d86ed93638,exam-hall-03,SINGLE_CHOICE,DRAFT,,,A project manager has been working on an internal project for the organization's project management office (PMO). The project was initially sponsored by a PMO leader who has since been replaced. The new leader does not see much value in the project. What should the project manager do?,,,A,,A.Organize a second project kick-off meeting with the new PMO leader and the project team.,,,FALSE,B,,B.Use the previous data to obtain sponsorship from the new PMO leader because the project was effective.,,,FALSE,C,,C.Use the benefits that the project manager has been tracking throughout the project to prove the project's value.,,,TRUE,D,,D.Continue the project as planned because it has already been approved and is in progress.,,,FALSE,,,,,,,,,,,,,,,,,,,,,,,,,,,,,,,,,,,,,,,,,,,,,,,,,,,,,,,,,,,,,,,,,,,,,,,,,,,,,,,,,,,,,,,,,,,,,,,,
21a1e4ff-71b5-4bae-9e49-342d5d94226d,exam-hall-03,SINGLE_CHOICE,DRAFT,,,A project is currently in progress. The project manager has been notified of a new process that may be helpful if it is incorporated into the project. What should the project manager do?,,,A,,A.Evaluate how the new process can be incorporated.,,,FALSE,B,,B.Issue a priority order for the change.,,,FALSE,C,,C.Determine the benefit of the change.,,,TRUE,D,,D.Modify the requirements document for the change.,,,FALSE,,,,,,,,,,,,,,,,,,,,,,,,,,,,,,,,,,,,,,,,,,,,,,,,,,,,,,,,,,,,,,,,,,,,,,,,,,,,,,,,,,,,,,,,,,,,,,,,
900a728b-7895-444a-ae09-767c79d1e843,exam-hall-03,SINGLE_CHOICE,DRAFT,,,"While planning a global solution delivery in a multinational organization, the project manager and team drafted all work items and defined the priorities and methodologies for implementation. During one of the daily meetings, a team member expresses concern about the compliance of the technology being used and proposes an alternative that is more aligned with the data privacy policies of the country. What should the project manager do first?",,,A,,A.Ask the architecture owner to assess the team member's proposal and evaluate the compliance concerns.,,,FALSE,B,,B.Assess the validity of the concern and evaluate the compliance of the current and newly proposed technology.,,,TRUE,C,,C.Meet with the customer and ask if they would be comfortable implementing the newly proposed technology.,,,FALSE,D,,D.Get support from the information technology (IT) department regarding the feasibility of the new technology.,,,FALSE,,,,,,,,,,,,,,,,,,,,,,,,,,,,,,,,,,,,,,,,,,,,,,,,,,,,,,,,,,,,,,,,,,,,,,,,,,,,,,,,,,,,,,,,,,,,,,,,
652f1f78-6f67-4c84-b0a6-3f87b48a2e84,exam-hall-03,SINGLE_CHOICE,DRAFT,,,"After nine months, a project concludes its first phase with the release of a new product to the customer. The client is dissatisfied and states that many key features are missing. What should the project manager do first in order to address this issue?",,,A,,A.Evaluate the missing features with the client and develop a plan to include them in the next nine-month project phase.,,,FALSE,B,,B.Review the project plan to determine if the missing features were part of the original scope or if they were added later.,,,TRUE,C,,C.Request additional funding in order to reduce the current release cycle timeline so the team can deliver value sooner.,,,FALSE,D,,D.Restart the project by implementing an agile life cycle and incorporate the creation of a minimum viable product (MVP).,,,FALSE,,,,,,,,,,,,,,,,,,,,,,,,,,,,,,,,,,,,,,,,,,,,,,,,,,,,,,,,,,,,,,,,,,,,,,,,,,,,,,,,,,,,,,,,,,,,,,,,
72afccc1-cbec-49db-8bd7-ab3518a9d6c4,exam-hall-03,SINGLE_CHOICE,DRAFT,,,"A project manager working in a matrix organization is managing a project that is scheduled to be completed in one month. At today's project meeting, the project manager was informed that errors encountered in the software code are steadily increasing. During discussions with the development team lead, the project manager is told that this is normal when trying to stay on schedule. The development team is pressing to move on so a deadline is not missed, but the project manager is concerned. What should the project manager do?",,,A,,A.Update the work breakdown structure (WBS) and extend the durations in the project schedule to allow more development time.,,,FALSE,B,,"B.Direct the team to continue development to avoid missing the deadline, noting that the risk has been mitigated.",,,FALSE,C,,C.Examine the quality metrics to determine if the project is complying with the documented quality requirements.,,,TRUE,D,,"D.Submit a change request through the change control process to extend the deadline, allowing more time for development.",,,FALSE,,,,,,,,,,,,,,,,,,,,,,,,,,,,,,,,,,,,,,,,,,,,,,,,,,,,,,,,,,,,,,,,,,,,,,,,,,,,,,,,,,,,,,,,,,,,,,,,
d6c50943-07f0-443e-88bc-218812563ea7,exam-hall-03,SINGLE_CHOICE,DRAFT,,,"An organization has a policy requiring all project managers to conduct a standardized audit of another project manager's project once a month. After an audit review, team members complained that the auditor was not fairly reviewing their deliverables. The project manager reviewed the audit results and agreed with the findings. What should the project manager do to address this situation?",,,A,,A.Request that mandatory audits be conducted less frequently.,,,FALSE,B,,B.Use status meetings to review deliverables instead of formal audits.,,,FALSE,C,,C.Explain that audits are conducted based on standardized measures.,,,TRUE,D,,D.Report the project manager who conducted the unfair audit.,,,FALSE,,,,,,,,,,,,,,,,,,,,,,,,,,,,,,,,,,,,,,,,,,,,,,,,,,,,,,,,,,,,,,,,,,,,,,,,,,,,,,,,,,,,,,,,,,,,,,,,
911430c1-0330-4c5a-9ffd-08bbd276623d,exam-hall-03,SINGLE_CHOICE,DRAFT,,,"A project manager is working on launching a minimum viable product (MVP) for a new-to-market product. The team has successfully progressed to the third iteration out of a planned total of six. During the upcoming iteration planning meeting, the customer notifies the team that a competitor intends to beat them to market and release a similar product in the next quarter. How should the project manager address this competitive challenge?",,,A,,A.Acknowledge the issue and include comprehensive details in the project's next status report.,,,FALSE,B,,B.Increase the size of the team to expedite product delivery and launch the product before the competitor.,,,FALSE,C,,C.Meet with the customer to discuss reducing the project backlog to help accelerate product delivery.,,,FALSE,D,,D.Work with the team to prioritize core features and redefine the MVP to beat the competitor to the market.,,,TRUE,,,,,,,,,,,,,,,,,,,,,,,,,,,,,,,,,,,,,,,,,,,,,,,,,,,,,,,,,,,,,,,,,,,,,,,,,,,,,,,,,,,,,,,,,,,,,,,,
afeb8d70-73d3-4190-ade4-770283255a1d,exam-hall-03,SINGLE_CHOICE,DRAFT,,,"A dispersed project team has been working together on a long-term development project. The team just finished an iteration when a new team member was onboarded and added to the project team. During their first virtual retrospective meeting, the newly onboarded team member interrupts and asks everyone to reiterate their roles and past work in previous iterations. What should the project manager do?",,,A,,A.Direct the new team member to review the project management plan after the meeting.,,,FALSE,B,,B.Inform the team member that this question would be best addressed in another meeting.,,,TRUE,C,,C.Ask each team member to explain their role and what they worked on in past iterations.,,,FALSE,D,,D.Ask the functional manager of the new team member to review the onboarding process.,,,FALSE,,,,,,,,,,,,,,,,,,,,,,,,,,,,,,,,,,,,,,,,,,,,,,,,,,,,,,,,,,,,,,,,,,,,,,,,,,,,,,,,,,,,,,,,,,,,,,,,
9775e012-f594-48b6-8033-7463fa853e68,exam-hall-03,SINGLE_CHOICE,DRAFT,,,"A project manager has identified that a task on the critical path is behind schedule. The project manager thinks that additional resources will help, but higher management declined a request for the additional funding necessary to add resources. The project manager must work with the approved resources and budget. What would be the best-suited practice for the project manager to address this situation?",,,A,,A.Resource leveling,,,FALSE,B,,B.Crashing,,,FALSE,C,,C.Fast tracking,,,TRUE,D,,D.What-if scenario analysis,,,FALSE,,,,,,,,,,,,,,,,,,,,,,,,,,,,,,,,,,,,,,,,,,,,,,,,,,,,,,,,,,,,,,,,,,,,,,,,,,,,,,,,,,,,,,,,,,,,,,,,
e69624c8-daf2-4f8d-bd9b-4661a7b48687,exam-hall-03,SINGLE_CHOICE,DRAFT,,,"In the middle of an iteration for the development of a project deliverable, a team member suggests a new method of doing the work. The method may require several days of work to implement, but it may help the team work more efficiently. How should the project manager respond to the suggestion?",,,A,,A.Immediately implement the suggested change to improve team efficiency without consulting the team.,,,FALSE,B,,B.Reject the suggestion as it provides no value to the customer and is not aligned with the project's goals.,,,FALSE,C,,C.Document the idea for future consideration but continue with the current iteration without making any changes.,,,FALSE,D,,D.Acknowledge the suggestion and assess the new method and the potential impact on team efficiency.,,,TRUE,,,,,,,,,,,,,,,,,,,,,,,,,,,,,,,,,,,,,,,,,,,,,,,,,,,,,,,,,,,,,,,,,,,,,,,,,,,,,,,,,,,,,,,,,,,,,,,,
0afd009b-4b03-4d8a-9cb1-485466376235,exam-hall-03,SINGLE_CHOICE,DRAFT,,,A project manager assigned to an existing project finds that the deliverable quality has been inconsistent. The project manager finds that the team is not adhering to the development standards. What practice should the project manager employ to ensure higher quality?,,,A,,A.Perform a full inspection since there is no margin for error.,,,FALSE,B,,B.Introduce sampling as a cost-effective and time-efficient way to ensure quality.,,,FALSE,C,,C.Implement a continuous improvement process to ensure consistent outcomes.,,,TRUE,D,,D.Add a unit of work for a specific period of time to prove the solution is viable.,,,FALSE,,,,,,,,,,,,,,,,,,,,,,,,,,,,,,,,,,,,,,,,,,,,,,,,,,,,,,,,,,,,,,,,,,,,,,,,,,,,,,,,,,,,,,,,,,,,,,,,
0bc344cf-7ea6-43f4-addd-56816341d4b2,exam-hall-03,SINGLE_CHOICE,DRAFT,,,"The quality management plan (QMP) calls for regression testing before each product release, but these tests were not included in the work breakdown structure (WBS). What should the project manager do first?",,,A,,A.Submit a change request to add regression testing work packages to the project scope.,,,TRUE,B,,B.Request extra test resources from the quality assurance functional manager.,,,FALSE,C,,C.Suggest to the project client that regression testing be removed from the quality requirements.,,,FALSE,D,,D.Seek approval from the project sponsor to remove regression testing from the QMP.,,,FALSE,,,,,,,,,,,,,,,,,,,,,,,,,,,,,,,,,,,,,,,,,,,,,,,,,,,,,,,,,,,,,,,,,,,,,,,,,,,,,,,,,,,,,,,,,,,,,,,,
27cf3ad3-99cd-46ae-95e8-b08012aab50f,exam-hall-03,SINGLE_CHOICE,DRAFT,,,"An organization recently updated its strategic plan and some of the changes were substantial. During a meeting for an ongoing project, an important stakeholder questioned how the project aligned with the new strategic plan. What should the project manager do first to address this concern effectively?",,,A,,A.Review and revise the project charter to ensure alignment with organizational strategy.,,,TRUE,B,,B.Schedule a follow-up meeting with the stakeholder to discuss their concerns.,,,FALSE,C,,C.Remind the stakeholders that the project was initiated prior to the strategy change.,,,FALSE,D,,D.Assure the stakeholder that the project is aligned with the new organizational strategy.,,,FALSE,,,,,,,,,,,,,,,,,,,,,,,,,,,,,,,,,,,,,,,,,,,,,,,,,,,,,,,,,,,,,,,,,,,,,,,,,,,,,,,,,,,,,,,,,,,,,,,,
5698e046-b28b-4960-839c-36d1cb148d18,exam-hall-03,SINGLE_CHOICE,DRAFT,,,A project manager is working with remote team members who are acting independently. What should the project manager do to promote collaboration among team members?,,,A,,A.Include the team members in all emails regarding the project.,,,FALSE,B,,B.Call team members individually to collect information and provide updates weekly.,,,FALSE,C,,C.Promote regular meetings using video conferencing.,,,TRUE,D,,D.Ask each team member to fill out a task log for daily updates.,,,FALSE,,,,,,,,,,,,,,,,,,,,,,,,,,,,,,,,,,,,,,,,,,,,,,,,,,,,,,,,,,,,,,,,,,,,,,,,,,,,,,,,,,,,,,,,,,,,,,,,
5f0547aa-768a-45e1-9a3c-2e38f39b06c7,exam-hall-03,SINGLE_CHOICE,DRAFT,,,"During a standup, a team member falsely reports the completion of a story which is a dependency for other stories. When the team begins to work on related stories, they are unable to continue with development because the initial story is not finished. What should the project manager do first?",,,A,,A.Review the sprint planning with the whole team to understand story interdependencies.,,,FALSE,B,,B.Speak to the team member who falsely reported the completion of the story.,,,TRUE,C,,C.Tell the product owner to review the acceptance criteria before pushing it into the sprint backlog.,,,FALSE,D,,D.Ask the team to explain their interpretation of the definition of done (DoD) at the end of the sprint.,,,FALSE,,,,,,,,,,,,,,,,,,,,,,,,,,,,,,,,,,,,,,,,,,,,,,,,,,,,,,,,,,,,,,,,,,,,,,,,,,,,,,,,,,,,,,,,,,,,,,,,
0d3f8963-e2a5-435f-9dde-abdd71ac860d,exam-hall-03,SINGLE_CHOICE,DRAFT,,,A business manager and product owner are requesting a more flexible way to incorporate changes into the product backlog. They want to reduce go-to-market time in order to react to a competitor's release strategy. What should the project manager do?,,,A,,A.Coach the product owner to prioritize product backlog items in accordance with business goals.,,,TRUE,B,,B.Review the assumption log and the project management plan to identify potential changes.,,,FALSE,C,,C.Establish a comprehensive change control process and select a change control board (CCB).,,,FALSE,D,,D.Authorize all key stakeholders to make modifications in order to deliver the product faster.,,,FALSE,,,,,,,,,,,,,,,,,,,,,,,,,,,,,,,,,,,,,,,,,,,,,,,,,,,,,,,,,,,,,,,,,,,,,,,,,,,,,,,,,,,,,,,,,,,,,,,,
5670ef31-dd76-4ace-b4ea-9e22cd1b3f8e,exam-hall-03,SINGLE_CHOICE,DRAFT,,,"As part of a project deliverable, a project manager demonstrates how to use one of the products to a subset of a client's employees through a 30-minute virtual conference call. The client's employees complain that a two-day workshop would have been more effective for training. What should the project manager have done to prevent this complaint?",,,A,,A.Assessed the training needs of the client's employees.,,,TRUE,B,,B.Included this risk in the risk management plan.,,,FALSE,C,,C.Provided a contingency reserve for additional training.,,,FALSE,D,,D.Developed an asynchronous training plan.,,,FALSE,,,,,,,,,,,,,,,,,,,,,,,,,,,,,,,,,,,,,,,,,,,,,,,,,,,,,,,,,,,,,,,,,,,,,,,,,,,,,,,,,,,,,,,,,,,,,,,,
56086ae4-4442-4e98-9396-f3c4bdb6d84b,exam-hall-03,SINGLE_CHOICE,DRAFT,,,"A strategic project has been launched and a project manager has been assigned. The project is progressing, and the team is delivering successfully, but a key stakeholder calls the project manager and complains about not receiving progress updates. What should the project manager do?",,,A,,A.Ensure the stakeholder is copied on the weekly status emails.,,,FALSE,B,,B.Review and update the project communications management plan.,,,TRUE,C,,C.Send the stakeholder a copy of the latest project status report.,,,FALSE,D,,D.Invite the key stakeholder to attend the next project meeting.,,,FALSE,,,,,,,,,,,,,,,,,,,,,,,,,,,,,,,,,,,,,,,,,,,,,,,,,,,,,,,,,,,,,,,,,,,,,,,,,,,,,,,,,,,,,,,,,,,,,,,,
60d6ff91-3e5d-42a8-a1c3-158de664699e,exam-hall-03,SINGLE_CHOICE,DRAFT,,,"A project manager has been assigned to a new project with multiple high-level stakeholders. Each stakeholder has provided their expectations for the project, and the project manager realizes some expectations conflict. What should the project manager do?",,,A,,A.Facilitate a meeting to address and resolve conflicting expectations.,,,TRUE,B,,B.Prioritize the expectations of stakeholders with the highest authority.,,,FALSE,C,,C.Update the stakeholder register with the stakeholders' expectations.,,,FALSE,D,,D.Create a project hierarchy to manage the stakeholders' expectations.,,,FALSE,,,,,,,,,,,,,,,,,,,,,,,,,,,,,,,,,,,,,,,,,,,,,,,,,,,,,,,,,,,,,,,,,,,,,,,,,,,,,,,,,,,,,,,,,,,,,,,,
8cb7e2f6-37af-4244-b21f-b31ebb4244ac,exam-hall-03,SINGLE_CHOICE,DRAFT,,,A key resource approaches the project manager after the kick-off meeting and expresses concern that they will be unable to deliver their assigned tasks due to other priorities. What should the project manager do?,,,A,,A.Schedule a team meeting to assess and manage priorities.,,,TRUE,B,,B.Document the lack of availability as a risk in the risk register.,,,FALSE,C,,C.Escalate this issue to the project sponsor for executive support.,,,FALSE,D,,D.Update the project management plan accordingly to reflect a potential delay.,,,FALSE,,,,,,,,,,,,,,,,,,,,,,,,,,,,,,,,,,,,,,,,,,,,,,,,,,,,,,,,,,,,,,,,,,,,,,,,,,,,,,,,,,,,,,,,,,,,,,,,
e1aa757c-c532-4497-b569-1f27b814d866,exam-hall-03,SINGLE_CHOICE,DRAFT,,,"During an iteration, a key project team member announces their resignation. The project manager realizes that one of the product features will be impacted by the resignation. What should the project manager do to address this situation?",,,A,,A.Submit a change request to modify the delivery date based on this unexpected situation.,,,FALSE,B,,B.Request that human resources (HR) retain the team member until the end of the project.,,,FALSE,C,,C.Accelerate knowledge sharing with the cross-functional team to ensure that this situation is understood.,,,FALSE,D,,D.Discuss the situation with the product owner and determine if resources should be added to the team.,,,TRUE,,,,,,,,,,,,,,,,,,,,,,,,,,,,,,,,,,,,,,,,,,,,,,,,,,,,,,,,,,,,,,,,,,,,,,,,,,,,,,,,,,,,,,,,,,,,,,,,
a3fe8362-c75b-4de6-8d6b-4ef277da05b6,exam-hall-03,SINGLE_CHOICE,DRAFT,,,"A highly skilled subject matter expert (SME) is engaged in a government project where approximately 30% of the deliverables will follow an agile approach. The project manager invites the SME to join the agile team to contribute to these iterations. The SME is reluctant because they think that working on a team is demotivating and slows them down, and they want to achieve the highest-quality output possible. What should the project manager do to address the SME's concerns and encourage them to join the agile team?",,,A,,A.Recommend that the SME develop emotional intelligence by integrating with the team.,,,FALSE,B,,B.Explain that teamwork fosters continuous improvement and early feedback loops.,,,TRUE,C,,C.Request that the SME conduct the retrospective meetings as an objective observer.,,,FALSE,D,,D.Ask the sponsor to meet with the SME and help improve their attitude towards teamwork.,,,FALSE,,,,,,,,,,,,,,,,,,,,,,,,,,,,,,,,,,,,,,,,,,,,,,,,,,,,,,,,,,,,,,,,,,,,,,,,,,,,,,,,,,,,,,,,,,,,,,,,
e25f9b4c-d895-4c6a-9579-e693156bf172,exam-hall-03,SINGLE_CHOICE,DRAFT,,,An agile team is doing an excellent job of focusing on high-priority items and completing them in less time than required. Which key performance indicator (KPI) would best demonstrate this information to the project manager?,,,A,,A.The number of defects or missed requirements identified by the product owner.,,,FALSE,B,,B.The number of action items coming out of the end-of-iteration retrospective.,,,FALSE,C,,C.The number of user stories from the backlog that are completed per iteration.,,,TRUE,D,,D.The team consistently remains within the kanban board work in process limits.,,,FALSE,,,,,,,,,,,,,,,,,,,,,,,,,,,,,,,,,,,,,,,,,,,,,,,,,,,,,,,,,,,,,,,,,,,,,,,,,,,,,,,,,,,,,,,,,,,,,,,,
6bb3f636-24e6-4e9a-8c33-6afbc93612aa,exam-hall-03,SINGLE_CHOICE,DRAFT,,,"A pilot project is underway using an agile approach to development. The project is delivering the planned increments on time, but top management is concerned because they do not see the value that the project is adding. How should the project manager communicate the value of the project to top management?",,,A,,A.Include top management in all future sprint reviews to address their concerns in real time.,,,FALSE,B,,B.Send top management weekly status reports and invite them to retrospectives.,,,FALSE,C,,C.Demonstrate how the project's objectives align with the organization's strategic goals.,,,TRUE,D,,D.Customize progress reports to address top management's requirements.,,,FALSE,,,,,,,,,,,,,,,,,,,,,,,,,,,,,,,,,,,,,,,,,,,,,,,,,,,,,,,,,,,,,,,,,,,,,,,,,,,,,,,,,,,,,,,,,,,,,,,,
a8321b5a-deb3-4b96-b30c-312d9bcc9f77,exam-hall-03,SINGLE_CHOICE,DRAFT,,,"A project manager notices that conflicts between team members are occurring in every sprint. After an investigation, the project manager discovers that the team needs to be trained in agile techniques in order to address these conflicts. What should the project manager do first?",,,A,,A.Develop a training plan for the team.,,,FALSE,B,,B.Schedule training sessions for the team.,,,FALSE,C,,C.Conduct a training needs assessment for the team.,,,TRUE,D,,D.Instruct the team to begin using agile techniques.,,,FALSE,,,,,,,,,,,,,,,,,,,,,,,,,,,,,,,,,,,,,,,,,,,,,,,,,,,,,,,,,,,,,,,,,,,,,,,,,,,,,,,,,,,,,,,,,,,,,,,,
a0e7b5b2-bd34-40e6-bc9a-d558345397ef,exam-hall-03,SINGLE_CHOICE,DRAFT,,,A project manager believes that the project team could benefit from development activities to improve project performance and outcomes. The project manager decides to plan specific development activities for each team member. What should the project manager do first to ensure the success of this initiative?,,,A,,A.Conduct a skills assessment of the team members.,,,TRUE,B,,B.Ask the team to determine their development plans.,,,FALSE,C,,C.Distribute clear development plans to the team members.,,,FALSE,D,,D.Implement a reward system based on performance.,,,FALSE,,,,,,,,,,,,,,,,,,,,,,,,,,,,,,,,,,,,,,,,,,,,,,,,,,,,,,,,,,,,,,,,,,,,,,,,,,,,,,,,,,,,,,,,,,,,,,,,
113af70a-5faf-4823-ad61-d31044632c06,exam-hall-03,SINGLE_CHOICE,DRAFT,,,"Due to a lack of locally skilled resources, a company employs an internationally dispersed project team that will work virtually. The project manager has never worked with a virtual team and is concerned about engagement. What should the project manager do to ensure this virtual team remains engaged?",,,A,,A.Ensure the entire virtual team attends the project kickoff meeting.,,,FALSE,B,,B.Adopt the communications management plan of a past virtual team.,,,FALSE,C,,C.Rely on asynchronous communication for all major status reports.,,,FALSE,D,,D.Conduct recurring check-ins and meetings at scheduled intervals.,,,TRUE,,,,,,,,,,,,,,,,,,,,,,,,,,,,,,,,,,,,,,,,,,,,,,,,,,,,,,,,,,,,,,,,,,,,,,,,,,,,,,,,,,,,,,,,,,,,,,,,
1a03e7a1-ec44-4b77-a1f2-8eecafd9c9de,exam-hall-03,SINGLE_CHOICE,DRAFT,,,An agile team consistently delivers features on time but recently identified a significant architecture gap leading to rework. Which agile practice should the project manager use to address this issue?,,,A,,A.Increment planning,,,FALSE,B,,B.Team retrospective,,,TRUE,C,,C.Demonstration to stakeholders,,,FALSE,D,,D.Daily standup,,,FALSE,,,,,,,,,,,,,,,,,,,,,,,,,,,,,,,,,,,,,,,,,,,,,,,,,,,,,,,,,,,,,,,,,,,,,,,,,,,,,,,,,,,,,,,,,,,,,,,,
12b4f4ae-359b-460c-b54b-bd8e4bc4486c,exam-hall-03,SINGLE_CHOICE,DRAFT,,,"A project manager is overseeing a project aimed at providing customers with real-time shipment tracking capabilities. The project team has encountered ongoing disputes primarily revolving around differing interpretations of how user stories contribute to the project's success. Some team members believe the user stories should prioritize speed, while others emphasize accuracy as the top priority. What should the project manager do to address the team members' disagreements over user stories?",,,A,,A.Ask the product manager to meet with the team and clarify the requirements of the user stories.,,,FALSE,B,,B.Schedule a meeting with the business sponsor to obtain clarification regarding the user stories.,,,FALSE,C,,C.Consistently revisit the project charter together with the team members to ensure alignment.,,,FALSE,D,,D.Verify that the user stories align with overall business objectives and project goals.,,,TRUE,,,,,,,,,,,,,,,,,,,,,,,,,,,,,,,,,,,,,,,,,,,,,,,,,,,,,,,,,,,,,,,,,,,,,,,,,,,,,,,,,,,,,,,,,,,,,,,,
ac04b084-9cc6-498c-84d9-58318e32d792,exam-hall-03,SINGLE_CHOICE,DRAFT,,,"Halfway through a year-long project, a hardware supplier sends a project manager notice of an intent to increase prices due to fluctuating rates of exchange. The project manager is unsure of their negotiating authority. Which document should the project manager reference?",,,A,,A.Risk register,,,FALSE,B,,B.Procurement management plan,,,TRUE,C,,C.Project charter,,,FALSE,D,,D.Communication strategy,,,FALSE,,,,,,,,,,,,,,,,,,,,,,,,,,,,,,,,,,,,,,,,,,,,,,,,,,,,,,,,,,,,,,,,,,,,,,,,,,,,,,,,,,,,,,,,,,,,,,,,
5899d027-89b0-4f6b-aab7-ea43fda949ee,exam-hall-03,SINGLE_CHOICE,DRAFT,,,"A project manager notices that team members are not interacting with each other and believes that the lack of interaction is negatively impacting project performance. The project manager attempts to increase team interaction by hosting an after-work event, but only a few team members attend. What should the project manager do?",,,A,,A.Send a team survey to collect ideas for after-work activities from team members.,,,FALSE,B,,B.Continue to invite team members to events and improve morale incrementally.,,,FALSE,C,,C.Provide periodic incentives and bonuses to the highest-performing team members.,,,FALSE,D,,D.Confidentially poll the team to identify the root cause of the lack of interaction.,,,TRUE,,,,,,,,,,,,,,,,,,,,,,,,,,,,,,,,,,,,,,,,,,,,,,,,,,,,,,,,,,,,,,,,,,,,,,,,,,,,,,,,,,,,,,,,,,,,,,,,
dbf9a67d-80c9-45e4-8221-cc91c486d153,exam-hall-03,SINGLE_CHOICE,DRAFT,,,A team is working on a new project and the sponsor refuses to approve a budget increase needed for the current iteration. What should the project manager do to address this situation?,,,A,,A.Submit a change request to get formal approval for a budget increase.,,,FALSE,B,,B.Work with the stakeholders to develop flexible budgeting approaches.,,,TRUE,C,,C.Explain to the sponsor the risk of not having the budget approval.,,,FALSE,D,,D.Spend the extra money and plan to compensate in the next sprint.,,,FALSE,,,,,,,,,,,,,,,,,,,,,,,,,,,,,,,,,,,,,,,,,,,,,,,,,,,,,,,,,,,,,,,,,,,,,,,,,,,,,,,,,,,,,,,,,,,,,,,,
04d828a6-ede3-42f7-8714-07df21ae870c,exam-hall-03,SINGLE_CHOICE,DRAFT,,,"The project manager of a large team notices team members are not interacting together, which is impacting project performance and the quality of the project outcome. What should the project manager do to help grow team dynamics?",,,A,,A.Conduct face-to-face group meetings to understand what the issues are.,,,TRUE,B,,B.Notify the project team members' supervisors about the lack of cooperation.,,,FALSE,C,,C.Add the lack of team communication as a risk in the risk register and monitor the situation.,,,FALSE,D,,D.Refer to the lessons learned to understand how other projects handled similar issues.,,,FALSE,,,,,,,,,,,,,,,,,,,,,,,,,,,,,,,,,,,,,,,,,,,,,,,,,,,,,,,,,,,,,,,,,,,,,,,,,,,,,,,,,,,,,,,,,,,,,,,,
7608ec63-f562-4519-be1b-cfc55ffa75f5,exam-hall-03,SINGLE_CHOICE,DRAFT,,,"A project manager has developed a project management plan based on agile methodologies in an effort to deliver the product quickly. However, the project is complex and the requirements are unclear, putting the schedule at risk. What should the project manager do to get the project back on track?",,,A,,A.Rebaseline the schedule to accept additional expectations and potential delays.,,,FALSE,B,,B.Review the product backlog with the product owner and team to resolve the status.,,,TRUE,C,,C.Increase the number of standup meetings and implement daily status updates.,,,FALSE,D,,D.Adjust the plan to employ more iterative and incremental life cycle features.,,,FALSE,,,,,,,,,,,,,,,,,,,,,,,,,,,,,,,,,,,,,,,,,,,,,,,,,,,,,,,,,,,,,,,,,,,,,,,,,,,,,,,,,,,,,,,,,,,,,,,,
657ffdfe-f00e-4089-a7a9-cbc85de04504,exam-hall-03,SINGLE_CHOICE,DRAFT,,,"An agile team is planning for a 2-week iteration. In the middle of the last few iterations, the product owner made changes and reprioritized features, affecting the team's deliverables. What should the project manager do first?",,,A,,A.Escalate the issue to senior management and request that the product owner take action.,,,FALSE,B,,B.Inform the team to ignore the changes requested by the product owner during the iteration.,,,FALSE,C,,C.Explain the implications of making changes during an iteration to the product owner.,,,TRUE,D,,D.Request the product owner make changes as needed since an agile approach responds to change.,,,FALSE,,,,,,,,,,,,,,,,,,,,,,,,,,,,,,,,,,,,,,,,,,,,,,,,,,,,,,,,,,,,,,,,,,,,,,,,,,,,,,,,,,,,,,,,,,,,,,,,
fb9e60bc-477a-4c84-9169-306bcdaa29a3,exam-hall-03,SINGLE_CHOICE,DRAFT,,,"At an agile project meeting, a team member gives an update on the status of their important task. A new team member interrupts them when they hear their task mentioned and gives a status update before the first team member has finished their update. What should the project manager do?",,,A,,A.Privately talk to the two team members after the meeting.,,,FALSE,B,,B.Tell the new team member that they are acting unprofessionally.,,,FALSE,C,,C.Pause to discuss appropriate meeting protocol with the team.,,,FALSE,D,,D.Ask the new team member to wait until their teammate finishes.,,,TRUE,,,,,,,,,,,,,,,,,,,,,,,,,,,,,,,,,,,,,,,,,,,,,,,,,,,,,,,,,,,,,,,,,,,,,,,,,,,,,,,,,,,,,,,,,,,,,,,,
169a7ea8-de4a-455f-a8af-225316d6d576,exam-hall-03,SINGLE_CHOICE,DRAFT,,,"A project manager received a complaint that the project team did not respond correctly to a client's request. However, the project manager understands that the team has received multiple out-of-scope requests from the client. Which action should the project manager take?",,,A,,"A.Encourage the team members to ask the ""five whys"" during their communications with the client.",,,FALSE,B,,B.Ask the client to better explain the requests and issues they shared with the team.,,,FALSE,C,,C.Review the scope with the client so that additional requests can be documented and processed as change requests.,,,TRUE,D,,D.Request to be included in all future communications between the project team members and the client.,,,FALSE,,,,,,,,,,,,,,,,,,,,,,,,,,,,,,,,,,,,,,,,,,,,,,,,,,,,,,,,,,,,,,,,,,,,,,,,,,,,,,,,,,,,,,,,,,,,,,,,
68633b0c-0735-44f8-82d6-5e797c49802a,exam-hall-03,SINGLE_CHOICE,DRAFT,,,"During the project kick-off meeting, the project manager announces that a hybrid approach will be used to deliver the project. Many of the team members raise a concern because they are used to working on predictive projects. What should the project manager do?",,,A,,A.Escalate the issue to the project sponsor to ensure the team is aligned with the project delivery approach.,,,FALSE,B,,B.Engage the project management office (PMO) since they identify the approach to delivering projects.,,,FALSE,C,,C.Educate the team members on agile and the benefits associated with the use of agile principles.,,,TRUE,D,,D.Change to a predictive approach to be aligned with the skills of the team members.,,,FALSE,,,,,,,,,,,,,,,,,,,,,,,,,,,,,,,,,,,,,,,,,,,,,,,,,,,,,,,,,,,,,,,,,,,,,,,,,,,,,,,,,,,,,,,,,,,,,,,,
7ee6b188-c1fa-4b90-9045-8d7d87407c08,exam-hall-03,SINGLE_CHOICE,DRAFT,,,"A key deadline is approaching, and a specialized team member has suddenly received news that they must leave the office for two weeks. They have approximately three workdays until they leave, and they will be unavailable through any communication channels. What should the agile project manager do?",,,A,,A.Adjust the project plan and timeline to accommodate the absence.,,,FALSE,B,,B.Identify critical tasks and dependencies that may be affected.,,,TRUE,C,,C.Introduce a replacement resource for the leaving team member.,,,FALSE,D,,D.Ask the team member to quickly complete as much as they can.,,,FALSE,,,,,,,,,,,,,,,,,,,,,,,,,,,,,,,,,,,,,,,,,,,,,,,,,,,,,,,,,,,,,,,,,,,,,,,,,,,,,,,,,,,,,,,,,,,,,,,,
bc212a10-8e4b-4bd9-89f2-2019e7cf6cb7,exam-hall-03,SINGLE_CHOICE,DRAFT,,,"A project team's performance has declined for the last three iterations. Some of the team members are disappointed, and raise their concerns during the retrospective meeting. What should the project manager do?",,,A,,A.Identify potential failure points based on the iteration workload.,,,FALSE,B,,B.Motivate the team to perform better.,,,FALSE,C,,"C.Focus on remediation, not merely on correcting symptoms.",,,TRUE,D,,D.Compare the team's performance against other project teams.,,,FALSE,,,,,,,,,,,,,,,,,,,,,,,,,,,,,,,,,,,,,,,,,,,,,,,,,,,,,,,,,,,,,,,,,,,,,,,,,,,,,,,,,,,,,,,,,,,,,,,,
c758bc71-5c13-4245-8e0b-c706e64e0e99,exam-hall-03,SINGLE_CHOICE,DRAFT,,,A project is underway with team members from two different countries and there are complaints from both sides. The team members from Country A believe that team members from Country B are too slow to respond and often have scheduled days off. The team members from Country B believe in a good work/life balance and think more consideration is needed before making decisions. What should the project manager do?,,,A,,A.Reevaluate the team charter with team members.,,,TRUE,B,,B.Revisit the communications management plan.,,,FALSE,C,,C.Remind team members to consider cultural differences.,,,FALSE,D,,D.Investigate the root cause of misunderstandings.,,,FALSE,,,,,,,,,,,,,,,,,,,,,,,,,,,,,,,,,,,,,,,,,,,,,,,,,,,,,,,,,,,,,,,,,,,,,,,,,,,,,,,,,,,,,,,,,,,,,,,,
377d7af4-95f5-4f05-8a7f-df8e579b0d26,exam-hall-03,SINGLE_CHOICE,DRAFT,,,"In a software development project, a stakeholder wants to add a major requirement, which they feel will be a great benefit to the project. However, this requirement is not aligned to the project objectives that the business owner has documented. What should the project manager do next?",,,A,,A.Ensure the stakeholder understands the purpose of the project.,,,TRUE,B,,B.Encourage the stakeholder to follow the written business requirements.,,,FALSE,C,,C.Include the additional requirement into the project and inform the business owner.,,,FALSE,D,,D.Fast-track the project and suggest the new requirement to the business owner.,,,FALSE,,,,,,,,,,,,,,,,,,,,,,,,,,,,,,,,,,,,,,,,,,,,,,,,,,,,,,,,,,,,,,,,,,,,,,,,,,,,,,,,,,,,,,,,,,,,,,,,
dda1ef29-2095-474d-bdf6-d21520cecff5,exam-hall-03,SINGLE_CHOICE,DRAFT,,,"A project manager is handling multiple projects in five different countries and is issued a new directive on workplace attire and office arrangements. This has been met with resistance in three countries, resulting in a series of misunderstandings, resentment, and potential legal issues. What should the project manager have done to better handle this situation?",,,A,,A.Asked senior management for clarity and exceptions before issuing a general directive to all countries.,,,FALSE,B,,B.Evaluated the cultural and personal traits in the various countries before issuing a general directive.,,,TRUE,C,,C.Determined the socioeconomic status of the team members before issuing a widespread directive.,,,FALSE,D,,D.Obtained a list of personal preferences from the team members before issuing a broad directive.,,,FALSE,,,,,,,,,,,,,,,,,,,,,,,,,,,,,,,,,,,,,,,,,,,,,,,,,,,,,,,,,,,,,,,,,,,,,,,,,,,,,,,,,,,,,,,,,,,,,,,,
9e17c6e4-7551-4689-8c10-86dd84f1f39f,exam-hall-03,SINGLE_CHOICE,DRAFT,,,"During sign-off for a strategic project that resulted in additional costs, a project manager was unable to justify the additional expense in relation to the business value realized with the successful implementation. What should the project manager have done to avoid this situation?",,,A,,A.Presented an evaluation of the potential benefits identified in the initial business case as enough to justify additional expense costs.,,,FALSE,B,,B.Measured and tracked the project benefits identified in the business case throughout the project life cycle.,,,TRUE,C,,C.Performed a reassessment of the current state of the organization after project implementation to show the benefits realized.,,,FALSE,D,,D.Shared nonfinancial or intangible benefits such as customer satisfaction and good reputation as indicators for showing the value realized.,,,FALSE,,,,,,,,,,,,,,,,,,,,,,,,,,,,,,,,,,,,,,,,,,,,,,,,,,,,,,,,,,,,,,,,,,,,,,,,,,,,,,,,,,,,,,,,,,,,,,,,
3bb00813-f70d-4615-abaf-f3990ceab5d9,exam-hall-03,SINGLE_CHOICE,DRAFT,,,"A new project manager takes over a construction project. Upon reviewing the project management plan, the project manager realizes that the health and safety requirements have not been adequately addressed. The project manager has serious concerns and wants to address this inadequacy. What is the primary concern in this situation?",,,A,,A.Failing to address health and safety issues could damage the client's trust and reputation.,,,FALSE,B,,B.The project must comply with all legal and regulatory requirements and responsibilities.,,,TRUE,C,,C.The project timeline may be jeopardized by implementing additional safety measures.,,,FALSE,D,,D.The project manager knows that it is crucial to meet the established performance metrics.,,,FALSE,,,,,,,,,,,,,,,,,,,,,,,,,,,,,,,,,,,,,,,,,,,,,,,,,,,,,,,,,,,,,,,,,,,,,,,,,,,,,,,,,,,,,,,,,,,,,,,,
f8289203-c5bf-44db-9d57-f0faa68a1af0,exam-hall-03,SINGLE_CHOICE,DRAFT,,,"A construction project has progressed for about 18 months, and the schedule performance index (SPI) is 0.68. The project manager intends to complete the project as planned without additional cost. What should the project manager do to complete the project on time?",,,A,,A.Crash the schedule.,,,FALSE,B,,B.Fast track the schedule.,,,TRUE,C,,C.Reduce the project scope.,,,FALSE,D,,D.Reduce the project quality.,,,FALSE,,,,,,,,,,,,,,,,,,,,,,,,,,,,,,,,,,,,,,,,,,,,,,,,,,,,,,,,,,,,,,,,,,,,,,,,,,,,,,,,,,,,,,,,,,,,,,,,
887d1abd-c7b7-41a1-a7a7-fe42c1056492,exam-hall-03,SINGLE_CHOICE,DRAFT,,,A project manager is involved in a project where requirements are constantly evolving. What should the project manager do to achieve success?,,,A,,A.Provide regular updates and request deliverable-based approvals from the product owner.,,,TRUE,B,,B.Work with the team to ensure they are on track and delivering on schedule.,,,FALSE,C,,C.Maintain a comfortable working atmosphere to improve team cohesion.,,,FALSE,D,,D.Ensure documentation and processes are filed appropriately and update the product owner.,,,FALSE,,,,,,,,,,,,,,,,,,,,,,,,,,,,,,,,,,,,,,,,,,,,,,,,,,,,,,,,,,,,,,,,,,,,,,,,,,,,,,,,,,,,,,,,,,,,,,,,
07219fe6-5d4e-420f-94bf-503d187b27df,exam-hall-03,SINGLE_CHOICE,DRAFT,,,A project manager is responsible for leading a product release that has aggressive go-to-market timelines. A total of 600 story points is estimated with a velocity of 60 points per iteration. A team of up to 12 members has been assigned to this project. Which statement about this scenario is true?,,,A,,"A.A velocity of 60 points per iteration represents the minimum work to be done, and 12 team members represent the maximum size of the team.",,,TRUE,B,,"B.A velocity of 60 points per iteration means the project is under control, and 12 team members mean that the project is out of control.",,,FALSE,C,,"C.A velocity of 60 points per iteration means the project is under control, and 12 team members represent the maximum size of the team.",,,FALSE,D,,"D.A velocity of 60 points per iteration represents the minimum work to be done, and 12 team members means the project is under control.",,,FALSE,,,,,,,,,,,,,,,,,,,,,,,,,,,,,,,,,,,,,,,,,,,,,,,,,,,,,,,,,,,,,,,,,,,,,,,,,,,,,,,,,,,,,,,,,,,,,,,,
45252221-fd61-4a7a-9c5b-ab4b2b50a346,exam-hall-03,SINGLE_CHOICE,DRAFT,,,An information technology (IT) project manager was assigned a new team for a software development project in an agile environment. The project manager estimates that the project will take a certain number of days based on past experience in another organization. How should the project manager validate this assumption and properly plan and manage the project schedule?,,,A,,A.Conduct a survey in the organization and generate data to validate claims.,,,FALSE,B,,B.Estimate based on sprint review meetings and stakeholder input.,,,FALSE,C,,C.Study previous sprint planning meetings and the organization's project culture.,,,FALSE,D,,D.Ask the team members to estimate the number of story points and observe team velocity.,,,TRUE,,,,,,,,,,,,,,,,,,,,,,,,,,,,,,,,,,,,,,,,,,,,,,,,,,,,,,,,,,,,,,,,,,,,,,,,,,,,,,,,,,,,,,,,,,,,,,,,
4ea1d60d-b84e-4931-b733-70d95ca0ab40,exam-hall-03,SINGLE_CHOICE,DRAFT,,,"A project team working on a high-priority, change-driven project has repeatedly missed release deadlines. The project manager identifies that this is due to the fact that an experienced team member is assigned to multiple projects and has limited bandwidth. What should the project manager do?",,,A,,A.Report the issue to the project sponsor.,,,FALSE,B,,B.Adjust the schedule and issue a change request.,,,FALSE,C,,C.Discuss this issue with the project team immediately.,,,FALSE,D,,D.Evaluate the workload of the experienced team member.,,,TRUE,,,,,,,,,,,,,,,,,,,,,,,,,,,,,,,,,,,,,,,,,,,,,,,,,,,,,,,,,,,,,,,,,,,,,,,,,,,,,,,,,,,,,,,,,,,,,,,,
7c7b3424-8761-40f1-ba33-f723b03dcef1,exam-hall-03,SINGLE_CHOICE,DRAFT,,,"At the end of the first phase of a stadium expansion project, the project manager realizes they will be running behind schedule for the next project phase. The delay is due to new safety requirements that must be adhered to. Stakeholders are frustrated that they were not aware of the potential safety requirement changes. What should you have done to avoid this situation and ensure that stakeholders are aware of potential disruptions?",,,A,,A.Increase the project's contingency reserve to accommodate unforeseen safety-related issues.,,,FALSE,B,,B.Hold regular communication meetings with the site supervisor to stay updated on safety requirements.,,,FALSE,C,,C.Implement a proactive risk assessment process during project initiation to identify potential safety-related delays.,,,TRUE,D,,D.Request additional resources and personnel to address safety concerns as they arise.,,,FALSE,,,,,,,,,,,,,,,,,,,,,,,,,,,,,,,,,,,,,,,,,,,,,,,,,,,,,,,,,,,,,,,,,,,,,,,,,,,,,,,,,,,,,,,,,,,,,,,,
3cfd9197-977c-4c3d-9ad6-86363e237f25,exam-hall-03,SINGLE_CHOICE,DRAFT,,,A project manager working in an agile environment realizes that some new team members are having difficulty understanding how more senior team members accomplished certain results on the project. What should the project manager do?,,,A,,A.Arrange a review meeting with stakeholders.,,,FALSE,B,,B.Ensure team members focus on their tasks.,,,FALSE,C,,C.Assess the need for knowledge transfer.,,,FALSE,D,,D.Encourage and facilitate peer mentoring.,,,TRUE,,,,,,,,,,,,,,,,,,,,,,,,,,,,,,,,,,,,,,,,,,,,,,,,,,,,,,,,,,,,,,,,,,,,,,,,,,,,,,,,,,,,,,,,,,,,,,,,
55493bef-80e4-4d23-a4ca-ba8ab5edeb04,exam-hall-03,SINGLE_CHOICE,DRAFT,,,"During a kick-off meeting, the sponsor informs the project team that they can not attend any meetings for the first half of the project. The sponsor would like to assign a replacement. What should the project manager do?",,,A,,A.Request that the replacement holds substantial influence and decision-making authority.,,,FALSE,B,,B.Set up a meeting with the replacement sponsor as soon as possible to discuss the upcoming agenda.,,,FALSE,C,,C.Request the full attention of the sponsor and escalate this issue to the project management office (PMO).,,,FALSE,D,,D.Analyze the impact of the change and work with the sponsor to identify a suitable replacement.,,,TRUE,,,,,,,,,,,,,,,,,,,,,,,,,,,,,,,,,,,,,,,,,,,,,,,,,,,,,,,,,,,,,,,,,,,,,,,,,,,,,,,,,,,,,,,,,,,,,,,,
932585c4-1ab1-42ba-99d5-20de6d2cf674,exam-hall-03,SINGLE_CHOICE,DRAFT,,,"A project manager has just taken over an ongoing project. The previous project manager resigned from the organization. During a review of the project documentation, the project manager realizes there are major deviations in the procurement process used by the previous project manager to engage service providers currently working on the project. What should the project manager do next?",,,A,,A.Call the previous project manager to understand the rationale for the abnormal procurement process.,,,FALSE,B,,B.Contact the service providers to discuss the deviation and demand that they resolve the issue.,,,FALSE,C,,C.Report the service providers and the previous project manager to the ethics committee of the organization.,,,FALSE,D,,D.Flag the abnormal procurement process as a critical issue for the attention of senior management.,,,TRUE,,,,,,,,,,,,,,,,,,,,,,,,,,,,,,,,,,,,,,,,,,,,,,,,,,,,,,,,,,,,,,,,,,,,,,,,,,,,,,,,,,,,,,,,,,,,,,,,
b5fc7905-4027-4a74-8268-25cf108f5328,exam-hall-03,SINGLE_CHOICE,DRAFT,,,"An agile project team has been successfully releasing updated deliverables each sprint that consistently provide an increased value to users. However, the project is running over the initially allocated budget, and there are still many items in the project backlog. Stakeholders have expressed increasing concerns, and the project manager needs to decide on the best course of action to address the situation and manage stakeholder expectations. What should the project manager do?",,,A,,A.Measure user satisfaction and present the results to the steering committee.,,,TRUE,B,,B.Remove the deliverables from the backlog that were not part of the project charter.,,,FALSE,C,,C.Request additional budget based on an updated estimation of the remaining backlog items.,,,FALSE,D,,D.Emphasize the expectation that the committed work must be finished on time.,,,FALSE,,,,,,,,,,,,,,,,,,,,,,,,,,,,,,,,,,,,,,,,,,,,,,,,,,,,,,,,,,,,,,,,,,,,,,,,,,,,,,,,,,,,,,,,,,,,,,,,
7b35919d-4834-4892-b732-e77f8a869bab,exam-hall-03,SINGLE_CHOICE,DRAFT,,,"A project manager in a manufacturing company was notified of a failure of the delivered machinery during the initial tests. The machine failed to comply with standard design specifications, resulting in malfunctions and safety concerns. What should the project manager do first to address the issue?",,,A,,A.Review the initial testing procedure and execution.,,,TRUE,B,,B.Assess the environmental and individual factors.,,,FALSE,C,,C.Evaluate the technical documentation of the machine.,,,FALSE,D,,D.Check the communications between the stakeholders.,,,FALSE,,,,,,,,,,,,,,,,,,,,,,,,,,,,,,,,,,,,,,,,,,,,,,,,,,,,,,,,,,,,,,,,,,,,,,,,,,,,,,,,,,,,,,,,,,,,,,,,
62854f18-116c-4e8f-ac3d-59aa3de090e9,exam-hall-03,SINGLE_CHOICE,DRAFT,,,"A company is kicking off a new hybrid project to be in compliance with government regulations. The team has established a velocity of 50 story points per iteration. Every iteration lasts 1 week. The sponsor wants to know when the project will be done if there are 1,500 story points remaining.",,,A,,A.30 weeks,,,TRUE,B,,B.15 weeks,,,FALSE,C,,C.4 weeks,,,FALSE,D,,D.1 week,,,FALSE,,,,,,,,,,,,,,,,,,,,,,,,,,,,,,,,,,,,,,,,,,,,,,,,,,,,,,,,,,,,,,,,,,,,,,,,,,,,,,,,,,,,,,,,,,,,,,,,
627808ef-9082-424d-8928-7c9b10a85e2d,exam-hall-03,SINGLE_CHOICE,DRAFT,,,"A scrum team is using a hybrid approach with 2-week sprints. The minimum viable product (MVP) release is at the end of the current sprint, and the team has completed the must have and should have features; however, some of the other priority features are still in development. The project manager is preparing the monthly report for the steering committee. What should the project manager recommend?",,,A,,A.Reschedule the MVP release review until all the agreed-on features have been completed.,,,FALSE,B,,B.Update the project management plan to include in the release only the features completed.,,,FALSE,C,,C.Complete the sprint review and release the MVP with the completed features.,,,TRUE,D,,D.Estimate the effort required and submit a change request to add more resources to the team.,,,FALSE,,,,,,,,,,,,,,,,,,,,,,,,,,,,,,,,,,,,,,,,,,,,,,,,,,,,,,,,,,,,,,,,,,,,,,,,,,,,,,,,,,,,,,,,,,,,,,,,
65fdbc58-62cc-44b7-99f1-b1199281e9d1,exam-hall-03,SINGLE_CHOICE,DRAFT,,,"A project manager has just taken over a 5-year project that is at the midpoint. At the steering committee meeting, the CEO asked if the project was on track to deliver the target of a 40% increase in production. The project manager responded that since they only worked on the project for one month, they did not know the status of the project. What should the project manager have done to avoid this situation?",,,A,,A.Reviewed the last status report to understand the project status.,,,FALSE,B,,B.Validated the project status with the lead developer.,,,FALSE,C,,C.Reviewed the last project status with the project sponsor.,,,FALSE,D,,D.Checked the project schedule to understand the project status.,,,TRUE,,,,,,,,,,,,,,,,,,,,,,,,,,,,,,,,,,,,,,,,,,,,,,,,,,,,,,,,,,,,,,,,,,,,,,,,,,,,,,,,,,,,,,,,,,,,,,,,
1110ce5b-b091-495a-b1e2-572f5e80dcf8,exam-hall-03,SINGLE_CHOICE,DRAFT,,,"A project manager is working on a new project. Two key project resources have a disagreement regarding a requirement. The project manager wants to understand both points of view, but one resource is not willing to meet with the project manager. What should the project manager do?",,,A,,A.Escalate the issue to the project sponsor.,,,FALSE,B,,B.Accept the position of the senior project resource.,,,FALSE,C,,C.Review the organizational process assets (OPAs).,,,FALSE,D,,D.Refer to the team's ground rules and project vision.,,,TRUE,,,,,,,,,,,,,,,,,,,,,,,,,,,,,,,,,,,,,,,,,,,,,,,,,,,,,,,,,,,,,,,,,,,,,,,,,,,,,,,,,,,,,,,,,,,,,,,,
d16a8ef0-3c09-4954-a5db-fd07df4e2738,exam-hall-03,MULTIPLE_CHOICE,DRAFT,,,"A project manager is leading a project to implement a process improvement software system that was developed in-house. However, the adoption across the organization was less than 50% due to a misalignment with core processes. Which three of the following actions should the project manager have performed to realize the project benefits? (Choose 3)",,,A,,A.Conducted a full needs assessment in the design phase.,,,TRUE,B,,B.Launched the pilot in a core business unit and collected feedback.,,,TRUE,C,,C.Ensured wider stakeholder engagement to gain greater buy-in.,,,TRUE,D,,D.Instructed the marketing team to collect feedback from customers.,,,FALSE,E,,E.Developed a clear change management plan that included training.,,,FALSE,,,,,,,,,,,,,,,,,,,,,,,,,,,,,,,,,,,,,,,,,,,,,,,,,,,,,,,,,,,,,,,,,,,,,,,,,,,,,,,,,,,,,,,,,,
de83fb5a-957c-407d-9f6d-b80991b0ebcc,exam-hall-03,SINGLE_CHOICE,DRAFT,,,"In an agile project, the project status indicates that the project is 95% completed. During an iteration review, the stakeholders were concerned about the business value being delivered. What should the project manager do to ensure the project is properly aligned?",,,A,,A.Communicate with the stakeholders to mitigate their concerns.,,,FALSE,B,,B.Instruct the project sponsor to review the project goals and work completed.,,,FALSE,C,,C.Meet with the product owner to re-evaluate the project's scope and deliverables.,,,TRUE,D,,D.Request that the business analyst adjust the project goals accordingly.,,,FALSE,,,,,,,,,,,,,,,,,,,,,,,,,,,,,,,,,,,,,,,,,,,,,,,,,,,,,,,,,,,,,,,,,,,,,,,,,,,,,,,,,,,,,,,,,,,,,,,,
7e7ba353-bd85-424f-b5a2-d82cd4e4bafc,exam-hall-03,SINGLE_CHOICE,DRAFT,,,"A project manager is working in a regulated industry, and the team is working on a project where the requirements are prioritized in a backlog. The minimum viable product (MVP) for the launch has been defined. The project manager learns the regulatory body for the project requires a prototype for inspection before that product can be launched. The prototype is not part of the MVP definition. What should the project manager do next?",,,A,,A.Speak with the product owner to prioritize compliance activities in the backlog to submit a prototype to the regulatory body.,,,TRUE,B,,"B.Identify the missing requirements, prioritize the missing regulatory work directly into the backlog, and assign the work to the team.",,,FALSE,C,,"C.Reschedule the launch of the product until the team can produce a prototype for inspection, as required by the regulatory body.",,,FALSE,D,,D.Create a new MVP definition that contains the scope requirements for the required prototype and prioritize that scope with the team.,,,FALSE,,,,,,,,,,,,,,,,,,,,,,,,,,,,,,,,,,,,,,,,,,,,,,,,,,,,,,,,,,,,,,,,,,,,,,,,,,,,,,,,,,,,,,,,,,,,,,,,
5465a145-c98d-4988-9196-997af54eb72d,exam-hall-03,SINGLE_CHOICE,DRAFT,,,A project manager is leading a project to deliver a new product in a heavily regulated industry and must prioritize quality management practices. The project manager is considering the management of quality improvements. What should the project manager emphasize to ensure focus on managing quality improvements?,,,A,,A.Prioritize rapid product release and analyze consumer feedback to identify and execute the necessary quality improvements.,,,FALSE,B,,B.Implement a strategy of frequent quality audits and product defect tracking to identify and address any quality issues.,,,FALSE,C,,C.Streamline quality and compliance practices by delegating responsibility for quality control to a designated team member.,,,FALSE,D,,D.Establish clear quality metrics and targets for each project stage to ensure compliance with regulatory quality standards.,,,TRUE,,,,,,,,,,,,,,,,,,,,,,,,,,,,,,,,,,,,,,,,,,,,,,,,,,,,,,,,,,,,,,,,,,,,,,,,,,,,,,,,,,,,,,,,,,,,,,,,
97954e5f-8760-4f4b-9f7c-f2ec3312839c,exam-hall-03,SINGLE_CHOICE,DRAFT,,,"During a design workshop for a new robot, the engineers ask the project manager about safety and environmental protocols for its operating procedures. What should the project manager do?",,,A,,A.Hire a specialized engineer to support the design team.,,,FALSE,B,,B.Provide the team with the organizational process assets and the project charter.,,,TRUE,C,,C.Look into lessons learned documentation for similar projects.,,,FALSE,D,,D.Run a benchmark with similar plants to capture their compliance constraints.,,,FALSE,,,,,,,,,,,,,,,,,,,,,,,,,,,,,,,,,,,,,,,,,,,,,,,,,,,,,,,,,,,,,,,,,,,,,,,,,,,,,,,,,,,,,,,,,,,,,,,,
38901cfc-e9b6-4224-b860-f9ea150f9043,exam-hall-03,SINGLE_CHOICE,DRAFT,,,"During a project planning session, the project manager is trying to define a release plan to achieve consistent value delivery and customer buy-in. A senior stakeholder suggests having a release at the end of the project to make sure the customer sees all of the product features at once. What should the project manager do?",,,A,,A.Ask the project team to propose a release schedule based on the complexity of specific product features.,,,FALSE,B,,"B.Recommend three releases with one at the beginning, one in the middle, and one at the end of the project.",,,FALSE,C,,C.Create release plans for each time a product feature is delivered to conduct quality testing and reviews.,,,FALSE,D,,D.Propose that the product be delivered over the course of multiple iterations to gather customer feedback.,,,TRUE,,,,,,,,,,,,,,,,,,,,,,,,,,,,,,,,,,,,,,,,,,,,,,,,,,,,,,,,,,,,,,,,,,,,,,,,,,,,,,,,,,,,,,,,,,,,,,,,
9c591569-8a05-4027-9a0f-3f2479222608,exam-hall-03,SINGLE_CHOICE,DRAFT,,,"While planning a new project, a new project manager finds that the request for proposal (RFP) references several government regulations. However, the project manager discovers that compliance guidelines related to two specific regulations are being created and are not currently available. Senior management advises the project manager that the guidelines will be available when that stage of the project is reached and directs the project manager to continue working on the proposal. What should the project manager do?",,,A,,A.Delay the project and explain the consequences of non-compliance to senior management.,,,FALSE,B,,B.Document the interactions with senior management as assumptions in the assumption log.,,,TRUE,C,,C.Verify the requirements for the government regulations and establish a strategy for compliance.,,,FALSE,D,,D.Continue working on the proposal and update it as more compliance guidelines are understood.,,,FALSE,,,,,,,,,,,,,,,,,,,,,,,,,,,,,,,,,,,,,,,,,,,,,,,,,,,,,,,,,,,,,,,,,,,,,,,,,,,,,,,,,,,,,,,,,,,,,,,,
