external_id,topic_slug,type,status,content_vi,explanation_vi,content_en,explanation_en,media_ids,option_1_label,option_1_content_vi,option_1_content_en,option_1_match_vi,option_1_match_en,option_1_correct,option_2_label,option_2_content_vi,option_2_content_en,option_2_match_vi,option_2_match_en,option_2_correct,option_3_label,option_3_content_vi,option_3_content_en,option_3_match_vi,option_3_match_en,option_3_correct,option_4_label,option_4_content_vi,option_4_content_en,option_4_match_vi,option_4_match_en,option_4_correct,option_5_label,option_5_content_vi,option_5_content_en,option_5_match_vi,option_5_match_en,option_5_correct,option_6_label,option_6_content_vi,option_6_content_en,option_6_match_vi,option_6_match_en,option_6_correct,option_7_label,option_7_content_vi,option_7_content_en,option_7_match_vi,option_7_match_en,option_7_correct,option_8_label,option_8_content_vi,option_8_content_en,option_8_match_vi,option_8_match_en,option_8_correct,option_9_label,option_9_content_vi,option_9_content_en,option_9_match_vi,option_9_match_en,option_9_correct,option_10_label,option_10_content_vi,option_10_content_en,option_10_match_vi,option_10_match_en,option_10_correct,option_11_label,option_11_content_vi,option_11_content_en,option_11_match_vi,option_11_match_en,option_11_correct,option_12_label,option_12_content_vi,option_12_content_en,option_12_match_vi,option_12_match_en,option_12_correct,option_13_label,option_13_content_vi,option_13_content_en,option_13_match_vi,option_13_match_en,option_13_correct,option_14_label,option_14_content_vi,option_14_content_en,option_14_match_vi,option_14_match_en,option_14_correct,option_15_label,option_15_content_vi,option_15_content_en,option_15_match_vi,option_15_match_en,option_15_correct,option_16_label,option_16_content_vi,option_16_content_en,option_16_match_vi,option_16_match_en,option_16_correct,option_17_label,option_17_content_vi,option_17_content_en,option_17_match_vi,option_17_match_en,option_17_correct,option_18_label,option_18_content_vi,option_18_content_en,option_18_match_vi,option_18_match_en,option_18_correct,option_19_label,option_19_content_vi,option_19_content_en,option_19_match_vi,option_19_match_en,option_19_correct,option_20_label,option_20_content_vi,option_20_content_en,option_20_match_vi,option_20_match_en,option_20_correct
6729bdad-ea26-4317-aa6d-72a66f7ca373,exam-hall-02,SINGLE_CHOICE,DRAFT,,,"During the design phase, a project manager realizes that the project will benefit from using adaptive tools. The effectiveness of this approach has been proven in past projects inside the organization. What should the project manager do first?",,,A,,A.Confirm team capabilities before introducing adaptive tools and artifacts to the project.,,,TRUE,B,,B.Contact the project sponsor and request new team members who are familiar with adaptive projects.,,,FALSE,C,,C.Freeze the design stage and look for an external resource to run iterative design at extra cost.,,,FALSE,D,,D.Update project documents to include adaptive tools and artifacts and plan the first iterative session.,,,FALSE,,,,,,,,,,,,,,,,,,,,,,,,,,,,,,,,,,,,,,,,,,,,,,,,,,,,,,,,,,,,,,,,,,,,,,,,,,,,,,,,,,,,,,,,,,,,,,,,
8368e935-5152-4ba6-b46d-c0cbc800e28a,exam-hall-02,SINGLE_CHOICE,DRAFT,,,"A project is facing a one-month delay, and the project manager realizes that a change request is necessary. The change control board (CCB) will review the change request at their next meeting, which is in two weeks. However, if the implementation of this change is delayed by two weeks, upcoming supply chain disruptions will cause a two-month delay to the project schedule. What should the project manager do?",,,A,,A.Implement the change immediately to avoid the upcoming supply chain disruptions and the two-month delay.,,,FALSE,B,,B.Revise the change request to incorporate the additional two-month delay due to upcoming supply chain disruptions.,,,TRUE,C,,C.Meet with the sponsor and ask them to contact the CCB and request their immediate approval.,,,FALSE,D,,D.Request that the CEO approve and implement the change to avoid the potential two-month delay.,,,FALSE,,,,,,,,,,,,,,,,,,,,,,,,,,,,,,,,,,,,,,,,,,,,,,,,,,,,,,,,,,,,,,,,,,,,,,,,,,,,,,,,,,,,,,,,,,,,,,,,
a368a463-5655-4e18-b5a9-21de1d44e553,exam-hall-02,SINGLE_CHOICE,DRAFT,,,"A project manager was recently assigned to an information technology project. The project is in the initiation stage, and the team found a compatibility issue in the technical infrastructure used by the vendor and the organization. What initial step should the project manager take to address this issue effectively?",,,A,,A.Examine if there is an alternate solution.,,,FALSE,B,,B.Escalate the issue to the technical infrastructure team.,,,FALSE,C,,C.Check the lessons learned database.,,,TRUE,D,,D.Consult the project sponsor about the issue.,,,FALSE,,,,,,,,,,,,,,,,,,,,,,,,,,,,,,,,,,,,,,,,,,,,,,,,,,,,,,,,,,,,,,,,,,,,,,,,,,,,,,,,,,,,,,,,,,,,,,,,
6ac708bd-a121-4c05-b453-686437017ccc,exam-hall-02,SINGLE_CHOICE,DRAFT,,,A project manager is working on a deployment project to replace some equipment that will soon become obsolete. A review of the schedule and cost has revealed that a 5-month delay is likely. How should the project manager address risks from the delay?,,,A,,A.Analyze the business impact in order to reprioritize the deliverables.,,,TRUE,B,,B.Request to negotiate with the vendors for a longer support period.,,,FALSE,C,,C.Ask to order new equipment immediately so there will be no support issues.,,,FALSE,D,,D.Acknowledge these constraints and take them into account when planning.,,,FALSE,,,,,,,,,,,,,,,,,,,,,,,,,,,,,,,,,,,,,,,,,,,,,,,,,,,,,,,,,,,,,,,,,,,,,,,,,,,,,,,,,,,,,,,,,,,,,,,,
8d468b55-3229-483f-a78c-5d7748673b65,exam-hall-02,SINGLE_CHOICE,DRAFT,,,"During project execution, a project manager is informed that some resources will soon be removed from the project. What should the project manager do to address this situation?",,,A,,A.Schedule an urgent meeting to keep stakeholders informed.,,,FALSE,B,,B.Inform the stakeholders during the next scheduled review meeting.,,,FALSE,C,,C.Update the risk register with this urgent risk to the project.,,,FALSE,D,,D.Determine which resources are essential and request resource leveling.,,,TRUE,,,,,,,,,,,,,,,,,,,,,,,,,,,,,,,,,,,,,,,,,,,,,,,,,,,,,,,,,,,,,,,,,,,,,,,,,,,,,,,,,,,,,,,,,,,,,,,,
741485f4-55cd-4e50-bf1b-49db1ec59bba,exam-hall-02,SINGLE_CHOICE,DRAFT,,,A stakeholder complains that a product component is not easy to use. What should be the immediate next step for the project manager?,,,A,,A.Check if the component meets the design and performance specifications.,,,TRUE,B,,B.Collaborate with the stakeholder to confirm the acceptance criteria for the product.,,,FALSE,C,,C.Ask a user experience expert to meet with the stakeholder and explain the component design.,,,FALSE,D,,D.Raise a change request according to the stakeholder’s requirement concerns.,,,FALSE,,,,,,,,,,,,,,,,,,,,,,,,,,,,,,,,,,,,,,,,,,,,,,,,,,,,,,,,,,,,,,,,,,,,,,,,,,,,,,,,,,,,,,,,,,,,,,,,
4d7724ef-24c2-4bbb-8d79-31dafbbbad86,exam-hall-02,SINGLE_CHOICE,DRAFT,,,A project manager is overseeing a procurement project for a company that has a dedicated procurement management team that handles all contracts. The quarterly report identifies six contracts that do not align with the company's objectives. What will be the most suitable action for the project manager to take?,,,A,,A.Keep the six contracts despite their misalignment.,,,FALSE,B,,B.Suggest terminating all contracts that are misaligned.,,,TRUE,C,,C.Ask the project sponsor to revise the contracts.,,,FALSE,D,,D.Request that the customer revise the contracts.,,,FALSE,,,,,,,,,,,,,,,,,,,,,,,,,,,,,,,,,,,,,,,,,,,,,,,,,,,,,,,,,,,,,,,,,,,,,,,,,,,,,,,,,,,,,,,,,,,,,,,,
fd4e11c3-2e18-4c6f-91a0-9e4d27332e79,exam-hall-02,SINGLE_CHOICE,DRAFT,,,"A virtual team is midway through a sprint on a complex task and is ahead of schedule. During the daily coordination meeting, a new team member interrupts and asks everyone to describe what they worked on prior to the current sprint. How should the project manager handle this situation?",,,A,,A.Thank the new team member for their interest and direct them to the project management plan.,,,FALSE,B,,B.Explain that the daily coordination meeting is not the best time for this discussion.,,,TRUE,C,,C.Instruct the new team member to leave the daily coordination meeting because they are interrupting.,,,FALSE,D,,D.Ask all team members to list the tasks they completed prior to the current sprint.,,,FALSE,,,,,,,,,,,,,,,,,,,,,,,,,,,,,,,,,,,,,,,,,,,,,,,,,,,,,,,,,,,,,,,,,,,,,,,,,,,,,,,,,,,,,,,,,,,,,,,,
7113220d-53e2-45a7-9fdc-95d3b5b98373,exam-hall-02,SINGLE_CHOICE,DRAFT,,,"A dispersed project team just finished a sprint with complex tasks ahead of schedule. During the retrospective, a new member of the team interrupts and asks everyone to explain their roles and what they are planning on working on for the next sprint. What should the project manager do?",,,A,,A.Address the situation immediately and answer the new team member directly.,,,FALSE,B,,B.Inform the team member that this would be best handled in another meeting.,,,TRUE,C,,C.Ask each team member to explain their role and what they will work on for the next sprint.,,,FALSE,D,,D.Set up one-on-one meetings with each team member and the new team member.,,,FALSE,,,,,,,,,,,,,,,,,,,,,,,,,,,,,,,,,,,,,,,,,,,,,,,,,,,,,,,,,,,,,,,,,,,,,,,,,,,,,,,,,,,,,,,,,,,,,,,,
f3b0a680-466d-4799-b201-215408d21f54,exam-hall-02,SINGLE_CHOICE,DRAFT,,,A project manager has received quotes from two vendors for the same parts. Vendor A has informed the project manager that they fulfilled a similar order two months ago at a price that was 2% under the original planned cost. Vendor B has a history of on-time delivery but has announced a price increase. How should the project manager evaluate this situation?,,,A,,A.Review the agreements and procurement documentation for Vendor B to force them to keep the original pricing.,,,FALSE,B,,"B.Evaluate the contract clauses to reduce the orders from Vendor B, and buy them from Vendor A to improve project indicators.",,,FALSE,C,,"C.Use the metrics from Vendor A to request better pricing from Vendor B, keeping both providers as a risk mitigation strategy.",,,FALSE,D,,D.Review the work performance information of both vendors against their contracts to find the preferred supplier.,,,TRUE,,,,,,,,,,,,,,,,,,,,,,,,,,,,,,,,,,,,,,,,,,,,,,,,,,,,,,,,,,,,,,,,,,,,,,,,,,,,,,,,,,,,,,,,,,,,,,,,
57b39b36-f1cc-457b-8412-1cf1d9fa5595,exam-hall-02,SINGLE_CHOICE,DRAFT,,,"While closing a project, the client finds some defects in the deliverable. What should the project manager do next?",,,A,,A.Review the output against the acceptance criteria.,,,TRUE,B,,B.Extend the project until all deliverables are accepted.,,,FALSE,C,,C.Persuade the client to accept the output as is.,,,FALSE,D,,D.Pay the penalty for the defective deliverable.,,,FALSE,,,,,,,,,,,,,,,,,,,,,,,,,,,,,,,,,,,,,,,,,,,,,,,,,,,,,,,,,,,,,,,,,,,,,,,,,,,,,,,,,,,,,,,,,,,,,,,,
9b7d6bba-3f3a-46f8-a257-3c60d7391ab2,exam-hall-02,SINGLE_CHOICE,DRAFT,,,"An organizational transformation project has two workstreams running in parallel between corporate headquarters and an overseas office. Before kick-off, the project manager is scheduled to meet the overseas office leader. What should the focus of the meeting be?",,,A,,"A.Informing the overseas office leader of the project's strategic value, key deliverables, and their expected involvement.",,,TRUE,B,,B.Reaching an agreement on the choice of procurement strategies to be employed by the overseas office.,,,FALSE,C,,C.Assisting the overseas office leader in communicating with the corporate headquarters staff about the project.,,,FALSE,D,,D.Identifying and assigning a subject matter expert (SME) to represent the project at the overseas office.,,,FALSE,,,,,,,,,,,,,,,,,,,,,,,,,,,,,,,,,,,,,,,,,,,,,,,,,,,,,,,,,,,,,,,,,,,,,,,,,,,,,,,,,,,,,,,,,,,,,,,,
3adf1c21-2401-4dd6-98d4-51cf38417651,exam-hall-02,SINGLE_CHOICE,DRAFT,,,"A client has contracted a company to manage a large project in an agile environment with many subcontractors. The client is giving direct orders to the subcontractors, rather than to the contractor's project manager. This has created conflict within the team. What should the project manager do to prevent this situation from occurring again?",,,A,,A.Keep the team informed about client expectations.,,,FALSE,B,,B.Invite the client to the team planning meeting.,,,FALSE,C,,C.Tell the team to avoid conflicts with the client.,,,FALSE,D,,D.Ask the client not to give direct orders to the subcontractors.,,,TRUE,,,,,,,,,,,,,,,,,,,,,,,,,,,,,,,,,,,,,,,,,,,,,,,,,,,,,,,,,,,,,,,,,,,,,,,,,,,,,,,,,,,,,,,,,,,,,,,,
17948657-ba59-4521-b86d-b4567f8a3260,exam-hall-02,SINGLE_CHOICE,DRAFT,,,"During project execution, the project sponsor decides to replace a subject matter expert (SME) on the project. What should the project manager do?",,,A,,A.Negotiate with the project sponsor to retain the SME on the project.,,,FALSE,B,,B.Ensure there is sufficient knowledge transfer between the SME and their replacement.,,,TRUE,C,,C.Indicate to the new SME that the project knowledge base has all the needed information.,,,FALSE,D,,D.Meet with the project sponsor to explain the conflicts among the project team.,,,FALSE,,,,,,,,,,,,,,,,,,,,,,,,,,,,,,,,,,,,,,,,,,,,,,,,,,,,,,,,,,,,,,,,,,,,,,,,,,,,,,,,,,,,,,,,,,,,,,,,
167b35f5-5b41-4bd2-b1d0-3c66c57eaeb9,exam-hall-02,SINGLE_CHOICE,DRAFT,,,"A project manager is assigned to take over an ongoing project. During the quality review, the team discovered that 40% of the deliverables have defects and require rework, with an expected worsening trend. What should the project manager's first step be?",,,A,,A.Evaluate the cost of the rework.,,,FALSE,B,,B.Review the quality management plan.,,,FALSE,C,,C.Review the user stories.,,,FALSE,D,,D.Perform a root cause analysis.,,,TRUE,,,,,,,,,,,,,,,,,,,,,,,,,,,,,,,,,,,,,,,,,,,,,,,,,,,,,,,,,,,,,,,,,,,,,,,,,,,,,,,,,,,,,,,,,,,,,,,,
e74ec33d-a7d4-46ca-8b76-8e332e4147de,exam-hall-02,SINGLE_CHOICE,DRAFT,,,A customer reviewed a product and requested additional features that were not in the requirements documentation. The work-in-progress (WIP) limits have already been optimized for the teams working on different work components. How should the project manager begin to resolve the customer requirements?,,,A,,A.Build the product according to the previously agreed customer requirements.,,,FALSE,B,,B.Discuss the feasibility and impact of the new features with the product owner.,,,TRUE,C,,C.Breakdown work on additional features with existing component teams.,,,FALSE,D,,D.Release increments of the additional features for customer validation.,,,FALSE,,,,,,,,,,,,,,,,,,,,,,,,,,,,,,,,,,,,,,,,,,,,,,,,,,,,,,,,,,,,,,,,,,,,,,,,,,,,,,,,,,,,,,,,,,,,,,,,
dff76d49-01f0-4827-a8b8-57187ea7f4e3,exam-hall-02,SINGLE_CHOICE,DRAFT,,,"A project team has complete access to all project-related data, including visual data and information like the Gantt chart, prioritization matrix, story map, and other inputs. However, a project team member repeatedly requests more granular details on a work package than the Gantt chart indicates. The Gantt chart is confirmed to be comprehensive and current, and the other project team members feel that the current Gantt chart is sufficiently detailed. What should a project manager do to address this situation?",,,A,,A.Create a new communication channel with granular updates.,,,FALSE,B,,B.Ensure that the team member understands the granular information retrieval process.,,,TRUE,C,,C.Remind the project team member that the Gantt chart was the agreed format.,,,FALSE,D,,D.Continue to ignore the project team members' requests.,,,FALSE,,,,,,,,,,,,,,,,,,,,,,,,,,,,,,,,,,,,,,,,,,,,,,,,,,,,,,,,,,,,,,,,,,,,,,,,,,,,,,,,,,,,,,,,,,,,,,,,
81be8e6f-86e6-48ac-a346-0831cfe4415c,exam-hall-02,SINGLE_CHOICE,DRAFT,,,"An organization is adopting an agile approach to fulfill its customer's requirements. Prior to that, the organization worked with specialized resources and project managers who were assigned to the project for a fixed amount of time. What should the organization change to better adopt the agile approach for resource planning?",,,A,,A.The product owner should request specialists to be assigned to the team only when they are required.,,,FALSE,B,,B.The team should consist of generalists and specialists capable of adapting to changing requirements.,,,TRUE,C,,C.The agile team should decide on which customer requirements will be developed and delivered.,,,FALSE,D,,D.Customer involvement should be reduced in order to avoid disruptions and confusion.,,,FALSE,,,,,,,,,,,,,,,,,,,,,,,,,,,,,,,,,,,,,,,,,,,,,,,,,,,,,,,,,,,,,,,,,,,,,,,,,,,,,,,,,,,,,,,,,,,,,,,,
fd5d3d02-af90-4618-a318-0044c6e88597,exam-hall-02,SINGLE_CHOICE,DRAFT,,,"In the most recent sprint review meeting, the client announced that they need to implement two of the five modules committed for the project in a few weeks. What should the project manager do?",,,A,,A.Conduct a brainstorming meeting.,,,FALSE,B,,B.Employ the nominal group technique.,,,FALSE,C,,C.Conduct a release plan meeting.,,,TRUE,D,,D.Use prototypes to refine the design.,,,FALSE,,,,,,,,,,,,,,,,,,,,,,,,,,,,,,,,,,,,,,,,,,,,,,,,,,,,,,,,,,,,,,,,,,,,,,,,,,,,,,,,,,,,,,,,,,,,,,,,
d4fc85e2-48ec-4dab-8d89-567dbf1c7b37,exam-hall-02,SINGLE_CHOICE,DRAFT,,,"In the middle of a release, the project manager is replaced. Feedback provided by the team to the new project manager hinted at team friction caused by the previous project manager's constant demands for rapid delivery. What approach should the new project manager adopt to quickly establish credibility with the team?",,,A,,"A.Do what the team needs to be done, maintain the action log, and provide feedback.",,,FALSE,B,,"B.Help the team succeed with excellent service, on-time commitments, and an adequate budget.",,,FALSE,C,,"C.Assess the culture of the team, and observe and interact with them.",,,TRUE,D,,"D.Have the team explain what is needed, create tasks, and report progress on those tasks.",,,FALSE,,,,,,,,,,,,,,,,,,,,,,,,,,,,,,,,,,,,,,,,,,,,,,,,,,,,,,,,,,,,,,,,,,,,,,,,,,,,,,,,,,,,,,,,,,,,,,,,
62173f83-b254-4a07-8989-bfbd43393e3e,exam-hall-02,SINGLE_CHOICE,DRAFT,,,An organization makes an acquisition of a similar product halfway through the development cycle of a potential product. This might create an overlap in the product portfolio. What should the project manager do next?,,,A,,A.Assess the feasibility and viability of the project with the product owner.,,,TRUE,B,,B.Continue to develop the product for the benefit of the organization.,,,FALSE,C,,C.Discuss the potential impact of the acquisition with team members.,,,FALSE,D,,D.Halt the project until a clear path emerges for the product roadmap.,,,FALSE,,,,,,,,,,,,,,,,,,,,,,,,,,,,,,,,,,,,,,,,,,,,,,,,,,,,,,,,,,,,,,,,,,,,,,,,,,,,,,,,,,,,,,,,,,,,,,,,
2393cb09-7b56-420e-8a6e-1e870e10b889,exam-hall-02,SINGLE_CHOICE,DRAFT,,,"After emailing a recent project status report, the project manager learns that a number of recipients are no longer involved with the project. The project manager needs to verify the distribution list for future status reports. What should the project manager do?",,,A,,A.Review and update the communications management plan.,,,TRUE,B,,B.Review and update the schedule management plan.,,,FALSE,C,,C.Review and update the responsibility assignment matrix.,,,FALSE,D,,D.Review and update the resource management plan.,,,FALSE,,,,,,,,,,,,,,,,,,,,,,,,,,,,,,,,,,,,,,,,,,,,,,,,,,,,,,,,,,,,,,,,,,,,,,,,,,,,,,,,,,,,,,,,,,,,,,,,
b516024f-a54f-4e86-ade7-e36d45fb0e97,exam-hall-02,SINGLE_CHOICE,DRAFT,,,"A project team, distributed across three different countries, is having a difficult time arranging meetings. The team members are also unclear about the project requirements and are having trouble getting their questions answered. What should be done to increase project success?",,,A,,A.Work independently until it is necessary to integrate the work.,,,FALSE,B,,B.Review the communications management plan and increase information sharing.,,,TRUE,C,,C.Increase the frequency of team meetings to discuss any questions.,,,FALSE,D,,D.Bring questions to the functional managers to resolve issues across the team.,,,FALSE,,,,,,,,,,,,,,,,,,,,,,,,,,,,,,,,,,,,,,,,,,,,,,,,,,,,,,,,,,,,,,,,,,,,,,,,,,,,,,,,,,,,,,,,,,,,,,,,
2948fefd-637d-4860-8ded-6faa416227fa,exam-hall-02,SINGLE_CHOICE,DRAFT,,,"An adaptative project team is globally distributed and the team members speak different primary languages. Daily meetings are conducted virtually in a common language. The project manager is made aware that there are some communication issues. Differences in pronunciation, accent, and vocabulary make it extremely difficult for some members to understand each other. What should the project manager tailor to improve the daily meeting and avoid misunderstanding?",,,A,,A.Use the call to verbally summarize the work status as reported by the team members.,,,FALSE,B,,B.Use an electronic task board to give a visual representation of work status and progress.,,,TRUE,C,,C.Ask for a change in the project's budget to provide access to a translation service.,,,FALSE,D,,"D.Ask all team members to report on work completed, upcoming work, and blockers.",,,FALSE,,,,,,,,,,,,,,,,,,,,,,,,,,,,,,,,,,,,,,,,,,,,,,,,,,,,,,,,,,,,,,,,,,,,,,,,,,,,,,,,,,,,,,,,,,,,,,,,
58ca1733-7ff8-453a-9e5b-91ec8ebc5f06,exam-hall-02,SINGLE_CHOICE,DRAFT,,,"A project manager is assigned to a new project. The requirements are still evolving, but there is a need to deliver business value quickly. What approach should the project manager take in this situation?",,,A,,A.Develop mitigation strategies to address the risks of evolving requirements.,,,FALSE,B,,B.Use a product backlog and complete the highest priority requirements first.,,,TRUE,C,,C.Ensure scope changes are documented in the requirements traceability matrix.,,,FALSE,D,,D.Develop a feature burndown chart and show progress on requirements.,,,FALSE,,,,,,,,,,,,,,,,,,,,,,,,,,,,,,,,,,,,,,,,,,,,,,,,,,,,,,,,,,,,,,,,,,,,,,,,,,,,,,,,,,,,,,,,,,,,,,,,
05538d61-9e5e-428e-b3b5-13103b6370ae,exam-hall-02,SINGLE_CHOICE,DRAFT,,,"An experienced project manager is mentoring a new project manager assigned to their first project. As the new project manager prepares for the project, they are overwhelmed by the number of stakeholders identified by the team. What should the experienced project manager tell the new project manager to do next?",,,A,,A.Perform a stakeholder analysis to determine the relative importance.,,,TRUE,B,,B.Categorize key stakeholders using a workbook register.,,,FALSE,C,,C.Update the communications management plan with stakeholder preferences.,,,FALSE,D,,D.Prioritize stakeholders based on the stakeholder register.,,,FALSE,,,,,,,,,,,,,,,,,,,,,,,,,,,,,,,,,,,,,,,,,,,,,,,,,,,,,,,,,,,,,,,,,,,,,,,,,,,,,,,,,,,,,,,,,,,,,,,,
05770f24-8494-41b5-8ab6-5d392413d762,exam-hall-02,SINGLE_CHOICE,DRAFT,,,"An oil refinery project is in the middle of the execution phase. The project team found that the project is delayed because of an environmental regulation change, procurement delays, and a change in government. However, the project deliverable is still urgently needed. What should the project manager do next?",,,A,,"A.Terminate the project immediately, avoid further loss through more expenditure, and absorb the current loss.",,,FALSE,B,,"B.Review the impact of the changes, comply with the new regulations, and then propose a realistic plan.",,,TRUE,C,,"C.Make the necessary arrangements for the procurement materials, and continue the project as planned.",,,FALSE,D,,D.Stop the project and negotiate with the new government to pay the invoices for work done up to that point.,,,FALSE,,,,,,,,,,,,,,,,,,,,,,,,,,,,,,,,,,,,,,,,,,,,,,,,,,,,,,,,,,,,,,,,,,,,,,,,,,,,,,,,,,,,,,,,,,,,,,,,
e86fb348-0bb0-4bae-b642-379c3d4b5565,exam-hall-02,SINGLE_CHOICE,DRAFT,,,"A developer is expressing concerns about the time spent on daily standups, updating stories, creating tasks, and reviewing dependencies between stories instead of developing code. Other team members support the comment. What should a servant leader do next?",,,A,,A.Ask for suggestions on how to manage their time more effectively.,,,FALSE,B,,B.Reduce the interactions among team members to increase development time.,,,FALSE,C,,C.Explain the definition of an information radiator to the project team.,,,FALSE,D,,D.Acknowledge the developer's frustration and emphasize the benefit of each activity.,,,TRUE,,,,,,,,,,,,,,,,,,,,,,,,,,,,,,,,,,,,,,,,,,,,,,,,,,,,,,,,,,,,,,,,,,,,,,,,,,,,,,,,,,,,,,,,,,,,,,,,
88986f51-08c3-4445-8a08-b3004b84f383,exam-hall-02,SINGLE_CHOICE,DRAFT,,,"A developer has completed the deliverable for a feature. The product owner is not sure how to assess the quality of the deliverable. Considering that the project is using an agile approach, what kind of tool or technique should the product owner use?",,,A,,A.Expert judgment,,,FALSE,B,,B.Decision making,,,FALSE,C,,C.Demonstrations/reviews,,,TRUE,D,,D.Checklists,,,FALSE,,,,,,,,,,,,,,,,,,,,,,,,,,,,,,,,,,,,,,,,,,,,,,,,,,,,,,,,,,,,,,,,,,,,,,,,,,,,,,,,,,,,,,,,,,,,,,,,
23f8775b-cf9e-4ac4-8f64-856c1ec1b536,exam-hall-02,SINGLE_CHOICE,DRAFT,,,"During execution, the customer submits a change request to maintain the project's business value, which has been threatened by a recently implemented government regulatory change. The project manager analyzes the change, which will require 50% of the project deliverable to be reworked and will incur additional costs to the customer. What should the project manager do?",,,A,,A.Submit the change request to the CCB as the customer will be comfortable absorbing all additional costs.,,,FALSE,B,,B.Submit the change request to the CCB and advise the panel to consider rejecting the request due to its impact.,,,FALSE,C,,"C.Submit the change request to the CCB and explain the reason for the request, including a cost-impact analysis.",,,TRUE,D,,"D.Submit the change request to show the change as having no impact, then proceed without notifying the CCB.",,,FALSE,,,,,,,,,,,,,,,,,,,,,,,,,,,,,,,,,,,,,,,,,,,,,,,,,,,,,,,,,,,,,,,,,,,,,,,,,,,,,,,,,,,,,,,,,,,,,,,,
fc72d1af-c383-4356-9ede-ba5b80255a72,exam-hall-02,SINGLE_CHOICE,DRAFT,,,A project manager is leading a complex software development project. The project team cannot agree on which process to use when solving a specific problem. What approach should the project manager take to help bring the team to consensus?,,,A,,A.Exert expert authority and define the path forward for the team.,,,FALSE,B,,"B.Update the responsible, accountable, consult, and inform (RACI) matrix and assign the work to a different team.",,,FALSE,C,,C.Assign a new team lead who has experience in solving similar software development problems.,,,FALSE,D,,D.Facilitate a meeting and encourage team members to come up with potential solutions.,,,TRUE,,,,,,,,,,,,,,,,,,,,,,,,,,,,,,,,,,,,,,,,,,,,,,,,,,,,,,,,,,,,,,,,,,,,,,,,,,,,,,,,,,,,,,,,,,,,,,,,
cc78d90a-9cf0-42d5-8c00-42b7c9e5d114,exam-hall-02,SINGLE_CHOICE,DRAFT,,,"During project closure, the team considers that the final sprint retrospective is not necessary because there are no remaining sprints. What could be a possible helpful outcome of holding this sprint retrospective?",,,A,,A.Improvement in velocity if the same team is formed in the future,,,FALSE,B,,B.Promotion opportunities for the team members,,,FALSE,C,,C.Information that could be useful for future projects,,,TRUE,D,,D.Tips for adapting to working together if that happens in the near future,,,FALSE,,,,,,,,,,,,,,,,,,,,,,,,,,,,,,,,,,,,,,,,,,,,,,,,,,,,,,,,,,,,,,,,,,,,,,,,,,,,,,,,,,,,,,,,,,,,,,,,
0db529e8-4eab-48d5-b5c0-8ad4d001762a,exam-hall-02,SINGLE_CHOICE,DRAFT,,,Some of the project's materials have been ordered from overseas. The supplier notifies the project team that the materials will not reach the site on time due to a customs clearance delay that will affect the critical path. What should the project manager do first?,,,A,,A.Ask the logistics team to arrange an expedited clearance.,,,FALSE,B,,B.Revisit the risk register and implement the respective risk response.,,,TRUE,C,,C.Identify the root cause of the delay and add it to the bid documents.,,,FALSE,D,,D.Ensure the suppliers cover any additional costs due to the delay.,,,FALSE,,,,,,,,,,,,,,,,,,,,,,,,,,,,,,,,,,,,,,,,,,,,,,,,,,,,,,,,,,,,,,,,,,,,,,,,,,,,,,,,,,,,,,,,,,,,,,,,
09aea39c-7fb2-4091-b66b-7747296c0d9f,exam-hall-02,SINGLE_CHOICE,DRAFT,,,"During a one-year project, a team delivered everything as requested and defined by the product owner and met all of the sprint goals. The project was on track regarding schedule, scope, and budget. A few months after the project release, the product satisfaction surveys show that the customer's level of satisfaction is surprisingly low. What should the project manager do to prevent this situation in the future?",,,A,,A.Hold a kick-off meeting at the beginning of the project.,,,FALSE,B,,B.Improve application of test automation techniques.,,,FALSE,C,,C.Increase project management office (PMO) involvement.,,,FALSE,D,,D.Conduct periodic reviews with customer involvement.,,,TRUE,,,,,,,,,,,,,,,,,,,,,,,,,,,,,,,,,,,,,,,,,,,,,,,,,,,,,,,,,,,,,,,,,,,,,,,,,,,,,,,,,,,,,,,,,,,,,,,,
9d6fdd2d-3f0e-4369-bf1c-afe456e4341b,exam-hall-02,SINGLE_CHOICE,DRAFT,,,"A project manager was recently assigned to an investigation project. Due to the complexity of the project, the project manager is unsure if any regulation applies. How should the project manager determine which regulations apply to the project?",,,A,,A.Consult with a manager who has a higher level of authority for this decision.,,,FALSE,B,,B.Contact the project management office (PMO) manager as they are in charge of determining the regulations required for agile projects.,,,FALSE,C,,"C.Schedule a meeting with key stakeholders, subject matter experts (SMEs), and the project team to better understand if any regulations are applicable.",,,TRUE,D,,D.Request a signed letter from the client to confirm if any regulations apply to any project deliverables.,,,FALSE,,,,,,,,,,,,,,,,,,,,,,,,,,,,,,,,,,,,,,,,,,,,,,,,,,,,,,,,,,,,,,,,,,,,,,,,,,,,,,,,,,,,,,,,,,,,,,,,
8fc00501-328c-42f8-af7f-416916a65f54,exam-hall-02,SINGLE_CHOICE,DRAFT,,,"During a kick-off meeting with the project sponsor and various project members, it became clear that it was not necessary for some participants to be present. In addition, one required expert was not aware of the meeting and was not present at the meeting. What should the project manager have done to prevent this from happening?",,,A,,A.Established a fixed communication platform to provide updates on the project to all stakeholders.,,,FALSE,B,,B.Managed stakeholder engagement by involving the stakeholders in the appropriate phases of the project.,,,TRUE,C,,C.Developed the project charter including the roles and responsibilities of all the stakeholders.,,,FALSE,D,,D.Created a responsibility matrix to notify stakeholders of the meetings they are required to attend.,,,FALSE,,,,,,,,,,,,,,,,,,,,,,,,,,,,,,,,,,,,,,,,,,,,,,,,,,,,,,,,,,,,,,,,,,,,,,,,,,,,,,,,,,,,,,,,,,,,,,,,
876a4cee-7565-4497-97d6-880300bd863b,exam-hall-02,SINGLE_CHOICE,DRAFT,,,An agile team is developing a product with strict budget constraints. The customer is requesting a new independent feature be added to the solution in development. The project manager is concerned that adding the new feature will exceed the budget. What should the project manager do next?,,,A,,A.Evaluate the new feature with the customer.,,,TRUE,B,,B.Reject adding the new feature.,,,FALSE,C,,C.Add the new feature to the product backlog.,,,FALSE,D,,D.Reprioritize the product backlog.,,,FALSE,,,,,,,,,,,,,,,,,,,,,,,,,,,,,,,,,,,,,,,,,,,,,,,,,,,,,,,,,,,,,,,,,,,,,,,,,,,,,,,,,,,,,,,,,,,,,,,,
5f485c19-73f4-429a-b8e9-da82d42fd2be,exam-hall-02,SINGLE_CHOICE,DRAFT,,,"A new project manager is assigned to an ongoing agile project. The project is now starting its second 4-week iteration cycle. The project manager finds there are significant differences of opinion within the project team, leading to major setbacks for the project. What should the project manager do in order to help overcome differences and bring the project back on track?",,,A,,A.Promote conversation among team members in upcoming review meetings to help solve the problem.,,,TRUE,B,,B.Schedule a team out activity to allow people to know each other better and feel comfortable talking.,,,FALSE,C,,C.Allow the team to self-organize before the next iteration to solve the problem.,,,FALSE,D,,D.Reach out to their functional managers so they can talk to the team members and solve the problem.,,,FALSE,,,,,,,,,,,,,,,,,,,,,,,,,,,,,,,,,,,,,,,,,,,,,,,,,,,,,,,,,,,,,,,,,,,,,,,,,,,,,,,,,,,,,,,,,,,,,,,,
b5f0a7e8-2bcd-4eed-8462-6ee01a6374e2,exam-hall-02,SINGLE_CHOICE,DRAFT,,,"During the execution phase of a project, the project manager is reassigned to another project. A new project manager takes over and quickly realizes that the project is facing issues with the quality and scheduling of some deliverables. Which of the following should the new project manager do first?",,,A,,A.Update the project plan to reflect the new schedule and quality requirements.,,,FALSE,B,,B.Review the project schedule and focus on delivering the project on time and within budget.,,,FALSE,C,,C.Meet with the project team to assess the situation and develop a plan to address the issues.,,,TRUE,D,,D.Evaluate the project team's skills and ask the project sponsor for additional resources.,,,FALSE,,,,,,,,,,,,,,,,,,,,,,,,,,,,,,,,,,,,,,,,,,,,,,,,,,,,,,,,,,,,,,,,,,,,,,,,,,,,,,,,,,,,,,,,,,,,,,,,
4143137e-fe37-45a7-a2ca-68400fa51a96,exam-hall-02,SINGLE_CHOICE,DRAFT,,,"A newly launched product prototype is receiving a number of customer complaints. To reduce negative feedback, the team comes up with an action plan. At the end of the quarter, however, the project manager found there was no significant reduction in complaints. What should the project manager do next?",,,A,,A.Identify the key performers on the team and recognize them appropriately.,,,FALSE,B,,B.Identify the team members who lack the required skills and train them.,,,FALSE,C,,C.Revisit and reevaluate the project’s key performance indicators (KPIs).,,,TRUE,D,,D.Report the status to the executive management team and seek help.,,,FALSE,,,,,,,,,,,,,,,,,,,,,,,,,,,,,,,,,,,,,,,,,,,,,,,,,,,,,,,,,,,,,,,,,,,,,,,,,,,,,,,,,,,,,,,,,,,,,,,,
e9ba33db-f284-4eec-832a-a139b0a3b4af,exam-hall-02,SINGLE_CHOICE,DRAFT,,,"A project manager is working on an internal project and notes that the visions and goals of other department leaders are not clear. This creates confusion and ambiguity within the project team, and it is becoming difficult to distinguish between the wish list and scope items. Which document should the project manager review to clarify this situation?",,,A,,A.Project Charter,,,TRUE,B,,B.Communications Management Plan,,,FALSE,C,,C.Risk Register,,,FALSE,D,,D.Stakeholder Engagement Plan,,,FALSE,,,,,,,,,,,,,,,,,,,,,,,,,,,,,,,,,,,,,,,,,,,,,,,,,,,,,,,,,,,,,,,,,,,,,,,,,,,,,,,,,,,,,,,,,,,,,,,,
5c785840-18dc-4696-9e5b-38d212e1423e,exam-hall-02,SINGLE_CHOICE,DRAFT,,,"A project manager oversees an agile project with an experienced project team. The project manager does not typically attend the daily stand-up meetings, but they sit in on them from time to time. After attending one particular meeting, the project manager noticed that the meeting was not productive. What should the project manager do to improve the situation?",,,A,,"A.Analyze the dynamics of these meetings, remove impediments, and provide feedback.",,,TRUE,B,,B.Ask the team to send meeting minutes to the project manager after each daily meeting.,,,FALSE,C,,C.Start attending daily meetings to promote a better collaboration effort with the team.,,,FALSE,D,,D.Delegate the responsibility to the product owner to facilitate future daily review meetings.,,,FALSE,,,,,,,,,,,,,,,,,,,,,,,,,,,,,,,,,,,,,,,,,,,,,,,,,,,,,,,,,,,,,,,,,,,,,,,,,,,,,,,,,,,,,,,,,,,,,,,,
6b7c8361-b3e0-4719-8f98-80505f480827,exam-hall-02,SINGLE_CHOICE,DRAFT,,,A company is implementing an agile approach for a new project. Which action should the project manager take to ensure they are acting as a servant leader?,,,A,,A.Keep strict control of the team and their activities.,,,FALSE,B,,B.Serve as a backup in case a team member becomes ill.,,,FALSE,C,,C.Ensure the team follows all processes as defined without question.,,,FALSE,D,,D.Understand the bottlenecks and support the team to remove them.,,,TRUE,,,,,,,,,,,,,,,,,,,,,,,,,,,,,,,,,,,,,,,,,,,,,,,,,,,,,,,,,,,,,,,,,,,,,,,,,,,,,,,,,,,,,,,,,,,,,,,,
79b146bd-6ecf-460d-adc7-71be05a7baf4,exam-hall-02,SINGLE_CHOICE,DRAFT,,,A project manager is experiencing issues with the functional manager of a project team member. The functional manager has given the team member another assignment and has told the team member that the previous project should be a lower priority. What should the project manager do?,,,A,,A.Escalate the issue to senior management.,,,TRUE,B,,B.Communicate the importance of the project to the team.,,,FALSE,C,,C.Refer the functional manager to the project charter.,,,FALSE,D,,D.Request additional resources for your project.,,,FALSE,,,,,,,,,,,,,,,,,,,,,,,,,,,,,,,,,,,,,,,,,,,,,,,,,,,,,,,,,,,,,,,,,,,,,,,,,,,,,,,,,,,,,,,,,,,,,,,,
59b75d18-f1e2-42f6-8459-abc1ae4e6815,exam-hall-02,SINGLE_CHOICE,DRAFT,,,"A project manager is leading a new implementation project with a global project team. As team members are in different geographical locations and time zones, the project manager has to decide on the most effective team engagement strategy. What is the first action the project manager should take?",,,A,,A.Develop a communications management plan.,,,TRUE,B,,B.Set up daily conference calls to track work.,,,FALSE,C,,C.Ask all team members to utilize an online task board.,,,FALSE,D,,D.Ask team members to align their work schedules.,,,FALSE,,,,,,,,,,,,,,,,,,,,,,,,,,,,,,,,,,,,,,,,,,,,,,,,,,,,,,,,,,,,,,,,,,,,,,,,,,,,,,,,,,,,,,,,,,,,,,,,
cac9fca6-e6d0-46a1-9a10-8dffd6917be9,exam-hall-02,SINGLE_CHOICE,DRAFT,,,"During the first few days of executing a six-week project, an impediment is discovered by the project team. The project manager worked with the team to develop and implement a strategy to resolve the issue. Afterward, the project manager discovers that, as a result, the project can now be completed in only three weeks. What should the project manager do?",,,A,,A.Work with stakeholders to determine the best course of action.,,,TRUE,B,,B.Change the project scope to include additional deliverables.,,,FALSE,C,,C.Maintain the original six-week timeline and milestone schedule.,,,FALSE,D,,D.Reallocate the team to other projects to maximize efficiency.,,,FALSE,,,,,,,,,,,,,,,,,,,,,,,,,,,,,,,,,,,,,,,,,,,,,,,,,,,,,,,,,,,,,,,,,,,,,,,,,,,,,,,,,,,,,,,,,,,,,,,,
e20b5935-776b-432b-8adf-1d45182696f4,exam-hall-02,SINGLE_CHOICE,DRAFT,,,A new project has a team divided between onsite and offshore locations. The project manager observed a rising conflict between the two parts of the team during project initiation. What should the project manager do first?,,,A,,A.Communicate the project scope to all team members.,,,FALSE,B,,B.Organize a face-to-face meeting during project kick-off.,,,FALSE,C,,C.Identify this conflict in the risk register log.,,,TRUE,D,,D.Record this conflict in the project issue log.,,,FALSE,,,,,,,,,,,,,,,,,,,,,,,,,,,,,,,,,,,,,,,,,,,,,,,,,,,,,,,,,,,,,,,,,,,,,,,,,,,,,,,,,,,,,,,,,,,,,,,,
415893e3-9e72-4e65-bd66-4f03b93e6b98,exam-hall-02,SINGLE_CHOICE,DRAFT,,,"A project team is working on a complex technology project. A competitor introduces a product with a new feature, forcing the team to make changes to keep their product from becoming obsolete. The software that the team was using was outdated and could not accommodate the development of the new feature and must be replaced with new-to-market software. The team is excited, but they do not have experience working with the new software. What should the project manager do to address this knowledge gap?",,,A,,A.Train the team to use the new software.,,,TRUE,B,,B.Hire new team members with software knowledge.,,,FALSE,C,,C.Ignore the technological advancements.,,,FALSE,D,,D.Discuss the new product features with the competitor.,,,FALSE,,,,,,,,,,,,,,,,,,,,,,,,,,,,,,,,,,,,,,,,,,,,,,,,,,,,,,,,,,,,,,,,,,,,,,,,,,,,,,,,,,,,,,,,,,,,,,,,
99bf4a3e-47da-4d5b-98b0-2bd10ebbc6bb,exam-hall-02,SINGLE_CHOICE,DRAFT,,,"Part of a project has already been delivered as planned and on schedule. However, unclear requirements for some of the remaining requirements may negatively impact the scheduled completion. How should the project manager approach the issue?",,,A,,A.Prioritize the most important features and clarify the vague requirements.,,,TRUE,B,,B.Initiate a change request for project sponsor approval for a scope change.,,,FALSE,C,,C.Record the issue and escalate it to the steering committee for a decision.,,,FALSE,D,,D.Acquire additional resources to complete all of the requirements on time.,,,FALSE,,,,,,,,,,,,,,,,,,,,,,,,,,,,,,,,,,,,,,,,,,,,,,,,,,,,,,,,,,,,,,,,,,,,,,,,,,,,,,,,,,,,,,,,,,,,,,,,
d4dd0802-cf5d-4828-ac2b-c599628202b0,exam-hall-02,SINGLE_CHOICE,DRAFT,,,"A project manager is required to obtain approval for project requirements before proceeding to the delivery stage. During the project's execution, the project manager realizes that the initial estimates were unrealistic and the project will take much longer to complete. The project manager will have to obtain approval for more realistic project requirements. What should the project manager do to mitigate the problem and keep the project on track while waiting for approval?",,,A,,A.Reprioritize project deliverables to enable phased delivery in increments.,,,TRUE,B,,B.Divide the project team into distinct units focusing on different components.,,,FALSE,C,,C.Survey the project team to see if anyone can work overtime to meet the deadline.,,,FALSE,D,,D.Update the schedule baseline so that it is based on realistic estimates.,,,FALSE,,,,,,,,,,,,,,,,,,,,,,,,,,,,,,,,,,,,,,,,,,,,,,,,,,,,,,,,,,,,,,,,,,,,,,,,,,,,,,,,,,,,,,,,,,,,,,,,
c99ff198-1dd3-4871-80c7-8ee98b320c86,exam-hall-02,SINGLE_CHOICE,DRAFT,,,"A firm is currently facing a cost overrun and needs liquidity to overcome the financial crisis. A critical project is underway and is expected to bring a reasonable monetary return for the firm, yet, the project is over budget. Senior management needs to assess the project's alignment with organizational objectives and requests that the project manager provide a report on the matter. What should the project manager do to prepare a report for management?",,,A,,A.Examine and evaluate documents to gain insights and extract meaningful information.,,,FALSE,B,,B.Compare actual results to planned ones by analyzing the differences between actual performance and budgeted values.,,,TRUE,C,,"C.Identify and analyze patterns, tendencies, or changes in data over a specific period of time.",,,FALSE,D,,"D.Assess the economic feasibility of the project, by comparing the costs with the benefits expected by senior management.",,,FALSE,,,,,,,,,,,,,,,,,,,,,,,,,,,,,,,,,,,,,,,,,,,,,,,,,,,,,,,,,,,,,,,,,,,,,,,,,,,,,,,,,,,,,,,,,,,,,,,,
c46df24c-02b2-40f7-b760-405fb5e6f8a0,exam-hall-02,SINGLE_CHOICE,DRAFT,,,"A project manager has a new project. The work breakdown structure (WBS) and sequence of activities have been defined, but the team has difficulty estimating the duration of each activity. Which approach should the project manager take to ensure the estimates are reliable?",,,A,,A.Ask each team member to estimate the duration of each activity.,,,FALSE,B,,B.Consider the project schedule constraints and estimate the activities accordingly.,,,FALSE,C,,"C.Access performance records of similar, past projects and use them as a reference.",,,TRUE,D,,D.Consult other project managers for the duration estimate of each activity.,,,FALSE,,,,,,,,,,,,,,,,,,,,,,,,,,,,,,,,,,,,,,,,,,,,,,,,,,,,,,,,,,,,,,,,,,,,,,,,,,,,,,,,,,,,,,,,,,,,,,,,
aa47884f-dceb-4f7c-b685-a6e84be3640f,exam-hall-02,SINGLE_CHOICE,DRAFT,,,A project manager notices that a critical team member has lost interest in the project. The team member's lack of interest has led to decreased productivity. How should the project manager address this issue?,,,A,,A.Escalate this issue to the human resources (HR) manager.,,,FALSE,B,,B.Replace the team member with a more interested team member.,,,FALSE,C,,C.Schedule a meeting with the team member to identify the cause.,,,TRUE,D,,D.Increase the team member's salary and bonus opportunities.,,,FALSE,,,,,,,,,,,,,,,,,,,,,,,,,,,,,,,,,,,,,,,,,,,,,,,,,,,,,,,,,,,,,,,,,,,,,,,,,,,,,,,,,,,,,,,,,,,,,,,,
de85edee-4001-4a41-8d16-4026724fcff2,exam-hall-02,MULTIPLE_CHOICE,DRAFT,,,"A large transformation project has moved its project management office (PMO) to a virtual environment. There have been performance issues with the PMO team regarding the daily tasks they perform, which are now affecting the project. Which three actions should the project manager take to improve the performance of the PMO team? (Choose three)",,,A,,A.Nurture confidence among the PMO team members by providing them with the required training on project management tools.,,,TRUE,B,,B.Hire a new senior manager for the virtual teams to improve collaboration between departments.,,,FALSE,C,,C.Suggest that management dissolves the virtual team or moves the PMO to a colocated area.,,,FALSE,D,,D.Build a collaborative environment by having regular connections among the PMO team members.,,,TRUE,E,,E.Provide access to communication tools to help the virtual teams connect better with the stakeholders.,,,TRUE,,,,,,,,,,,,,,,,,,,,,,,,,,,,,,,,,,,,,,,,,,,,,,,,,,,,,,,,,,,,,,,,,,,,,,,,,,,,,,,,,,,,,,,,,,
cfe69234-056d-45bb-a883-3e1bc725470b,exam-hall-02,SINGLE_CHOICE,DRAFT,,,"During the execution of repair work, the root cause of the damage was discovered to be failures that occurred during the construction phase. The same contractor who performed the construction work is performing the repairs. Because of this, the CEO wants to negotiate with the contractor for a reduced price. What should the project manager do?",,,A,,A.Negotiate with the contractor to cancel the repair work and pay compensation for the previous work.,,,FALSE,B,,B.Negotiate the repair work with the contractor based on a shared risk-reward relationship.,,,TRUE,C,,C.Proceed with the contractor without mentioning the issue since the previous work is already closed.,,,FALSE,D,,D.Proceed with the contractor and subtract the amount paid for supervision of the previous work.,,,FALSE,,,,,,,,,,,,,,,,,,,,,,,,,,,,,,,,,,,,,,,,,,,,,,,,,,,,,,,,,,,,,,,,,,,,,,,,,,,,,,,,,,,,,,,,,,,,,,,,
abfe4e56-04d9-4b61-90af-159d18ce0b24,exam-hall-02,SINGLE_CHOICE,DRAFT,,,"After the transition and completion of a large equipment installation project, the project manager receives a request from the customer to add some operational cost to the project budget for team-building activities. The project was completed under budget, project contingency reserves were not spent, and the team-building activities will ensure the operational team's optimal performance. What should the project manager do?",,,A,,A.Reject the request and close the project financials.,,,TRUE,B,,B.Perform the integrated change control process.,,,FALSE,C,,C.Approve the expenditure to ensure customer satisfaction.,,,FALSE,D,,D.Document the request in the lessons learned repository.,,,FALSE,,,,,,,,,,,,,,,,,,,,,,,,,,,,,,,,,,,,,,,,,,,,,,,,,,,,,,,,,,,,,,,,,,,,,,,,,,,,,,,,,,,,,,,,,,,,,,,,
6f9e0647-bf01-48c7-830f-f5cdf0cb1d34,exam-hall-02,SINGLE_CHOICE,DRAFT,,,"On an agile project, a team member has been taking smaller, easier user stories from the backlog, not those with the highest priority. How should this be addressed?",,,A,,A.Remind the entire project team that the highest priority user stories need to be taken from the backlog first.,,,FALSE,B,,B.Instruct the team member to select larger and more challenging user stories in the subsequent iterations.,,,FALSE,C,,C.Meet with the team member to understand why they pick easier stories and tailor the workload approach as needed.,,,TRUE,D,,D.Retrain the team member on the core technologies used to build the product to address the skill gap.,,,FALSE,,,,,,,,,,,,,,,,,,,,,,,,,,,,,,,,,,,,,,,,,,,,,,,,,,,,,,,,,,,,,,,,,,,,,,,,,,,,,,,,,,,,,,,,,,,,,,,,
73de7e46-defc-4a94-b9ba-39c10d80502d,exam-hall-02,MULTIPLE_CHOICE,DRAFT,,,"During a status meeting, a team member alerts the project manager that the delivery timeline for a component prototype is unattainable due to the unanticipated complexity of the requirements. After confirming the impending delay, the project manager must take action to address the situation. How should the project manager address this issue? (Choose two)",,,A,,A.Identify the extent to which the complexity will impact the rest of the project.,,,TRUE,B,,B.Delegate prototype development to a more experienced team member.,,,FALSE,C,,C.Allocate additional funding to the development budget to expedite delivery.,,,FALSE,D,,D.Assign additional resources to prototype development and proceed as planned.,,,FALSE,E,,E.Prioritize the requirements and concentrate on the most important ones.,,,TRUE,,,,,,,,,,,,,,,,,,,,,,,,,,,,,,,,,,,,,,,,,,,,,,,,,,,,,,,,,,,,,,,,,,,,,,,,,,,,,,,,,,,,,,,,,,
bd00f686-10aa-4e11-9058-2313b47bbd21,exam-hall-02,SINGLE_CHOICE,DRAFT,,,"During a software development project, the team realized that several features failed to comply with quality requirements. After receiving instructions to fix the issues, one team member becomes frustrated, claiming that unclear requirements are causing the issues. Other team members argue that negligent testing is the real cause of these issues. The testers blame poor coding quality. What should the project manager do?",,,A,,A.Support the project team in a retrospective to identify the root cause of the quality issues.,,,TRUE,B,,B.Remove the most frustrated resource from the team as the confusion is impacting team motivation.,,,FALSE,C,,C.Perform a quality review in each stage of the development life cycle to identify quality issues.,,,FALSE,D,,D.Discuss the issue with the management team to identify possible solutions to improve quality.,,,FALSE,,,,,,,,,,,,,,,,,,,,,,,,,,,,,,,,,,,,,,,,,,,,,,,,,,,,,,,,,,,,,,,,,,,,,,,,,,,,,,,,,,,,,,,,,,,,,,,,
6295d85c-0b58-41a9-b41a-d9e5b2c1dfb0,exam-hall-02,MULTIPLE_CHOICE,DRAFT,,,"In an environment subject to various elements of ambiguity and change, what should an agile project manager do to keep track of artifacts? (Choose two)",,,A,,A.Update the artifacts frequently and quickly in a transparent fashion.,,,TRUE,B,,B.Define which technology to use in the project management plan.,,,FALSE,C,,C.Define which technology to use in the communications management plan.,,,FALSE,D,,D.Increase the use of social computing tools.,,,TRUE,E,,E.Use historical information from previous projects as a template.,,,FALSE,,,,,,,,,,,,,,,,,,,,,,,,,,,,,,,,,,,,,,,,,,,,,,,,,,,,,,,,,,,,,,,,,,,,,,,,,,,,,,,,,,,,,,,,,,
1f72f5b5-784c-4a37-803c-1eb53f8213fe,exam-hall-02,SINGLE_CHOICE,DRAFT,,,"A project team is creating a stakeholder engagement assessment matrix to govern stakeholder management activities during project execution. The team learns that a key stakeholder is aware of the project, but is unsupportive of the outcome. What type of stakeholder is this?",,,A,,A.Resistant,,,TRUE,B,,B.Leading,,,FALSE,C,,C.Neutral,,,FALSE,D,,D.Supportive,,,FALSE,,,,,,,,,,,,,,,,,,,,,,,,,,,,,,,,,,,,,,,,,,,,,,,,,,,,,,,,,,,,,,,,,,,,,,,,,,,,,,,,,,,,,,,,,,,,,,,,
1162b28b-484f-41bc-835d-05c06d5cb4fc,exam-hall-02,SINGLE_CHOICE,DRAFT,,,"A project manager has been assigned to a project that is currently late and over budget. The project uses a predictive approach integrated with agile iterations for the most critical part of the scope. During the project assessment, the project manager notices that the team is afraid of making mistakes and is seeking individual recognition, while lacking accountability. How should the project manager improve productivity?",,,A,,A.Develop a performance management plan for each project team member and share the performance results with the team.,,,FALSE,B,,"B.Enable collaboration, create common goals, and celebrate group achievements, while providing group rewards.",,,TRUE,C,,"C.Reinforce and communicate the next milestone, following individual performance and execution on a detailed level.",,,FALSE,D,,D.Request approval to replace a few team members so the project team can understand the importance of meeting goals.,,,FALSE,,,,,,,,,,,,,,,,,,,,,,,,,,,,,,,,,,,,,,,,,,,,,,,,,,,,,,,,,,,,,,,,,,,,,,,,,,,,,,,,,,,,,,,,,,,,,,,,
507b2ef6-6775-440a-be15-04f9dca5c5d5,exam-hall-02,MULTIPLE_CHOICE,DRAFT,,,A project manager is preparing to start a project and notices that the project team is having difficulties communicating and collaborating. The team has never worked together before. The project manager wants to understand each individual's behavior and tailor the leadership style to create a more effective team environment. Which tools or techniques should the project manager use in this situation? (Choose two),,,A,,A.Personality assessments,,,TRUE,B,,B.Weekly teleconferences,,,FALSE,C,,C.One-on-one coaching,,,TRUE,D,,D.Technical assessments,,,FALSE,E,,E.Cultural assessments,,,FALSE,,,,,,,,,,,,,,,,,,,,,,,,,,,,,,,,,,,,,,,,,,,,,,,,,,,,,,,,,,,,,,,,,,,,,,,,,,,,,,,,,,,,,,,,,,
77e00c45-f7fd-4191-a89e-d40787f30d60,exam-hall-02,SINGLE_CHOICE,DRAFT,,,"The tables show the requirements for an agile project with the anticipated return on investment (ROI) and identified project risks, along with the analysis details. What should the priority order be in the risk-adjusted product backlog?",,,A,,"A.Requirement 3, Requirement 1, Requirement 2, Risk 3",,,FALSE,B,,"B.Risk 3, Risk 1, Risk 2, Requirement 3, Requirement 1, Requirement 2",,,FALSE,C,,"C.Requirement 3, Risk 3, Requirement 1, Requirement 2, Risk 2",,,FALSE,D,,"D.Requirement 3, Requirement 1, Risk 3, Requirement 2, Risk 1, Risk 2",,,TRUE,,,,,,,,,,,,,,,,,,,,,,,,,,,,,,,,,,,,,,,,,,,,,,,,,,,,,,,,,,,,,,,,,,,,,,,,,,,,,,,,,,,,,,,,,,,,,,,,
8bc65f81-0c4e-4b9f-bab8-a726b2290734,exam-hall-02,SINGLE_CHOICE,DRAFT,,,"A project manager is preparing for an organization-wide software system replacement project that will have a significant impact on business operations. It is crucial to provide training to ensure that everyone within the organization can effectively use the new software system, but training resources are limited. What is the most effective action the project manager should take to ensure successful training for all organization members?",,,A,,A.Incorporate a detailed training and coaching component as a project deliverable.,,,TRUE,B,,B.Determine the specific needs and requirements of different user functions.,,,FALSE,C,,C.Recruit additional trainers to ensure adequate training coverage throughout the organization.,,,FALSE,D,,D.Prioritize training efforts by identifying which features are most essential.,,,FALSE,,,,,,,,,,,,,,,,,,,,,,,,,,,,,,,,,,,,,,,,,,,,,,,,,,,,,,,,,,,,,,,,,,,,,,,,,,,,,,,,,,,,,,,,,,,,,,,,
2396c204-b899-4db6-88d4-ea78ce2b104e,exam-hall-02,SINGLE_CHOICE,DRAFT,,,"A project manager is beginning a new financial software project in a very competitive environment. The regulations for compliance are clear, but the requirements are not clear. The customer stresses that they need results as soon as possible. Which implementation approach should the project manager choose for this project?",,,A,,A.Repeating and refining project phases in multiple iterations.,,,FALSE,B,,B.Progressing through a linear sequence of stages.,,,FALSE,C,,C.Embracing change and focusing on delivering value.,,,FALSE,D,,D.Focusing on delivering the project in multiple increments.,,,TRUE,,,,,,,,,,,,,,,,,,,,,,,,,,,,,,,,,,,,,,,,,,,,,,,,,,,,,,,,,,,,,,,,,,,,,,,,,,,,,,,,,,,,,,,,,,,,,,,,
f6a302b2-fa43-4324-ac25-c7959b693aae,exam-hall-02,MULTIPLE_CHOICE,DRAFT,,,A team is transitioning from a predictive to an agile approach. Which two obstacles are the team most likely to encounter? (Choose two),,,A,,A.Management provides freedom for the team to decide.,,,FALSE,B,,B.Management continues to control the processes of delivery.,,,TRUE,C,,C.Management would like the team to learn and adapt.,,,FALSE,D,,D.Management support is lacking for team empowerment.,,,TRUE,E,,E.Management expects the team to keep their performance level.,,,FALSE,,,,,,,,,,,,,,,,,,,,,,,,,,,,,,,,,,,,,,,,,,,,,,,,,,,,,,,,,,,,,,,,,,,,,,,,,,,,,,,,,,,,,,,,,,
27f1af70-7671-4871-bf47-cdaeeadb9ae5,exam-hall-02,SINGLE_CHOICE,DRAFT,,,A project manager is working on a project charter and discovers that two key stakeholders are transferring to other departments and replacements have not been identified yet. What should the project manager do next?,,,A,,A.Put the project on hold until the replacements are identified.,,,FALSE,B,,B.Involve senior management to resolve the challenge.,,,FALSE,C,,C.Obtain support from the project sponsor to continue the project.,,,FALSE,D,,D.Perform an impact analysis of the possible delays.,,,TRUE,,,,,,,,,,,,,,,,,,,,,,,,,,,,,,,,,,,,,,,,,,,,,,,,,,,,,,,,,,,,,,,,,,,,,,,,,,,,,,,,,,,,,,,,,,,,,,,,
b019ee49-f26d-40d2-b03d-decf07fcbea3,exam-hall-02,SINGLE_CHOICE,DRAFT,,,"A project manager is working on a global project with team members in several different countries. To manage communications, the project manager plans to hold virtual meetings and on-site visits once a month. What should the project manager do next while working with this team?",,,A,,A.Ask the IT manager of each site to manage the technical components of the virtual meetings.,,,FALSE,B,,B.Request the team members' résumés and become familiar with the teams' experiences.,,,FALSE,C,,C.Propose and establish a team charter with the rules and principles to be followed.,,,TRUE,D,,D.Request the budget for weekly in-person meetings with the entire team to allow for direct contact.,,,FALSE,,,,,,,,,,,,,,,,,,,,,,,,,,,,,,,,,,,,,,,,,,,,,,,,,,,,,,,,,,,,,,,,,,,,,,,,,,,,,,,,,,,,,,,,,,,,,,,,
d796e13d-3793-48c0-9edd-6a66272fc81b,exam-hall-02,SINGLE_CHOICE,DRAFT,,,"A project manager has developed a schedule for a project involving various departments. The project manager met with each team member to develop a work breakdown structure (WBS). However, after the WBS was finalized, the project manager discovers that some tasks are redundant. What should the project manager have done to avoid this issue?",,,A,,A.Enlisted subject matter experts (SMEs) to provide scheduling guidance.,,,FALSE,B,,B.Organized group sessions for all team members to review the WBS together.,,,TRUE,C,,C.Improved the communication channels with all team members.,,,FALSE,D,,D.Prepared a task assignment matrix to represent the WBS.,,,FALSE,,,,,,,,,,,,,,,,,,,,,,,,,,,,,,,,,,,,,,,,,,,,,,,,,,,,,,,,,,,,,,,,,,,,,,,,,,,,,,,,,,,,,,,,,,,,,,,,
94c305da-9361-496e-afcf-1a57209364c3,exam-hall-02,SINGLE_CHOICE,DRAFT,,,A project manager has been assigned to an important project with stakeholders who have different expectations for the project. Some stakeholders also have a high degree of influence on the project. How should the project manager handle this situation?,,,A,,A.Control the degree of stakeholder influence to better align with the project objectives.,,,FALSE,B,,B.Include the influential stakeholders' requirements and ensure other stakeholders are aligned with the project goals.,,,FALSE,C,,C.Elicit and negotiate stakeholder requirements according to each stakeholder's influence.,,,TRUE,D,,D.Manage the stakeholders carefully and apply stakeholder expectations without impacting the project objectives.,,,FALSE,,,,,,,,,,,,,,,,,,,,,,,,,,,,,,,,,,,,,,,,,,,,,,,,,,,,,,,,,,,,,,,,,,,,,,,,,,,,,,,,,,,,,,,,,,,,,,,,
88885925-4b42-487c-8d66-2f61bab84bc5,exam-hall-02,SINGLE_CHOICE,DRAFT,,,A member of a development project team informs the project manager that the operating system is not going to be installed on time due to a late upgrade by the supplier. What should the project manager do first?,,,A,,A.Determine the impact of the situation.,,,TRUE,B,,B.Modify the schedule to reflect the situation.,,,FALSE,C,,C.Inform the stakeholders about the problem.,,,FALSE,D,,D.Have the project team brainstorm a solution.,,,FALSE,,,,,,,,,,,,,,,,,,,,,,,,,,,,,,,,,,,,,,,,,,,,,,,,,,,,,,,,,,,,,,,,,,,,,,,,,,,,,,,,,,,,,,,,,,,,,,,,
e628cfd1-1aea-4b3e-98da-dc4e38bc36ef,exam-hall-02,MULTIPLE_CHOICE,DRAFT,,,"At the beginning of a project, the project manager meets the product owner and the business analyst to work on a requirements-gathering process to create the list of requirements, features, and product backlog. Which elements should be considered to ensure all user stories are well-written and sized correctly to allow for smooth agile project delivery? (Choose two)",,,A,,"A.Independent, negotiable, and estimatable",,,TRUE,B,,"B.Unique, applicable, and replicable",,,FALSE,C,,"C.Subdivisible, suitable, and considerable",,,FALSE,D,,"D.Concise, detailed, and executable",,,FALSE,E,,"E.Valuable, small, and testable",,,TRUE,,,,,,,,,,,,,,,,,,,,,,,,,,,,,,,,,,,,,,,,,,,,,,,,,,,,,,,,,,,,,,,,,,,,,,,,,,,,,,,,,,,,,,,,,,
520d2528-5336-4f6a-a2cd-0daf362ed803,exam-hall-02,SINGLE_CHOICE,DRAFT,,,"In preparation for a meeting with the CEO of an organization, a project manager asks a team member to prepare a monthly report for the CEO. The CEO provided a specific format for these reports at the start of the project. The day before the meeting, the project manager reviews the report and discovers that it is not formatted as specified by the CEO. What should the project manager have done to avoid this situation?",,,A,,A.Asked for the report from the team member earlier to ensure it was in the requested format.,,,FALSE,B,,B.Requested that the CEO provide more detailed format requirements for creating monthly status reports.,,,FALSE,C,,C.Used interactive communication to confirm that the team member acknowledges the specified format.,,,TRUE,D,,D.Modified the communications management plan to include the new report format requirements.,,,FALSE,,,,,,,,,,,,,,,,,,,,,,,,,,,,,,,,,,,,,,,,,,,,,,,,,,,,,,,,,,,,,,,,,,,,,,,,,,,,,,,,,,,,,,,,,,,,,,,,
f34e7f83-2951-43fd-8182-7a9f4bc631b4,exam-hall-02,SINGLE_CHOICE,DRAFT,,,"A project manager realizes that some newly hired team members have not been as productive as expected. The project has a very rigid timeline, and the lower-than-expected productivity issue is putting the project at risk. What should the project manager do to address this issue?",,,A,,A.Provide additional training to the new team members.,,,FALSE,B,,B.Conduct job shadowing within the project team.,,,TRUE,C,,C.Institute project milestone completion incentives.,,,FALSE,D,,D.Notify the team that productivity must improve.,,,FALSE,,,,,,,,,,,,,,,,,,,,,,,,,,,,,,,,,,,,,,,,,,,,,,,,,,,,,,,,,,,,,,,,,,,,,,,,,,,,,,,,,,,,,,,,,,,,,,,,
3918cb2d-04f3-4858-b4d4-86dbdaeb6fb3,exam-hall-02,SINGLE_CHOICE,DRAFT,,,A company has decided to utilize a diverse international team that will work virtually. This will be the first time that the team is working together. The project manager is creating a communication plan for the project. What should the project manager do in order to build an effective project communications management plan?,,,A,,A.Study the impact of cultural differences on communication.,,,TRUE,B,,B.Implement a one-way email push communication method.,,,FALSE,C,,C.Create a cloud-based resource folder for the project team.,,,FALSE,D,,D.Appoint a skilled communications manager for the project.,,,FALSE,,,,,,,,,,,,,,,,,,,,,,,,,,,,,,,,,,,,,,,,,,,,,,,,,,,,,,,,,,,,,,,,,,,,,,,,,,,,,,,,,,,,,,,,,,,,,,,,
c97f1428-81e2-47e6-94b7-2fd53aecbd8b,exam-hall-02,SINGLE_CHOICE,DRAFT,,,"A company is creating a new application for its users. The agile team completed the initiating stage and is performing iterations to complete planning and execution. However, a stakeholder wants to change the order of the deliverables to demonstrate new aspects of the app to stakeholders. How should the project manager address this situation?",,,A,,A.Include the stakeholder in sprint planning to ensure the right priorities are assigned.,,,TRUE,B,,B.Use key performance indicators (KPIs) to verify that the project is progressing on schedule.,,,FALSE,C,,C.Ask the stakeholder for a change request and submit it to the change control board (CCB).,,,FALSE,D,,D.Explain to the stakeholder that modifying the schedule now will increase the delivery risk.,,,FALSE,,,,,,,,,,,,,,,,,,,,,,,,,,,,,,,,,,,,,,,,,,,,,,,,,,,,,,,,,,,,,,,,,,,,,,,,,,,,,,,,,,,,,,,,,,,,,,,,
a08e1dba-f1c4-4e49-a8e2-f969d8a4f15d,exam-hall-02,SINGLE_CHOICE,DRAFT,,,"During project implementation, a stakeholder is questioning the purpose of the project and wants to pause the project to assess a new process that may affect the final deliverable. What is one of the first things the project manager should do?",,,A,,A.Use a power/interest grid to determine the stakeholder's influence on the execution of the project.,,,TRUE,B,,B.Consult with the project sponsor to determine the next steps and the potential new process.,,,FALSE,C,,C.Postpone any changes to a future project in order to fulfill the deliverables in the current project.,,,FALSE,D,,D.Revisit the acceptance criteria with the stakeholder to ensure the quality level is appropriate.,,,FALSE,,,,,,,,,,,,,,,,,,,,,,,,,,,,,,,,,,,,,,,,,,,,,,,,,,,,,,,,,,,,,,,,,,,,,,,,,,,,,,,,,,,,,,,,,,,,,,,,
ff44f37e-db3b-4149-8982-5c58fdf6f47a,exam-hall-02,SINGLE_CHOICE,DRAFT,,,The project manager of an agile project notices that many stakeholders are skipping iteration planning and review meetings. Some stakeholders admit that they do not see the value of the meetings and prefer not to participate. The project is in danger of falling behind schedule due to the lack of stakeholder participation. What should the project manager do first to address this issue?,,,A,,Review and update the communications management plan.,,,FALSE,B,,B.Identify gaps and mentor stakeholders on the iterative approach.,,,TRUE,C,,C.Record the iteration review and share it with stakeholders.,,,FALSE,D,,D.Build a RACI matrix and develop a training plan for stakeholders.,,,FALSE,,,,,,,,,,,,,,,,,,,,,,,,,,,,,,,,,,,,,,,,,,,,,,,,,,,,,,,,,,,,,,,,,,,,,,,,,,,,,,,,,,,,,,,,,,,,,,,,
816343ac-5225-424e-8a5b-9ce73942a44f,exam-hall-02,SINGLE_CHOICE,DRAFT,,,"The project manager needs to survey the necessary parties to reach a consensus and build a common vision for the project. To achieve better results, who should be engaged in the development of a common vision strategy?",,,A,,A.The client and the delivery team,,,FALSE,B,,B.The delivery team and the project sponsor,,,FALSE,C,,C.The project team and the stakeholders,,,TRUE,D,,D.The project owner and the client,,,FALSE,,,,,,,,,,,,,,,,,,,,,,,,,,,,,,,,,,,,,,,,,,,,,,,,,,,,,,,,,,,,,,,,,,,,,,,,,,,,,,,,,,,,,,,,,,,,,,,,
d43c2e8f-2976-4bc4-b483-9bd59db2da23,exam-hall-02,SINGLE_CHOICE,DRAFT,,,"A colocated project team is facing communication and collaboration issues. Some team members have roles that require them to work different hours, some arriving early, others leaving later. At a recent weekly meeting, several team members were absent. What is the best way for the project manager to ensure the team can attend all necessary meetings?",,,A,,A.Encourage team members to work the same hours.,,,FALSE,B,,B.Discuss the meeting with the missing team members.,,,FALSE,C,,C.Create an information radiator for public display.,,,FALSE,D,,D.Schedule team meetings during overlapping core hours.,,,TRUE,,,,,,,,,,,,,,,,,,,,,,,,,,,,,,,,,,,,,,,,,,,,,,,,,,,,,,,,,,,,,,,,,,,,,,,,,,,,,,,,,,,,,,,,,,,,,,,,
15e4d479-b369-4ead-946d-cc58a5c7aa68,exam-hall-02,SINGLE_CHOICE,DRAFT,,,"As part of the project sprint review, stakeholders appear uninformed and are unable to agree on how to move the project forward. What should the project manager do first to ensure stakeholders are able to approve the project deliverables?",,,A,,A.Review the communications management plan.,,,TRUE,B,,B.Perform a systemic stakeholder analysis.,,,FALSE,C,,C.Include stakeholders in daily coordination meetings.,,,FALSE,D,,D.Colocate the team to guarantee better teamwork.,,,FALSE,,,,,,,,,,,,,,,,,,,,,,,,,,,,,,,,,,,,,,,,,,,,,,,,,,,,,,,,,,,,,,,,,,,,,,,,,,,,,,,,,,,,,,,,,,,,,,,,
bc05d9fb-f4f7-42c4-a2af-035aef4de9be,exam-hall-02,SINGLE_CHOICE,DRAFT,,,"A project is halfway complete, and despite a good schedule performance index (SPI), the customer has identified several minor issues. Most of the issues could be resolved quickly and easily if the customer could directly communicate with the development team. The project manager agrees, but some team members feel unsure about their ability to adequately engage the customer. How can the project manager support successful customer engagement?",,,A,,A.Assess members' communication styles and provide feedback as needed to mentor the team.,,,TRUE,B,,B.Ensure that all project team members understand their specific roles and responsibilities.,,,FALSE,C,,C.Assess the project team's technical skills and provide additional product development training.,,,FALSE,D,,D.Update the schedule performance index (SPI) and review all project team communications.,,,FALSE,,,,,,,,,,,,,,,,,,,,,,,,,,,,,,,,,,,,,,,,,,,,,,,,,,,,,,,,,,,,,,,,,,,,,,,,,,,,,,,,,,,,,,,,,,,,,,,,
bd7d1711-40af-4034-aa9a-be07f18c6b03,exam-hall-02,SINGLE_CHOICE,DRAFT,,,"A project manager has been assigned to a new, multimillion-dollar project that is similar to a project the company executed three years ago. What should the project manager do to create a reliable cost estimate?",,,A,,A.Identify the critical parameters and generate an estimate based on the variation of the parameters.,,,FALSE,B,,B.Take the original estimate and multiply it by a factor determined by the company's standard for every year.,,,FALSE,C,,C.Use the actual cost of the previous project as a reference and compute an estimated cost for each task and roll up.,,,TRUE,D,,D.Use a commodity exchange for material cost and labor rates for the cost variation and compute a new estimate.,,,FALSE,,,,,,,,,,,,,,,,,,,,,,,,,,,,,,,,,,,,,,,,,,,,,,,,,,,,,,,,,,,,,,,,,,,,,,,,,,,,,,,,,,,,,,,,,,,,,,,,
bcee6102-5d42-4ea5-8c24-5b24e5713440,exam-hall-02,MULTIPLE_CHOICE,DRAFT,,,"The project teams are having difficulties coordinating their tasks due to several constraints and dependencies. The project management office (PMO) suggests a monthly project report be distributed to stakeholders. However, the customer is concerned about not knowing the progress and what is holding up the project. What three solutions can the project manager use to resolve this situation? (Choose three)",,,A,,A.Add a daily meeting to review project status and impediments.,,,TRUE,B,,B.Share missing performance information in the monthly status meeting.,,,FALSE,C,,C.Add a daily or weekly project status report that includes dependencies.,,,TRUE,D,,D.Adapt a project status report to include missing information.,,,TRUE,E,,E.Ask vendors to provide a monthly status report for the customer.,,,FALSE,,,,,,,,,,,,,,,,,,,,,,,,,,,,,,,,,,,,,,,,,,,,,,,,,,,,,,,,,,,,,,,,,,,,,,,,,,,,,,,,,,,,,,,,,,
6f7afafb-8a85-44fb-a6f0-7fcc4deea26e,exam-hall-02,SINGLE_CHOICE,DRAFT,,,A team member with sufficient experience and knowledge informs the project manager about a conflict with another team member and asks for advice and assistance. The project manager schedules a meeting to discuss the conflict with the team members involved. What should the project manager do during the meeting to resolve the conflict?,,,A,,A.Determine a resolution together.,,,TRUE,B,,B.Mandate the solution unilaterally.,,,FALSE,C,,C.Separate the team members.,,,FALSE,D,,D.Identify who instigated the issue.,,,FALSE,,,,,,,,,,,,,,,,,,,,,,,,,,,,,,,,,,,,,,,,,,,,,,,,,,,,,,,,,,,,,,,,,,,,,,,,,,,,,,,,,,,,,,,,,,,,,,,,
4f8484b7-ffb4-4630-9521-85ca2f642b9c,exam-hall-02,SINGLE_CHOICE,DRAFT,,,"During project execution, a key stakeholder is replaced with a new team member who has approval authority. The new member states that the project deliverables are not aligned with the design and does not approve them. However, a few weeks later, the project manager learns that the new team member had not been informed of changes during execution. What should the project manager have done to avoid this miscommunication?",,,A,,A.Organized a meeting with the sponsor before the execution began.,,,FALSE,B,,B.Updated the stakeholder register to include the new team member.,,,TRUE,C,,C.Asked the previous stakeholder to hold a meeting with the new team member before leaving.,,,FALSE,D,,D.Updated the project charter during the execution phase to include all the changes.,,,FALSE,,,,,,,,,,,,,,,,,,,,,,,,,,,,,,,,,,,,,,,,,,,,,,,,,,,,,,,,,,,,,,,,,,,,,,,,,,,,,,,,,,,,,,,,,,,,,,,,
6b88fd3c-3886-44b7-86f8-f54884994e81,exam-hall-02,SINGLE_CHOICE,DRAFT,,,The project scope statement is approved by the project sponsor. The team members would like to modify the work breakdown structure (WBS) without changing the scope and send a request to the project manager. What should the project manager do with this request?,,,A,,A.Determine which changes to implement and inform the team.,,,FALSE,B,,B.Refuse the request and escalate it to the project sponsor.,,,FALSE,C,,C.Tell the team that they cannot modify the established WBS.,,,FALSE,D,,D.Discuss it with the team and make a decision by consensus.,,,TRUE,,,,,,,,,,,,,,,,,,,,,,,,,,,,,,,,,,,,,,,,,,,,,,,,,,,,,,,,,,,,,,,,,,,,,,,,,,,,,,,,,,,,,,,,,,,,,,,,
17794919-91f8-46d9-9791-eec188e3f9b3,exam-hall-02,SINGLE_CHOICE,DRAFT,,,Team members are transferred from a predictive project to a newly formed agile team. The new team members are expressing dissatisfaction about the additional training they are required to complete in the internal project team chat channel. How should the project manager address this situation?,,,A,,A.Ignore the complaints and assume that the new team members will adapt over time.,,,FALSE,B,,B.Schedule a meeting to discuss the concerns and provide clarity on the training's importance.,,,TRUE,C,,C.Remove the additional training requirement to alleviate team members' dissatisfaction.,,,FALSE,D,,D.Send a memo outlining the mandatory training and consequences for non-compliance.,,,FALSE,,,,,,,,,,,,,,,,,,,,,,,,,,,,,,,,,,,,,,,,,,,,,,,,,,,,,,,,,,,,,,,,,,,,,,,,,,,,,,,,,,,,,,,,,,,,,,,,
454de7e5-dad2-400d-9c07-e76ef925eba6,exam-hall-02,SINGLE_CHOICE,DRAFT,,,A new project manager joins an organization that has never had formal project management processes. Some team members refuse to participate in basic tasks such as taking ownership of action items at meetings. What should the project manager do?,,,A,,A.Set up a private meeting with the specific team members to discuss the benefits of project management.,,,FALSE,B,,B.Create an internal document outlining the benefits of project management for all team members.,,,FALSE,C,,C.Explore the benefits of project management with executives of the organization.,,,FALSE,D,,D.Host a meeting with the team focused on collaborative problem-solving to develop an approach to accomplishing project tasks.,,,TRUE,,,,,,,,,,,,,,,,,,,,,,,,,,,,,,,,,,,,,,,,,,,,,,,,,,,,,,,,,,,,,,,,,,,,,,,,,,,,,,,,,,,,,,,,,,,,,,,,
bfa28ddd-c6d8-47a8-9bf8-723f826fc129,exam-hall-02,SINGLE_CHOICE,DRAFT,,,"A project can gain downstream marketing benefits if additional equipment is included in the project scope. However, this equipment is still in an early development phase and will not be ready to meet the project timelines. A member of the project steering committee is in favor of its inclusion. How should the project manager proceed?",,,A,,A.Prepare a scope change request to include the additional equipment because it is beneficial to the marketing team.,,,FALSE,B,,B.Provide a clear rationale for its exclusion based on the business case and its impact on the project timelines.,,,FALSE,C,,C.Conduct a survey among steering committee members to assess their individual project requirements for a consensus decision.,,,TRUE,D,,D.Request the project sponsor to escalate the issue to the steering committee member to avoid delaying project approval.,,,FALSE,,,,,,,,,,,,,,,,,,,,,,,,,,,,,,,,,,,,,,,,,,,,,,,,,,,,,,,,,,,,,,,,,,,,,,,,,,,,,,,,,,,,,,,,,,,,,,,,
f9b17335-ee28-41e7-84db-28d4bbfd5902,exam-hall-02,SINGLE_CHOICE,DRAFT,,,A customer is performing a weekly visit to a project site to inspect the final stage of product development. The quality manager alerts the project manager that the customer has been very unprofessional and reprimanded the team members during previous weekly visits. What should the project manager do to address this incident?,,,A,,A.Draft a letter complaining about the behavior of the customer inspector.,,,FALSE,B,,"B.Allow the week to pass by, then send a complaint to the customer.",,,FALSE,C,,C.Discuss the matter with the project manager's senior management team.,,,FALSE,D,,D.Understand the situation by speaking with the team members and the customer.,,,TRUE,,,,,,,,,,,,,,,,,,,,,,,,,,,,,,,,,,,,,,,,,,,,,,,,,,,,,,,,,,,,,,,,,,,,,,,,,,,,,,,,,,,,,,,,,,,,,,,,
92571d59-6bab-47f6-87b6-063ea1386404,exam-hall-02,SINGLE_CHOICE,DRAFT,,,A project team realizes that the product's architecture will not support the growing number of users. What should the project manager do?,,,A,,A.Assign a team member to execute performance testing and ensure the product's performance is acceptable.,,,FALSE,B,,B.Hire external experts to assess the product architecture and come up with a resolution plan.,,,FALSE,C,,C.Engage with the product owner on the new development and prioritize the solution on the product backlog.,,,TRUE,D,,D.Negotiate with the stakeholders to slow down product development until a viable solution is available.,,,FALSE,,,,,,,,,,,,,,,,,,,,,,,,,,,,,,,,,,,,,,,,,,,,,,,,,,,,,,,,,,,,,,,,,,,,,,,,,,,,,,,,,,,,,,,,,,,,,,,,
58aaf6bf-475f-489d-bfd3-d793eac57335,exam-hall-02,SINGLE_CHOICE,DRAFT,,,The development of a final project schedule is delayed due to the inability to negotiate an agreement with one of the vendors needed for successful project delivery. What should the project manager do?,,,A,,A.Circulate meeting minutes and discuss the agreed and outstanding clauses with the project team and customer.,,,FALSE,B,,B.Meet with the vendor to discuss a path forward and identify an alternative vendor if necessary.,,,TRUE,C,,C.Meet with the project sponsor and seek their support in replacing the vendor due to the inability to negotiate an agreement.,,,FALSE,D,,D.Communicate the project needs and influence the vendor to accept the terms as soon as possible for successful project delivery.,,,FALSE,,,,,,,,,,,,,,,,,,,,,,,,,,,,,,,,,,,,,,,,,,,,,,,,,,,,,,,,,,,,,,,,,,,,,,,,,,,,,,,,,,,,,,,,,,,,,,,,
a10bfb3e-7f85-4ea5-8ad2-d0c75db23909,exam-hall-02,SINGLE_CHOICE,DRAFT,,,"A hybrid project is using an iterative design process for product development. However, there are separate teams for design and execution, which is causing concerns. What should the project manager do to address these concerns?",,,A,,A.Establish a centralized repository for project documentation and product validation.,,,TRUE,B,,B.Request that the design team be made responsible for project execution as well.,,,FALSE,C,,C.Communicate to the project management office (PMO) that a hybrid approach is too risky.,,,FALSE,D,,D.Enhance team skills by providing training on an adaptive project management framework.,,,FALSE,,,,,,,,,,,,,,,,,,,,,,,,,,,,,,,,,,,,,,,,,,,,,,,,,,,,,,,,,,,,,,,,,,,,,,,,,,,,,,,,,,,,,,,,,,,,,,,,
a94f6282-35e1-4833-aa8c-f35c65119418,exam-hall-02,SINGLE_CHOICE,DRAFT,,,A company is transitioning from a predictive to an agile project management approach. The project manager has noticed that team members have valuable ideas on how to improve productivity. How can the project manager leverage these ideas?,,,A,,A.Make use of project retrospective sessions for discussions and learning.,,,TRUE,B,,B.Use iteration planning to discuss and adopt new ways of working.,,,FALSE,C,,C.Develop and share guidelines for team training and mentoring.,,,FALSE,D,,D.Engage with the product owner to facilitate fast-tracking of the transition.,,,FALSE,,,,,,,,,,,,,,,,,,,,,,,,,,,,,,,,,,,,,,,,,,,,,,,,,,,,,,,,,,,,,,,,,,,,,,,,,,,,,,,,,,,,,,,,,,,,,,,,
0b1a68a2-3374-4a7e-b206-898c6a068fd0,exam-hall-02,SINGLE_CHOICE,DRAFT,,,"During the course of a project, the team has to address unexpected issues that may impact the schedule and budget. Many of the issues require immediate resolution before other interdependent issues can be addressed. The communication management plan indicates that the client and key internal stakeholders only require monthly reports. How should the project manager communicate the impact of these issues?",,,A,,A.Update the project issue log to ensure the communication issues are captured internally.,,,FALSE,B,,B.Maintain monthly client and internal stakeholder reports as indicated in the communications management plan.,,,FALSE,C,,C.Increase communication with the client and stakeholders as necessary to manage the issues and their impact.,,,TRUE,D,,D.Revise the communications management plan and request approval of the revised plan.,,,FALSE,,,,,,,,,,,,,,,,,,,,,,,,,,,,,,,,,,,,,,,,,,,,,,,,,,,,,,,,,,,,,,,,,,,,,,,,,,,,,,,,,,,,,,,,,,,,,,,,
bbe2f30b-ce5d-4e53-b085-aa1bd7e6b763,exam-hall-02,SINGLE_CHOICE,DRAFT,,,Regular check-ins with the delivery team reveal low morale and a lack of efficiency. What should the project manager do to address these concerns?,,,A,,A.Perform a skill assessment.,,,FALSE,B,,B.Conduct teambuilding exercises.,,,FALSE,C,,C.Remove all project roadblocks.,,,FALSE,D,,D.Conduct a satisfaction evaluation.,,,TRUE,,,,,,,,,,,,,,,,,,,,,,,,,,,,,,,,,,,,,,,,,,,,,,,,,,,,,,,,,,,,,,,,,,,,,,,,,,,,,,,,,,,,,,,,,,,,,,,,
f939208c-367f-4564-a346-256c43752ac1,exam-hall-02,SINGLE_CHOICE,DRAFT,,,"A project manager works in a matrix organization. Following a reorganization, several key project resources are reassigned to another project. The project no longer has the resources needed to successfully deliver the project. What should the project manager do?",,,A,,A.Refuse to release the newly reassigned resources.,,,FALSE,B,,B.Review the communications management plan.,,,FALSE,C,,C.Review resource allocation and utilization plans.,,,FALSE,D,,D.Review resource needs with the functional manager.,,,TRUE,,,,,,,,,,,,,,,,,,,,,,,,,,,,,,,,,,,,,,,,,,,,,,,,,,,,,,,,,,,,,,,,,,,,,,,,,,,,,,,,,,,,,,,,,,,,,,,,
72e26d26-0834-4ac7-af08-0e1d75c9d689,exam-hall-02,SINGLE_CHOICE,DRAFT,,,"During a final inspection of a new product, the project team discovers a significant defect in one of the key deliverables. This defect poses a security risk to the client, who expects to start using the deliverable in two weeks. What should the project manager do?",,,A,,A.Conduct a quality investigation and initiate corrective action.,,,TRUE,B,,B.Use the contingency reserve to cover the cost of the defect.,,,FALSE,C,,C.Meet with the client to explain the cause of the defect.,,,FALSE,D,,D.Send the client a letter apologizing for the inconvenience.,,,FALSE,,,,,,,,,,,,,,,,,,,,,,,,,,,,,,,,,,,,,,,,,,,,,,,,,,,,,,,,,,,,,,,,,,,,,,,,,,,,,,,,,,,,,,,,,,,,,,,,
bee54ef1-78f8-4986-841f-ed0d1d75354f,exam-hall-02,SINGLE_CHOICE,DRAFT,,,An experienced project manager joins an ongoing project and wants to estimate the amount of time required to tackle several complex tasks. The team uses a kanban board but is open to new approaches. The project manager suggests using story points. What is the first thing the team should do before implementing this new approach?,,,A,,A.Calculate the story points only for new backlog items.,,,FALSE,B,,B.Estimate the story points required for the entire task board.,,,FALSE,C,,C.Convert all work in progress (WIP) items to story points.,,,TRUE,D,,D.Measure and track story points over several sprints.,,,FALSE,,,,,,,,,,,,,,,,,,,,,,,,,,,,,,,,,,,,,,,,,,,,,,,,,,,,,,,,,,,,,,,,,,,,,,,,,,,,,,,,,,,,,,,,,,,,,,,,
35e2c8b3-0e72-4112-9b51-b457f23e0434,exam-hall-02,SINGLE_CHOICE,DRAFT,,,"During the last five daily standups, one team member on a hybrid (predictive-agile) project has been vague about what they have accomplished and what they are planning to accomplish. What should the project manager do?",,,A,,A.Meet with the team member to ensure that they have a clear understanding of what is expected of them.,,,TRUE,B,,B.Review the issue in the next retrospective meeting and determine what corrective action should be implemented.,,,FALSE,C,,C.Raise the issue of task accountability with the team and stakeholders at the next iteration review meeting.,,,FALSE,D,,D.Facilitate a meeting with the entire team and stakeholders to review the risks and impediments faced by the project.,,,FALSE,,,,,,,,,,,,,,,,,,,,,,,,,,,,,,,,,,,,,,,,,,,,,,,,,,,,,,,,,,,,,,,,,,,,,,,,,,,,,,,,,,,,,,,,,,,,,,,,
210faf30-406d-4cb5-b800-d3cec5efcfd9,exam-hall-02,SINGLE_CHOICE,DRAFT,,,"An extremely talented and results-oriented team member is suddenly struggling with a personal problem. Due to this, there is a change in the team member's behavior, and it starts to affect the project deliverables as well as the morale of other team members. What should the project manager do?",,,A,,A.Assign the team member to an activity that will not substantially impact deliverables.,,,FALSE,B,,B.Approach the team member privately and work together to develop a plan to address the issue.,,,TRUE,C,,C.Add the team member's problem to the project issue log and inform all key stakeholders.,,,FALSE,D,,D.Ask the human resources (HR) manager to handle the issue and continue working as planned.,,,FALSE,,,,,,,,,,,,,,,,,,,,,,,,,,,,,,,,,,,,,,,,,,,,,,,,,,,,,,,,,,,,,,,,,,,,,,,,,,,,,,,,,,,,,,,,,,,,,,,,
01dbc6e8-ff23-49d2-bda8-cc473361d49e,exam-hall-02,SINGLE_CHOICE,DRAFT,,,"A project manager is working on a virtual project with a global team for the first time and encounters an issue with stakeholder participation in team meetings. Some stakeholders do not participate, others complain about scheduling, and others do not acknowledge meeting invitations. What should the project manager do to address these issues and ensure smoother meetings?",,,A,,A.Allow the stakeholders to participate in asynchronous meetings using written communication.,,,FALSE,B,,B.Inform the project sponsor of the situation and ask for support in enforcing meeting attendance.,,,FALSE,C,,C.Review the organizational culture and structure to properly coordinate meetings.,,,TRUE,D,,D.Reschedule meetings for different times and dates according to time zones.,,,FALSE,,,,,,,,,,,,,,,,,,,,,,,,,,,,,,,,,,,,,,,,,,,,,,,,,,,,,,,,,,,,,,,,,,,,,,,,,,,,,,,,,,,,,,,,,,,,,,,,
fdaa4583-ff28-4632-93a6-9029ea5fee4b,exam-hall-02,SINGLE_CHOICE,DRAFT,,,An agile project manager is overseeing a Kanban project and wants to assess task completion roadblocks for an upcoming major milestone. What should the project manager do?,,,A,,A.Create a performance metric using the work in progress limit.,,,FALSE,B,,B.Ask a trusted team member about the issues the team is facing.,,,FALSE,C,,C.Review the blocked items with the team during standup meetings.,,,TRUE,D,,D.Host a stakeholder meeting to discuss task completion roadblocks.,,,FALSE,,,,,,,,,,,,,,,,,,,,,,,,,,,,,,,,,,,,,,,,,,,,,,,,,,,,,,,,,,,,,,,,,,,,,,,,,,,,,,,,,,,,,,,,,,,,,,,,
82d411f1-1cb9-4b18-a316-3ba962ec7d3e,exam-hall-02,SINGLE_CHOICE,DRAFT,,,"The night before a standup meeting, a project manager realizes that they will be unable to attend the daily standup meeting in person but will join via phone. The project manager sent an email to the project team letting them know. One of the team members is upset that, despite having the longest commute, they are expected to attend the meeting in person. How should the project manager address this situation?",,,A,,A.Amend the current attendance policy to allow all team members to attend standup meetings remotely.,,,FALSE,B,,B.Rotate the location of the standup meetings to ensure that everyone has an equal opportunity to attend in person.,,,FALSE,C,,C.Review the guidelines for meeting attendance including when remote attendance is allowed and under what circumstances.,,,TRUE,D,,D.Communicate the reasons for attending standup meetings in person and the benefits of doing so.,,,FALSE,,,,,,,,,,,,,,,,,,,,,,,,,,,,,,,,,,,,,,,,,,,,,,,,,,,,,,,,,,,,,,,,,,,,,,,,,,,,,,,,,,,,,,,,,,,,,,,,
f5659954-207e-4382-b08c-756d257bc6f7,exam-hall-02,SINGLE_CHOICE,DRAFT,,,"During a multidisciplinary project, a project manager learns that there are many conflicts about design among team members from different disciplines. What should the project manager do to ensure the smooth delivery of the project?",,,A,,A.Identify the matter as a risk and check available budget reserves.,,,FALSE,B,,B.Ensure that the project sponsor is aware of the current situation.,,,FALSE,C,,C.Escalate to functional managers and seek resolution.,,,FALSE,D,,D.Facilitate team discussions to achieve the desired results.,,,TRUE,,,,,,,,,,,,,,,,,,,,,,,,,,,,,,,,,,,,,,,,,,,,,,,,,,,,,,,,,,,,,,,,,,,,,,,,,,,,,,,,,,,,,,,,,,,,,,,,
05678d41-72b3-42ff-af6c-af45b9f66b91,exam-hall-02,SINGLE_CHOICE,DRAFT,,,The leadership team of a company asked a project manager for an ad-hoc status update on the latest iteration of a project. The project manager directed the leadership team to the project folder. The leadership team informed the project manager that some information was missing. What should the project manager have done to avoid this situation?,,,A,,A.Told the team to review the folder before sharing it and add the missing information.,,,FALSE,B,,B.Scheduled a team meeting to discuss the missing information with the leadership team.,,,FALSE,C,,C.Inspected the project folder carefully before sharing it with the leadership team.,,,FALSE,D,,D.Updated the project folder regularly to ensure project artifacts were always current.,,,TRUE,,,,,,,,,,,,,,,,,,,,,,,,,,,,,,,,,,,,,,,,,,,,,,,,,,,,,,,,,,,,,,,,,,,,,,,,,,,,,,,,,,,,,,,,,,,,,,,,
6b6d9e68-6ab5-43a0-9e23-1e22ed63009e,exam-hall-02,SINGLE_CHOICE,DRAFT,,,"Halfway through implementation, the project co-sponsor, who is contributing a significant amount of capital to the project, informs the project team of an additional feature to the project deliverable. What should the project manager do?",,,A,,A.Assess the impact of the new requirement and update the risk register.,,,FALSE,B,,B.Complete the current project as planned and update it later with the new requirements.,,,FALSE,C,,C.Collect the co-sponsor's requirements and perform the integrated change control process.,,,TRUE,D,,D.Convince the co-sponsor to maintain the current scope and complete the project as planned.,,,FALSE,,,,,,,,,,,,,,,,,,,,,,,,,,,,,,,,,,,,,,,,,,,,,,,,,,,,,,,,,,,,,,,,,,,,,,,,,,,,,,,,,,,,,,,,,,,,,,,,
dc90f468-f150-486a-959e-3d7a3c835fe6,exam-hall-02,SINGLE_CHOICE,DRAFT,,,"In the middle of a project, the project manager realizes that a specific set of skills is needed to complete project development. Unfortunately, none of the team members possess the necessary skills. What is the first step the project manager should take to address this issue?",,,A,,A.Reorganize the project team to include people with the necessary knowledge and skills.,,,FALSE,B,,"B.Review the timeline and budget to consider training, outsourcing, or other alternatives.",,,TRUE,C,,C.Organize adequate training for the project team to close the knowledge gap.,,,FALSE,D,,D.Search for alternative ways to achieve project objectives without the required skills.,,,FALSE,,,,,,,,,,,,,,,,,,,,,,,,,,,,,,,,,,,,,,,,,,,,,,,,,,,,,,,,,,,,,,,,,,,,,,,,,,,,,,,,,,,,,,,,,,,,,,,,
f48dada1-0a63-4ed3-b23a-c9a1cf50a3ad,exam-hall-02,SINGLE_CHOICE,DRAFT,,,"An agile project team has not completed the tasks within the current iteration. During a meeting, the project sponsor gives the team a final date for task completion. How should the project manager proceed?",,,A,,A.Request that a functional manager becomes a team lead to ensure processes are followed.,,,FALSE,B,,B.Appoint a team leader to take responsibility for the team's iteration planning and completion.,,,FALSE,C,,C.Advise the project sponsor that the team is responsible for managing work within iterations.,,,TRUE,D,,D.Advise the team to comply with the new schedule provided by the project sponsor.,,,FALSE,,,,,,,,,,,,,,,,,,,,,,,,,,,,,,,,,,,,,,,,,,,,,,,,,,,,,,,,,,,,,,,,,,,,,,,,,,,,,,,,,,,,,,,,,,,,,,,,
6ec7cd49-227a-4e4a-8c05-91ca3fc9d536,exam-hall-02,SINGLE_CHOICE,DRAFT,,,"A project manager has been engaged by a managing director to transform the project management office (PMO) from a waterfall structure focused on software development to an agile PMO. The manager of the PMO has been particularly resistant to the change. Upon investigation, the project manager realizes that the manager's resistance is due to a lack of agile knowledge may make them seem incompetent. How should the project manager proceed?",,,A,,A.Ask the managing director to intervene with the PMO manager to explain why this is necessary.,,,FALSE,B,,B.Ask the project team to support the transformation regardless of the PMO manager's negativity.,,,FALSE,C,,C.Implement a change management strategy to ensure that the process meets governance requirements.,,,FALSE,D,,D.Implement a training program on agile for all staff to ensure there is congruency of learning for everyone.,,,TRUE,,,,,,,,,,,,,,,,,,,,,,,,,,,,,,,,,,,,,,,,,,,,,,,,,,,,,,,,,,,,,,,,,,,,,,,,,,,,,,,,,,,,,,,,,,,,,,,,
abbf1498-99cf-438a-b1cb-eefd7f23a09c,exam-hall-02,SINGLE_CHOICE,DRAFT,,,A project team member suddenly approaches the project manager and asks to resign from the project. The team member is upset because of poor treatment and consistent complaints from the technical leader. The team member explains that they are no longer willing to tolerate this treatment from the technical leader. The project manager has never had quality issues with the team member. How should the project manager handle this situation?,,,A,,A.Allow the team member to resign and replace them since there are additional resources available.,,,FALSE,B,,B.Discuss the situation with the team member to determine why the technical leader is treating them poorly.,,,FALSE,C,,C.Talk to the technical leader to determine how the team member is poorly performing.,,,FALSE,D,,D.Speak with the team member and technical leader to analyze the conflict and resolve it through mediation.,,,TRUE,,,,,,,,,,,,,,,,,,,,,,,,,,,,,,,,,,,,,,,,,,,,,,,,,,,,,,,,,,,,,,,,,,,,,,,,,,,,,,,,,,,,,,,,,,,,,,,,
1eebcd60-c191-4f12-8650-4d428e2ca864,exam-hall-02,SINGLE_CHOICE,DRAFT,,,Project team members inform their project manager of a challenge they are facing. This challenge will likely impact project timelines. What should the project manager do next?,,,A,,A.Determine if the team's challenges impact the critical path.,,,FALSE,B,,B.Initiate a change request to extend the project timeline.,,,FALSE,C,,C.Work with the team to assess the impact on the overall project.,,,TRUE,D,,D.Escalate to the project sponsor for proper resolution.,,,FALSE,,,,,,,,,,,,,,,,,,,,,,,,,,,,,,,,,,,,,,,,,,,,,,,,,,,,,,,,,,,,,,,,,,,,,,,,,,,,,,,,,,,,,,,,,,,,,,,,
a3c02def-2c7c-4058-9011-e82d25a91dbe,exam-hall-02,SINGLE_CHOICE,DRAFT,,,"One day before starting a task, the technical lead proposed a new implementation approach that could reduce the schedule by one week. However, if the approach does not work, the task will be delayed by three days. What should the project manager do next?",,,A,,A.Initiate a change request to reduce the schedule by one week.,,,FALSE,B,,B.Tell the technical lead that the new approach is not feasible.,,,FALSE,C,,C.Refer to the network diagram to determine the float for this task.,,,TRUE,D,,D.Communicate the possible three-day delay to the sponsor.,,,FALSE,,,,,,,,,,,,,,,,,,,,,,,,,,,,,,,,,,,,,,,,,,,,,,,,,,,,,,,,,,,,,,,,,,,,,,,,,,,,,,,,,,,,,,,,,,,,,,,,
b2c4e184-b167-4e9a-8d08-bb0f3be99fe9,exam-hall-02,MULTIPLE_CHOICE,DRAFT,,,"In an ongoing project, performance is continuously evaluated to determine benefits. Which two actions should the project manager do at the beginning of the project? (Choose two)",,,A,,A.Ensure approval of the performance parameters with the stakeholders.,,,TRUE,B,,B.Hold regular meetings with all of the stakeholders.,,,FALSE,C,,C.Agree on the requirements for measurement tracking.,,,TRUE,D,,D.Review the project administration on a regular basis.,,,FALSE,E,,E.Simulate and predict the performance parameters for key stakeholders.,,,FALSE,,,,,,,,,,,,,,,,,,,,,,,,,,,,,,,,,,,,,,,,,,,,,,,,,,,,,,,,,,,,,,,,,,,,,,,,,,,,,,,,,,,,,,,,,,
0513955d-20b8-46af-8d43-86235e9ed02b,exam-hall-02,MULTIPLE_CHOICE,DRAFT,,,"A project manager has just taken over an ongoing project from another project manager. During a review of the project management plan, the new project manager realizes that the cost variance and schedule variance are largely negative. Several reported issues have not been resolved, vendors have not been paid for work done, and risk mitigation is quickly depleting the budget. Which two actions should the original project manager have taken to avoid this situation? (Choose two)",,,A,,A.Outlined the project's assumptions and documented them in the project charter.,,,TRUE,B,,B.Added a substantial contingency reserve budget to the project charter.,,,FALSE,C,,C.Identified high-level risks and risk responses in the project planning phase.,,,TRUE,D,,D.Identified appropriate and comprehensive project handoff procedures.,,,FALSE,E,,E.Ensured that the project governance controls were approved and implemented.,,,FALSE,,,,,,,,,,,,,,,,,,,,,,,,,,,,,,,,,,,,,,,,,,,,,,,,,,,,,,,,,,,,,,,,,,,,,,,,,,,,,,,,,,,,,,,,,,
b0e7602f-e2d6-483c-a637-bf360155c93d,exam-hall-02,SINGLE_CHOICE,DRAFT,,,"During sprint planning, an agile team and product owner identified that the team should be able to finish five user stories. However, during the sprint, the team worked on more than five stories but did not complete any stories at all. What should the project manager do?",,,A,,A.Clarify priorities with the team.,,,TRUE,B,,B.Create smaller stories in the future.,,,FALSE,C,,C.Review the definition of done (DoD).,,,FALSE,D,,D.Update the product release plan.,,,FALSE,,,,,,,,,,,,,,,,,,,,,,,,,,,,,,,,,,,,,,,,,,,,,,,,,,,,,,,,,,,,,,,,,,,,,,,,,,,,,,,,,,,,,,,,,,,,,,,,
a09a9029-829c-4b82-9d1b-9cdeb30f0c60,exam-hall-02,MULTIPLE_CHOICE,DRAFT,,,A project team is unexpectedly audited. Several nonconformances were identified during the audit. Which three actions could the project manager have taken to prevent this situation? (Choose three),,,A,,A.Monitored conformance and quality standards.,,,TRUE,B,,B.Anticipated potential nonconformance items.,,,TRUE,C,,C.Asked that the team remain ready for an audit.,,,TRUE,D,,D.Ensured that the auditors were experienced.,,,FALSE,E,,E.Rejected the unexpected audit request.,,,FALSE,,,,,,,,,,,,,,,,,,,,,,,,,,,,,,,,,,,,,,,,,,,,,,,,,,,,,,,,,,,,,,,,,,,,,,,,,,,,,,,,,,,,,,,,,,
50ed5b85-fa6b-45e7-b6d1-1c44c9363161,exam-hall-02,MULTIPLE_CHOICE,DRAFT,,,"During a project review meeting, an end user reports that the personal computers supplied for testing are experiencing performance degradation. Which three immediate actions should the project manager take to address this issue? (Choose 3)",,,A,,A.Record the issue in the issue log.,,,TRUE,B,,B.Change the project scope.,,,FALSE,C,,C.Assign ownership for the issue.,,,TRUE,D,,D.Buy new personal computers.,,,FALSE,E,,E.Implement a resolution of the issue.,,,TRUE,,,,,,,,,,,,,,,,,,,,,,,,,,,,,,,,,,,,,,,,,,,,,,,,,,,,,,,,,,,,,,,,,,,,,,,,,,,,,,,,,,,,,,,,,,
e2cd9eda-0d03-481c-a88a-c934263d142d,exam-hall-02,MULTIPLE_CHOICE,DRAFT,,,A project manager is assigned to a new project with a team that the project manager knows well and has worked with a number of projects. The team's average velocity is eight points per sprint. Another team has some time between projects and assists the team with sizing stories. The table below shows the estimated story points for each of the new features that will be built. The business wants to confirm a delivery date as soon as possible. Which two actions should the project manager take? (Choose two),,,A,,A.Explain to the business that the team will need ten sprints to deliver the features.,,,FALSE,B,,B.Inform the business that the team that will be doing the work needs to estimate the feature sizes.,,,TRUE,C,,C.Set up a meeting between both project teams to understand how their estimation of story sizes works.,,,TRUE,D,,D.Explain to the team that the sizing was already done and they will need to deliver the project in 10 sprints.,,,FALSE,E,,E.Discuss the business request with the team and determine a solution to plan for a five-sprint schedule.,,,FALSE,,,,,,,,,,,,,,,,,,,,,,,,,,,,,,,,,,,,,,,,,,,,,,,,,,,,,,,,,,,,,,,,,,,,,,,,,,,,,,,,,,,,,,,,,,
522f6a9f-8544-444e-9f81-4d4d3897ec65,exam-hall-02,MULTIPLE_CHOICE,DRAFT,,,"A project manager is beginning a new project and is starting to form the project team. The project manager has not worked with anyone from this team previously, and most of the team members do not know each other, and some are located in different countries. Which two actions should the project manager take to help the team work more closely together? (Choose two)",,,A,,A.Identify the cultural differences and potential conflict areas to mitigate these going forward.,,,TRUE,B,,B.Allocate a budget for the team members to temporarily relocate for the duration of the project.,,,FALSE,C,,C.Arrange virtual team building sessions that allow team members to get to know each other.,,,TRUE,D,,D.Select team members who have previously worked together to be allocated to the project.,,,FALSE,E,,E.Identify experienced team members to provide mentoring for the less experienced team members.,,,FALSE,,,,,,,,,,,,,,,,,,,,,,,,,,,,,,,,,,,,,,,,,,,,,,,,,,,,,,,,,,,,,,,,,,,,,,,,,,,,,,,,,,,,,,,,,,
c24a8342-ae93-461b-ab00-ec74b33185cb,exam-hall-02,SINGLE_CHOICE,DRAFT,,,"Due to economic implications, a company announces imminent layoffs. A project is nearing delivery, and the team is worried about losing their jobs. Team morale is very low, and the project manager is experiencing increased delivery delays from the team. What should the project manager do to address team morale?",,,A,,A.Replace team members who are not delivering optimally to improve overall productivity.,,,FALSE,B,,B.Provide regular updates on the layoff situation and discuss its impact on the team and the project.,,,TRUE,C,,C.Keep all information about the layoffs confidential to avoid causing further anxiety.,,,FALSE,D,,D.Meet with the project team to assure them that they will not be laid off and their jobs are safe.,,,FALSE,,,,,,,,,,,,,,,,,,,,,,,,,,,,,,,,,,,,,,,,,,,,,,,,,,,,,,,,,,,,,,,,,,,,,,,,,,,,,,,,,,,,,,,,,,,,,,,,
6637ae8b-c3f6-4fa2-957e-181aea239538,exam-hall-02,SINGLE_CHOICE,DRAFT,,,A project manager conducted an analysis with relevant stakeholders to validate project alignment with organizational strategy and expected business value. Several key stakeholders missed the analysis session and their input was not included in the analysis. What is the main consequence of stakeholders missing the analysis session?,,,A,,A.Formal approval of project change requests is delayed.,,,FALSE,B,,B.Stakeholder dissatisfaction with key project deliverables.,,,FALSE,C,,C.Conflict in subsequent phases of the project may result.,,,FALSE,D,,D.Inconsistent input on benefits from key stakeholders.,,,TRUE,,,,,,,,,,,,,,,,,,,,,,,,,,,,,,,,,,,,,,,,,,,,,,,,,,,,,,,,,,,,,,,,,,,,,,,,,,,,,,,,,,,,,,,,,,,,,,,,
407e9897-d6a9-4c15-bfda-6d669c561eee,exam-hall-02,SINGLE_CHOICE,DRAFT,,,"During the planning phase of a project, the project manager is having trouble identifying stakeholders. Without input from the correct stakeholders, getting user feedback will be challenging. What should the project manager do?",,,A,,A.Review the stakeholder engagement plan.,,,FALSE,B,,B.Inform the project sponsors.,,,FALSE,C,,C.Refer to the project charter to identify stakeholders.,,,TRUE,D,,D.Review the project scope document.,,,FALSE,,,,,,,,,,,,,,,,,,,,,,,,,,,,,,,,,,,,,,,,,,,,,,,,,,,,,,,,,,,,,,,,,,,,,,,,,,,,,,,,,,,,,,,,,,,,,,,,
2610b394-9cee-4fae-885c-2995b6b0e491,exam-hall-02,SINGLE_CHOICE,DRAFT,,,A project team is in sprint thirteen of a fourteen-sprint project. The project team placed a game-changing feature on the backlog for the next release. The product owner is informed that a competitor is launching a new product with a feature that closely resembles the feature placed on the backlog. The product owner is demanding that this feature be incorporated into the current release. What should the project manager do?,,,A,,A.Organize a review meeting with the development team to understand the extent of work required.,,,FALSE,B,,B.Meet with the product owner and relevant stakeholders to discuss the change and analyze the impact.,,,TRUE,C,,C.Perform the required assessments and raise a change request with the change control board (CCB).,,,FALSE,D,,D.Inform the product owner that this game-changing feature will be added to the product's next release.,,,FALSE,,,,,,,,,,,,,,,,,,,,,,,,,,,,,,,,,,,,,,,,,,,,,,,,,,,,,,,,,,,,,,,,,,,,,,,,,,,,,,,,,,,,,,,,,,,,,,,,
c4123ab1-8a3b-4a3d-b75e-90b84630d283,exam-hall-02,SINGLE_CHOICE,DRAFT,,,Critical project equipment is being produced by an overseas vendor. A quality survey revealed noncompliance with some of the project specifications. What should the project manager do next?,,,A,,A.Assign project personnel to oversee the vendor's facility to ensure compliance with the specifications.,,,FALSE,B,,B.Review the production contract to determine if the referenced specifications were included.,,,TRUE,C,,C.Schedule a workshop with vendor representatives to provide an overview of the project specifications.,,,FALSE,D,,D.Schedule regular meetings with the vendor to personally control this situation.,,,FALSE,,,,,,,,,,,,,,,,,,,,,,,,,,,,,,,,,,,,,,,,,,,,,,,,,,,,,,,,,,,,,,,,,,,,,,,,,,,,,,,,,,,,,,,,,,,,,,,,
32c3bcef-c6db-44e8-a9b3-fb02bc186b86,exam-hall-02,SINGLE_CHOICE,DRAFT,,,"During a progress meeting, the project team learns that an identified risk materialized. The project manager decides to execute the risk response plan, but the contingency reserve does not cover the total budget for that plan. What should the project manager do?",,,A,,A.Ask the project sponsor to apply the management reserve to cover the remaining cost of the response.,,,FALSE,B,,B.Ask the project sponsor to provide an additional budget to compensate for the cost overage.,,,FALSE,C,,"C.Issue a change request to modify the scope, cost, and schedule baselines to support the new plan.",,,TRUE,D,,D.Use the contingency reserve and assess options to reduce the budget to cover the remaining work.,,,FALSE,,,,,,,,,,,,,,,,,,,,,,,,,,,,,,,,,,,,,,,,,,,,,,,,,,,,,,,,,,,,,,,,,,,,,,,,,,,,,,,,,,,,,,,,,,,,,,,,
c677e281-cfe5-42b8-9229-971dd69e8685,exam-hall-02,SINGLE_CHOICE,DRAFT,,,"During a project closing review meeting, the project manager notes that a software development task took longer to complete than was planned. Which action should the project manager take for continuous project improvement?",,,A,,A.Update the performance data in the lessons learned register.,,,TRUE,B,,B.Update the risk register so the problem will not happen in the future.,,,FALSE,C,,C.Update the problem in the issue log and distribute it to the project team.,,,FALSE,D,,D.Update the communications management plan with details of the problem.,,,FALSE,,,,,,,,,,,,,,,,,,,,,,,,,,,,,,,,,,,,,,,,,,,,,,,,,,,,,,,,,,,,,,,,,,,,,,,,,,,,,,,,,,,,,,,,,,,,,,,,
9c689478-233c-4fc9-9888-87f69fe8eba6,exam-hall-02,SINGLE_CHOICE,DRAFT,,,"After a few iterations, the project manager feels that even though the team is completing the work as planned, the team is not completely comfortable with some of the agile processes followed in the project. When should the project manager talk about this and make adjustments?",,,A,,A.At the next daily coordination meeting.,,,FALSE,B,,B.At the lessons learned workshop.,,,FALSE,C,,C.At the next retrospective meeting.,,,TRUE,D,,D.At the next iteration planning meeting.,,,FALSE,,,,,,,,,,,,,,,,,,,,,,,,,,,,,,,,,,,,,,,,,,,,,,,,,,,,,,,,,,,,,,,,,,,,,,,,,,,,,,,,,,,,,,,,,,,,,,,,
41e8ecba-c285-4ba9-b738-e1e443d52744,exam-hall-02,SINGLE_CHOICE,DRAFT,,,A key member of a project team publicly declares that another team member has been speaking negatively about them. The team member threatens to quit their job if the project manager does not take immediate action to address the conflict. What should the project manager do first?,,,A,,A.Call a team meeting because the project is in jeopardy without the key team member.,,,FALSE,B,,B.Meet with the accused team member to understand their point of view.,,,TRUE,C,,C.Postpone the scheduling of the next meeting to allow the issue to diffuse over time.,,,FALSE,D,,D.Choose to remove one of the two team members to address the conflict.,,,FALSE,,,,,,,,,,,,,,,,,,,,,,,,,,,,,,,,,,,,,,,,,,,,,,,,,,,,,,,,,,,,,,,,,,,,,,,,,,,,,,,,,,,,,,,,,,,,,,,,
41c82a48-b8b8-4f45-b356-5b3133d66ff1,exam-hall-02,SINGLE_CHOICE,DRAFT,,,"During a standup meeting, the project manager discovers that one of the software developers is struggling to complete work because they lack experience with automation testing, potentially affecting the sprint goal. A quality assurance engineer on the team has automation testing experience but is busy preparing a presentation for new employees. What action would increase the chances of achieving the sprint goal?",,,A,,A.Reassign the automation work to the engineer as soon as the presentation is finished.,,,FALSE,B,,B.Immediately train the software developer on automation testing and then proceed with testing.,,,FALSE,C,,C.Ask the quality assurance engineer to assist the software developer as soon as possible.,,,TRUE,D,,D.Reschedule the automation testing for when the quality assurance engineer is available.,,,FALSE,,,,,,,,,,,,,,,,,,,,,,,,,,,,,,,,,,,,,,,,,,,,,,,,,,,,,,,,,,,,,,,,,,,,,,,,,,,,,,,,,,,,,,,,,,,,,,,,
c14c834a-a167-4a1b-aae3-7d39be5e4c91,exam-hall-02,SINGLE_CHOICE,DRAFT,,,"An agile project is in the first of six iterations. The team is located globally, so the meetings are in a virtual environment. After the fifth daily meeting, the project manager realizes that not all members are actively participating.

What should the project manager do?",,,A,,A.Ask the team members why participation is lacking.,,,FALSE,B,,B.Engage and guide the team to encourage all members to participate.,,,TRUE,C,,C.Ask each team member individually to participate in future meetings.,,,FALSE,D,,D.Allow the team to find their own way to fully participate.,,,FALSE,,,,,,,,,,,,,,,,,,,,,,,,,,,,,,,,,,,,,,,,,,,,,,,,,,,,,,,,,,,,,,,,,,,,,,,,,,,,,,,,,,,,,,,,,,,,,,,,
0f290e15-1bcc-44be-a0f9-7fd7982bbbeb,exam-hall-02,SINGLE_CHOICE,DRAFT,,,"While reviewing progress in the middle of an iteration, the scrum master points out a major risk due to a user story dependency. What should the project manager do next?",,,A,,A.Update the product backlog.,,,FALSE,B,,B.Update the project charter.,,,FALSE,C,,C.Update the risk register.,,,TRUE,D,,D.Update the issue log.,,,FALSE,,,,,,,,,,,,,,,,,,,,,,,,,,,,,,,,,,,,,,,,,,,,,,,,,,,,,,,,,,,,,,,,,,,,,,,,,,,,,,,,,,,,,,,,,,,,,,,,
658dea77-ea31-44d1-a48d-44f4ad5e37c5,exam-hall-02,SINGLE_CHOICE,DRAFT,,,A project manager is working on a project to modernize a bank's information technology (IT) infrastructure. The project manager recently received approval of the project's change management plan from the project sponsor. The project sponsor now requests that the project manager implement a new piece of technology in the solution. What should the project manager do next?,,,A,,A.Add the new technology as a risk in the risk register.,,,FALSE,B,,B.Submit a change request to the change control board (CCB).,,,TRUE,C,,C.Update the schedule and cost baselines with the new technology.,,,FALSE,D,,D.Request the project sponsor to procure the new technology.,,,FALSE,,,,,,,,,,,,,,,,,,,,,,,,,,,,,,,,,,,,,,,,,,,,,,,,,,,,,,,,,,,,,,,,,,,,,,,,,,,,,,,,,,,,,,,,,,,,,,,,
ed4ac075-9145-41b3-96e7-5f0d84879093,exam-hall-02,SINGLE_CHOICE,DRAFT,,,A project manager has just received news that a new regulation has been adopted and the expectation is that the project will be delivered compliant with this new regulation. This was previously documented as a risk item with a low probability and a moderate impact. What should the project manager do first?,,,A,,A.Revisit the risk register and update the rating and response.,,,TRUE,B,,B.Update the issue log and apply corrective action.,,,FALSE,C,,C.Revise the project management plan.,,,FALSE,D,,D.Initiate a change request for the updated regulation.,,,FALSE,,,,,,,,,,,,,,,,,,,,,,,,,,,,,,,,,,,,,,,,,,,,,,,,,,,,,,,,,,,,,,,,,,,,,,,,,,,,,,,,,,,,,,,,,,,,,,,,
e6f0f056-585e-4da7-a0f8-00d5445a3d39,exam-hall-02,SINGLE_CHOICE,DRAFT,,,"During a weekly team meeting, the project manager reviewed task progress and found that a senior team member did not follow the plan. They performed tasks by personal preference, without communicating with the project manager. The senior team member is an expert and a critical resource for the project. How should the project manager address this?",,,A,,"A.Discuss this with the resource personally, then update the resource management plan if necessary.",,,FALSE,B,,"B.Discuss this with the functional manager, then update the resource management plan if necessary.",,,FALSE,C,,"C.Discuss this with the functional manager, then update the team charter if necessary.",,,FALSE,D,,"D.Discuss this with the resource personally, then update the team charter if necessary.",,,TRUE,,,,,,,,,,,,,,,,,,,,,,,,,,,,,,,,,,,,,,,,,,,,,,,,,,,,,,,,,,,,,,,,,,,,,,,,,,,,,,,,,,,,,,,,,,,,,,,,
f21f31f1-9149-4ca4-92ab-b9db26164879,exam-hall-02,SINGLE_CHOICE,DRAFT,,,"During a retrospective meeting, some team members expressed that they strongly disagree with how the product owner and scrum master handled some issues related to the scope of the last cycle. What should the project manager do first?",,,A,,A.Review the backlog with the product owner to ensure the scope is appropriate.,,,FALSE,B,,B.Collect all available information from the team and address the problem.,,,TRUE,C,,C.Schedule a meeting with the specific team members to discuss the issue.,,,FALSE,D,,D.Discuss the team's concerns with the product owner and the scrum master.,,,FALSE,,,,,,,,,,,,,,,,,,,,,,,,,,,,,,,,,,,,,,,,,,,,,,,,,,,,,,,,,,,,,,,,,,,,,,,,,,,,,,,,,,,,,,,,,,,,,,,,
36318580-472c-4e5f-9c13-ccf5b2acd335,exam-hall-02,SINGLE_CHOICE,DRAFT,,,"Although a project is performing within its time, scope, and budget constraints, the project manager learns that the project sponsor is unhappy with its progress. What should the project manager have done to avoid this situation?",,,A,,A.Conducted frequent reviews and assessments to identify and address any potential risks.,,,FALSE,B,,B.Aligned project objectives with the expectations and requirements of the project sponsor.,,,FALSE,C,,C.Communicated regularly with the project sponsor to provide updates and address any concerns.,,,TRUE,D,,D.Implemented strict control measures to ensure that project milestones and deliverables are met.,,,FALSE,,,,,,,,,,,,,,,,,,,,,,,,,,,,,,,,,,,,,,,,,,,,,,,,,,,,,,,,,,,,,,,,,,,,,,,,,,,,,,,,,,,,,,,,,,,,,,,,
5976f5c1-acb5-422b-90dc-cc4959a98124,exam-hall-02,SINGLE_CHOICE,DRAFT,,,"A project manager is delivering a complex project for a client who has their own project manager. The client's project manager is the sole decision maker for the project but is not the delegated financial authority. For every financial decision, the client's project manager must seek approval from a higher authority. This additional step has caused significant impacts on resource management, cost, and time of project delivery. How can the project manager resolve this problem?",,,A,,A.Raise this problem in the quarterly project status report.,,,FALSE,B,,B.Add the problem to the lessons learned report.,,,FALSE,C,,C.Escalate the problem to the project steering committee.,,,TRUE,D,,D.Discuss the problem with the client's project manager.,,,FALSE,,,,,,,,,,,,,,,,,,,,,,,,,,,,,,,,,,,,,,,,,,,,,,,,,,,,,,,,,,,,,,,,,,,,,,,,,,,,,,,,,,,,,,,,,,,,,,,,
3b7e7694-8888-485f-9925-95999af2481e,exam-hall-02,SINGLE_CHOICE,DRAFT,,,The execution of a construction project in a remote area requires team members to live together in corporate dormitories when they are required to be on-site. Several team members approach the project manager to complain about the way one team member behaves after work. They have expressed concerns that the behavior is negatively impacting team morale and cohesion. What should the project manager do to address this issue?,,,A,,A.Call a meeting to discuss the problem with the team.,,,FALSE,B,,B.Plan a team-building session to discuss the problem.,,,FALSE,C,,C.Move the team member in question to a new dormitory.,,,FALSE,D,,D.Review the team norms and discuss this with the team.,,,TRUE,,,,,,,,,,,,,,,,,,,,,,,,,,,,,,,,,,,,,,,,,,,,,,,,,,,,,,,,,,,,,,,,,,,,,,,,,,,,,,,,,,,,,,,,,,,,,,,,
f2e5220b-38d3-4088-8399-45a1f1eac9f1,exam-hall-02,SINGLE_CHOICE,DRAFT,,,"A project manager has been hired to lead a multinational enterprise program with a geographically distributed team. The team members are located in different countries and have varying opinions about status reporting. Some prefer detailed reports, while others prefer them to be brief. Some team members want to send daily status reports, while others want to send weekly status reports. How should the project manager resolve the issue?",,,A,,A.Ask the team to adhere to the communications management plan.,,,TRUE,B,,B.Escalate the reporting issue to the project sponsor for guidance.,,,FALSE,C,,C.Request that the team resolve the issue amongst themselves.,,,FALSE,D,,D.Change the existing template for status reporting to accommodate.,,,FALSE,,,,,,,,,,,,,,,,,,,,,,,,,,,,,,,,,,,,,,,,,,,,,,,,,,,,,,,,,,,,,,,,,,,,,,,,,,,,,,,,,,,,,,,,,,,,,,,,
77434602-f9e0-48ad-86a2-92e797da8698,exam-hall-02,SINGLE_CHOICE,DRAFT,,,"While working on a long project with many changes, a project manager is informed by a team member that some users are uncomfortable with certain product functionalities released in the previous iteration. Which action should the project manager take?",,,A,,A.Ensure that the team assignments are clear.,,,FALSE,B,,B.Obtain stakeholder feedback and team insights.,,,TRUE,C,,C.Communicate the changes to the team.,,,FALSE,D,,D.Update the change log and issue log.,,,FALSE,,,,,,,,,,,,,,,,,,,,,,,,,,,,,,,,,,,,,,,,,,,,,,,,,,,,,,,,,,,,,,,,,,,,,,,,,,,,,,,,,,,,,,,,,,,,,,,,
e40b654e-66e8-4fa1-b7f9-a8fb2dd13816,exam-hall-02,SINGLE_CHOICE,DRAFT,,,"A company has hired a project manager to implement an adaptive project framework. The project has made some progress, but the team is frustrated because the client does not provide feedback or participate in defining acceptance criteria. What could have caused this situation?",,,A,,A.The development team has no experience in managing an adaptive project.,,,FALSE,B,,B.The client plans to implement the project and does not need to participate.,,,FALSE,C,,C.The client does not understand the importance of their involvement.,,,TRUE,D,,D.The development team has not produced a complete prototype.,,,FALSE,,,,,,,,,,,,,,,,,,,,,,,,,,,,,,,,,,,,,,,,,,,,,,,,,,,,,,,,,,,,,,,,,,,,,,,,,,,,,,,,,,,,,,,,,,,,,,,,
62e4abdd-e4f8-42ab-ad83-47edc32e4e74,exam-hall-02,SINGLE_CHOICE,DRAFT,,,"During a daily standup, some team members realized they were not all prioritizing the requirements in the same way. This could impact the current iteration's goals. What should the project manager do to resolve this issue?",,,A,,A.Schedule an iteration review session and update backlog priorities.,,,FALSE,B,,B.Meet with the team and product owner to clarify priorities.,,,TRUE,C,,C.Ask the project sponsor to redefine the prioritized values.,,,FALSE,D,,D.Define priorities based on the urgency of requirements and risks.,,,FALSE,,,,,,,,,,,,,,,,,,,,,,,,,,,,,,,,,,,,,,,,,,,,,,,,,,,,,,,,,,,,,,,,,,,,,,,,,,,,,,,,,,,,,,,,,,,,,,,,
846f76d4-ad47-45c1-97ad-62a063f4cb62,exam-hall-02,SINGLE_CHOICE,DRAFT,,,"A key project sponsor requires monthly progress reports and assigns a contact person to communicate with the project manager. Soon after, the contact person begins to request weekly reports and demands that they contain extra details. Despite delivering these frequent and highly detailed reports, the project manager finds out that the sponsor is complaining of non-receipt of the monthly progress reports. How should the project manager address this situation?",,,A,,"A.Compile all previous reports, summarize them, and send the summary directly to the project sponsor.",,,FALSE,B,,B.Schedule a meeting with the project sponsor and contact person to address the communication gaps.,,,TRUE,C,,C.Explain the content and frequency of progress reporting to the contact person and the project sponsor.,,,FALSE,D,,D.Provide the project sponsor with full access to the company’s project management dashboard.,,,FALSE,,,,,,,,,,,,,,,,,,,,,,,,,,,,,,,,,,,,,,,,,,,,,,,,,,,,,,,,,,,,,,,,,,,,,,,,,,,,,,,,,,,,,,,,,,,,,,,,
ec1c51f4-35ef-4fcd-9c02-e5c8fd9e1a63,exam-hall-02,SINGLE_CHOICE,DRAFT,,,"A project team member informs the project manager that all items are complete and the team is ready to move on to the next iteration. The project manager reviews the iteration board and notices incomplete items. The iteration ends today, and the missed items will not be completed on time. What should the project manager have done to ensure that all of the iteration backlog items were completed on time?",,,A,,A.Validated iteration backlog items using the definition of done (DoD).,,,TRUE,B,,B.Scheduled longer delivery timelines for project iteration cycles.,,,FALSE,C,,C.Requested that the team reports progress during daily standups.,,,FALSE,D,,D.Asked team members to demo their work as soon as it was ready.,,,FALSE,,,,,,,,,,,,,,,,,,,,,,,,,,,,,,,,,,,,,,,,,,,,,,,,,,,,,,,,,,,,,,,,,,,,,,,,,,,,,,,,,,,,,,,,,,,,,,,,
e1fe34b9-f101-4c3e-9028-d1f618a60a0a,exam-hall-02,SINGLE_CHOICE,DRAFT,,,A project manager is concerned about delivering the planned business value because the product owner is not engaged. What should the project manager do to address the concern?,,,A,,A.Review and update the communications management plan.,,,FALSE,B,,B.Review and update the stakeholder engagement plan.,,,TRUE,C,,C.Review and update the resource management plan.,,,FALSE,D,,D.Review and update the risk management plan.,,,FALSE,,,,,,,,,,,,,,,,,,,,,,,,,,,,,,,,,,,,,,,,,,,,,,,,,,,,,,,,,,,,,,,,,,,,,,,,,,,,,,,,,,,,,,,,,,,,,,,,
89880842-b34b-4885-a5e6-09bc40f78566,exam-hall-02,SINGLE_CHOICE,DRAFT,,,"A product development project has run into design issues. As a result, the team has decided to change the approach of the product design phase from a predictive to an iterative approach. What should the project manager do to ensure a smooth transition between approaches?",,,A,,A.Schedule a workshop with the team to plan the upcoming iterations.,,,TRUE,B,,B.Work with the team to establish a team site and product artifacts.,,,FALSE,C,,C.Meet with the product manager to analyze upcoming user stories.,,,FALSE,D,,D.Work with the product manager to define the number of iterations.,,,FALSE,,,,,,,,,,,,,,,,,,,,,,,,,,,,,,,,,,,,,,,,,,,,,,,,,,,,,,,,,,,,,,,,,,,,,,,,,,,,,,,,,,,,,,,,,,,,,,,,
c73e2537-1faf-4f2d-b476-fe91a775258b,exam-hall-02,SINGLE_CHOICE,DRAFT,,,"In order to reduce procurement time during a bidding process, a project manager decided to contract the additional work to a current contractor. The other bidders are complaining about this decision because they think that the process lacked transparency and fairness. What should the project manager have done to prevent this?",,,A,,A.Invited all potential bidders to a meeting.,,,FALSE,B,,B.Awarded the contract without negotiation.,,,FALSE,C,,C.Followed the company's bidding procedure.,,,TRUE,D,,D.Shared the project objectives with all bidders.,,,FALSE,,,,,,,,,,,,,,,,,,,,,,,,,,,,,,,,,,,,,,,,,,,,,,,,,,,,,,,,,,,,,,,,,,,,,,,,,,,,,,,,,,,,,,,,,,,,,,,,
cd64dc09-ab88-4f89-8d96-d81562c248fe,exam-hall-02,SINGLE_CHOICE,DRAFT,,,A project manager is leading a team of software engineers in developing a new mobile app. The team consistently meets deadlines but the quality of their work has been declining. The project manager suspects this may be due to a lack of training. How should the project manager address this situation?,,,A,,A.Organize a team-building workshop to improve collaboration and team morale.,,,FALSE,B,,B.Hire new team members with more experience to compensate for the performance decline.,,,FALSE,C,,C.Conduct a skills gap analysis to identify specific training needs and provide targeted training.,,,TRUE,D,,D.Implement a strict performance evaluation system to motivate team members to improve their performance.,,,FALSE,,,,,,,,,,,,,,,,,,,,,,,,,,,,,,,,,,,,,,,,,,,,,,,,,,,,,,,,,,,,,,,,,,,,,,,,,,,,,,,,,,,,,,,,,,,,,,,,
e32550ca-c9d0-4f1f-8afc-0aea41e64a7e,exam-hall-02,SINGLE_CHOICE,DRAFT,,,"While gathering requirements for the project scope, the project manager realizes that some of the stakeholder requirements have a conflict. What should the project manager do to define a clear scope?",,,A,,A.Assist affected stakeholders in reaching a consensus.,,,TRUE,B,,B.Follow the recommendation of the technical consultant.,,,FALSE,C,,C.Escalate to the project sponsor to make a decision.,,,FALSE,D,,D.Conduct a meeting with the disagreeing parties only.,,,FALSE,,,,,,,,,,,,,,,,,,,,,,,,,,,,,,,,,,,,,,,,,,,,,,,,,,,,,,,,,,,,,,,,,,,,,,,,,,,,,,,,,,,,,,,,,,,,,,,,
8d72e11d-e03e-4d64-8395-868989bc0311,exam-hall-02,SINGLE_CHOICE,DRAFT,,,A five-year highway construction project is in its third year of execution when the project manager receives a complaint from a local community group. The group is upset because they noticed that the path of the highway changed and now runs closer to their homes. This conflict has disrupted construction and put the project in danger. What should the project manager have done to avoid this issue?,,,A,,A.Created a contingency plan to mitigate the impact of community opposition.,,,FALSE,B,,B.Established an internal review board to integrate quality assurance activities.,,,FALSE,C,,C.Held community meetings to keep stakeholders informed of progress and changes.,,,TRUE,D,,D.Ensured that the project planning was confidential and well-documented.,,,FALSE,,,,,,,,,,,,,,,,,,,,,,,,,,,,,,,,,,,,,,,,,,,,,,,,,,,,,,,,,,,,,,,,,,,,,,,,,,,,,,,,,,,,,,,,,,,,,,,,
70ff532a-bf63-4f9b-8c66-ff0ba63ec8d2,exam-hall-02,SINGLE_CHOICE,DRAFT,,,"A company is expanding its product manufacturing to a new country. The date the company will start operating is set and broadly communicated, but the project team is not sure if there is enough time to get all the product features implemented. What should the project manager do to ensure there is enough time to implement the critical features on the committed date?",,,A,,"A.Add resources to the project team, as this will increase the velocity and enable the team to deliver more value.",,,FALSE,B,,B.Collaborate with the project team to estimate the size of the minimum viable product (MVP) functionalities.,,,TRUE,C,,C.Cut operations documentation because this can be completed after product delivery and operation starts.,,,FALSE,D,,D.Escalate the concern to the executive level and request a new and feasible project due date.,,,FALSE,,,,,,,,,,,,,,,,,,,,,,,,,,,,,,,,,,,,,,,,,,,,,,,,,,,,,,,,,,,,,,,,,,,,,,,,,,,,,,,,,,,,,,,,,,,,,,,,
b4703850-43a3-48e6-b6a9-e42fcdcb0955,exam-hall-02,SINGLE_CHOICE,DRAFT,,,"An external stakeholder has a significant impact on the project, as they have the ability to approve or reject changes to the project scope, timeline, and budget. What approach should the project manager take with this stakeholder?",,,A,,A.Communicate with the stakeholder according to the stakeholder engagement and communications management plans.,,,TRUE,B,,B.Request feedback from the stakeholder so that the project meets the stakeholder's expectations and can be delivered as planned.,,,FALSE,C,,C.Add the stakeholder to the risk register and quantify the level of impact that the stakeholder could have on the project goals.,,,FALSE,D,,D.Inform the stakeholder of the key project benefits and keep them updated on the project's progress and milestone achievements.,,,FALSE,,,,,,,,,,,,,,,,,,,,,,,,,,,,,,,,,,,,,,,,,,,,,,,,,,,,,,,,,,,,,,,,,,,,,,,,,,,,,,,,,,,,,,,,,,,,,,,,
47209200-0b2d-4f0a-92ca-a5e3a2b55787,exam-hall-02,SINGLE_CHOICE,DRAFT,,,"A project manager is working on a new healthcare management application. One of the team members will be leaving the organization and a new team member is taking over their tasks. The new team member is concerned that several parts of the new application cannot be tested yet, despite sign-off by the outgoing team member. How should the project manager address this situation?",,,A,,A.Trust the sign-off from the outgoing team member and proceed with the project as planned.,,,FALSE,B,,B.Conduct a thorough review of the untested parts of the application before proceeding.,,,FALSE,C,,C.Inform the new team member that testing will happen in a later phase of the project.,,,FALSE,D,,D.Ensure that the outgoing team member creates a knowledge transfer document for the new team member.,,,TRUE,,,,,,,,,,,,,,,,,,,,,,,,,,,,,,,,,,,,,,,,,,,,,,,,,,,,,,,,,,,,,,,,,,,,,,,,,,,,,,,,,,,,,,,,,,,,,,,,
0ee9bb75-a879-4fbb-bba8-f4533829473d,exam-hall-02,SINGLE_CHOICE,DRAFT,,,The research and development team is planning to build a new facility that will focus on improving existing products the organization has developed. It will be a multi-year initiative. What should the project manager do first?,,,A,,A.Develop a scope management plan that will focus on the expected objectives of the initiative.,,,TRUE,B,,B.Develop a business case document that covers the return on investment (ROI) of the initiative.,,,FALSE,C,,C.Develop a resource management plan to cover resources and contingency planning.,,,FALSE,D,,D.Develop a communications management plan to address stakeholder needs.,,,FALSE,,,,,,,,,,,,,,,,,,,,,,,,,,,,,,,,,,,,,,,,,,,,,,,,,,,,,,,,,,,,,,,,,,,,,,,,,,,,,,,,,,,,,,,,,,,,,,,,
55d64f15-8703-4356-bb1a-da1594ec97af,exam-hall-02,SINGLE_CHOICE,DRAFT,,,A project manager realizes that an email intended for a specific team member has been mistakenly sent to the entire global project team. This email contains critical feedback regarding a recent incident. What should the project manager do next?,,,A,,A.Ignore the mistake and assume that team members will understand the situation.,,,FALSE,B,,B.Acknowledge the mistake and apologize for any unintended consequences.,,,TRUE,C,,C.Request that the unintended email recipients delete the message without reading it.,,,FALSE,D,,D.Send a private message to the team member apologizing for the critical feedback.,,,FALSE,,,,,,,,,,,,,,,,,,,,,,,,,,,,,,,,,,,,,,,,,,,,,,,,,,,,,,,,,,,,,,,,,,,,,,,,,,,,,,,,,,,,,,,,,,,,,,,,
de1d9a90-b47c-4b83-8353-ea08cbcf9561,exam-hall-02,SINGLE_CHOICE,DRAFT,,,A new agile team is forming and the project manager notices that the team is struggling in many areas. The team is experiencing both the inability to meet iteration commitments and team member conflicts. What should the project manager do next?,,,A,,A.Involve management to help resolve the conflicts.,,,FALSE,B,,B.Inform management that commitments will not be met.,,,FALSE,C,,C.Raise the issues in the retrospective and propose solutions.,,,FALSE,D,,D.Coach the team both as a whole and individually.,,,TRUE,,,,,,,,,,,,,,,,,,,,,,,,,,,,,,,,,,,,,,,,,,,,,,,,,,,,,,,,,,,,,,,,,,,,,,,,,,,,,,,,,,,,,,,,,,,,,,,,
b23d0619-2d7c-4002-ac20-16fb5a568ab0,exam-hall-02,SINGLE_CHOICE,DRAFT,,,A newly hired project manager is assigned to a school construction project. The school serves students from surrounding neighborhoods and must be completely energy efficient. The project manager must provide a final report. How can the project manager determine whether the planned business value was delivered?,,,A,,A.Inspect the approved technical specifications to confirm that they match the final product deliverables.,,,FALSE,B,,B.Consult with the team and confirm that the customer was satisfied with the construction of the school.,,,FALSE,C,,C.Review the project charter and business case to determine if the deliverables achieved the intended benefits.,,,TRUE,D,,D.Demonstrate that the school construction project was delivered on schedule and within budget.,,,FALSE,,,,,,,,,,,,,,,,,,,,,,,,,,,,,,,,,,,,,,,,,,,,,,,,,,,,,,,,,,,,,,,,,,,,,,,,,,,,,,,,,,,,,,,,,,,,,,,,
f83b2b13-9d7a-4848-a6f6-d2682ff9cda5,exam-hall-02,SINGLE_CHOICE,DRAFT,,,"A construction company is implementing a new strategic project with a fixed budget. While monitoring the project, it was discovered that the overall project cost was increasing. The project manager learns that this is because the team is using more materials than detailed in the original scope. The cause of this discrepancy is that two of the team members are new to the organization and have not been reporting the acquisition of new materials. What should the project manager have done to prevent this situation?",,,A,,A.Documented the risk of a materials cost deviation in the project's risk matrix.,,,FALSE,B,,B.Provided training on the material acquisition process and reporting requirements.,,,TRUE,C,,C.Created a contingency reserve to cover cost overages associated with materials.,,,FALSE,D,,D.Avoided the inclusion of new engineers on a strategic project with a fixed budget.,,,FALSE,,,,,,,,,,,,,,,,,,,,,,,,,,,,,,,,,,,,,,,,,,,,,,,,,,,,,,,,,,,,,,,,,,,,,,,,,,,,,,,,,,,,,,,,,,,,,,,,
e0e6116f-d336-42c3-9c1e-e568014b6252,exam-hall-02,SINGLE_CHOICE,DRAFT,,,"A new program manager checks the status of a project. The forecast shows the project is slightly behind schedule. However, in reporting, the project manager stated that the project is on track. The program manager asks the project manager to explain the discrepancy. The project manager explains that the forecast discrepancy is due to a new estimation technique. What should the project manager have done to avoid this discrepancy?",,,A,,A.Asked the program manager to use the old forecasting technique,,,FALSE,B,,B.Educated the program manager on the new forecasting technique,,,FALSE,C,,C.Aligned the project artifacts with the new estimation technique and provided them to the program manager,,,TRUE,D,,D.Ensured that the program manager has the necessary knowledge to understand estimation techniques,,,FALSE,,,,,,,,,,,,,,,,,,,,,,,,,,,,,,,,,,,,,,,,,,,,,,,,,,,,,,,,,,,,,,,,,,,,,,,,,,,,,,,,,,,,,,,,,,,,,,,,
d03b235c-ce8a-4256-a4cf-7f9221babaa8,exam-hall-02,SINGLE_CHOICE,DRAFT,,,"A group of agile team members have just completed in-person training for a number of critical and complex organizational processes. The next day, several team members voiced concerns and said they were having trouble remembering what they learned. Another training session is available next week, but the team is already behind schedule on some critical tasks, and the training takes a full workday. What should the project manager do to address this concern?",,,A,,A.Ask team members to partner with one another to share the information they learned.,,,FALSE,B,,B.Create an information radiator with the key takeaways from the training.,,,TRUE,C,,C.Invite team members to reattend the training if they need a refresher.,,,FALSE,D,,D.Refer team members to training review notes to find the information they need.,,,FALSE,,,,,,,,,,,,,,,,,,,,,,,,,,,,,,,,,,,,,,,,,,,,,,,,,,,,,,,,,,,,,,,,,,,,,,,,,,,,,,,,,,,,,,,,,,,,,,,,
c60939b5-587f-48ec-9803-894507ad1212,exam-hall-02,SINGLE_CHOICE,DRAFT,,,"During initial project planning, a project manager was informed that a team member had been exclusively allocated to the project. Halfway through the project, the team member was assigned to another project. What should the project manager do?",,,A,,A.Discuss the impacts on project delivery with the functional manager and develop an appropriate course of action.,,,TRUE,B,,B.Register this as a risk in the risk register and implement the appropriate response.,,,FALSE,C,,C.Ensure that team members are cross-trained on all project tasks to increase the potential value of the project outcome.,,,FALSE,D,,D.Escalate this issue to the project sponsor to develop an appropriate course of action.,,,FALSE,,,,,,,,,,,,,,,,,,,,,,,,,,,,,,,,,,,,,,,,,,,,,,,,,,,,,,,,,,,,,,,,,,,,,,,,,,,,,,,,,,,,,,,,,,,,,,,,
4b1ee363-1b61-4cff-b48e-90290109ab7b,exam-hall-02,SINGLE_CHOICE,DRAFT,,,"During product demonstration, a stakeholder suggests that the product does not meet expectations. What artifact should the project manager use to assess the stakeholder's suggestion?",,,A,,A.Minimum viable product (MVP) description,,,FALSE,B,,B.Definition of done (DoD),,,FALSE,C,,C.Definition of ready (DoR),,,FALSE,D,,D.Acceptance criteria on the user story,,,TRUE,,,,,,,,,,,,,,,,,,,,,,,,,,,,,,,,,,,,,,,,,,,,,,,,,,,,,,,,,,,,,,,,,,,,,,,,,,,,,,,,,,,,,,,,,,,,,,,,
39ca7d23-4069-4143-9dd9-ee20b189f683,exam-hall-02,SINGLE_CHOICE,DRAFT,,,"A software delivery team at a large bank is frustrated by the documentation requirements put in place by the governance department in charge of their change control board (CCB). The project manager approaches the governance department and requests that they work together to reduce the amount of paperwork required from the delivery team, explaining that it slows them down and adds overhead costs. This is an example of what kind of leadership?",,,A,,A.Servant leadership,,,TRUE,B,,B.Transactional leadership,,,FALSE,C,,C.Directive leadership,,,FALSE,D,,D.Constructive leadership,,,FALSE,,,,,,,,,,,,,,,,,,,,,,,,,,,,,,,,,,,,,,,,,,,,,,,,,,,,,,,,,,,,,,,,,,,,,,,,,,,,,,,,,,,,,,,,,,,,,,,,
37c5a741-6a45-414a-ad6a-062f957d9806,exam-hall-02,SINGLE_CHOICE,DRAFT,,,A customer has rejected an interim project deliverable. What should the project manager do?,,,A,,"A.Review the reason for the rejection, and check the deliverable against its acceptance criteria.",,,TRUE,B,,"B.Analyze the customer requirements, and rework the deliverable to an acceptable quality.",,,FALSE,C,,"C.Create a deliverable improvement plan, and implement it for the remainder of the project.",,,FALSE,D,,"D.Document the rejection of the deliverable in the Lessons Learned log, and review it with the project delivery team.",,,FALSE,,,,,,,,,,,,,,,,,,,,,,,,,,,,,,,,,,,,,,,,,,,,,,,,,,,,,,,,,,,,,,,,,,,,,,,,,,,,,,,,,,,,,,,,,,,,,,,,
184cdc79-8cd1-4b78-a09e-3d430f179043,exam-hall-02,SINGLE_CHOICE,DRAFT,,,"As agreed at the start of a predictive project, all outgoing information should be shared beforehand with the project manager. During the project, one of the team leaders communicated directly with the sponsor, bypassing the project manager. As a result, unfiltered information was conveyed to the sponsor, and important information from the team was not being shared with the project manager. What should the project manager do next?",,,A,,A.Remind the team leader to always inform the project manager before providing information to stakeholders.,,,TRUE,B,,B.Talk to the team leader to find out if they have any personal issues with the project manager.,,,FALSE,C,,C.Modify the team's agreements to obtain project manager approval prior to sending out any communication.,,,FALSE,D,,D.Talk to the sponsor to find out what the team leader has shared with the sponsor directly.,,,FALSE,,,,,,,,,,,,,,,,,,,,,,,,,,,,,,,,,,,,,,,,,,,,,,,,,,,,,,,,,,,,,,,,,,,,,,,,,,,,,,,,,,,,,,,,,,,,,,,,
357ef820-12a3-4e03-a1f0-2c91f4449335,exam-hall-02,SINGLE_CHOICE,DRAFT,,,"During the testing phase of a technical project, the project manager discovers some issues with the final product and subsequently learns that after negotiations, important product features were excluded from the contract's scope in an effort to minimize costs for the client. What should the project manager do to resolve the issue?",,,A,,A.Escalate the issue to the sponsor to make a decision to redefine the scope and solve the problem.,,,FALSE,B,,B.Work with the client to negotiate and ensure the inclusion of the missing crucial features in the project.,,,TRUE,C,,C.Continue with the project as planned and register the contract scope issue in the issue log.,,,FALSE,D,,D.Review the lessons learned to find a solution for contract negotiation and scope issues.,,,FALSE,,,,,,,,,,,,,,,,,,,,,,,,,,,,,,,,,,,,,,,,,,,,,,,,,,,,,,,,,,,,,,,,,,,,,,,,,,,,,,,,,,,,,,,,,,,,,,,,
51b44e61-6b91-45ca-a1a9-be03198bc805,exam-hall-02,SINGLE_CHOICE,DRAFT,,,A project manager has been assigned to an existing agile team and is preparing for an upcoming project. The last project that the team worked on was so successful that a senior stakeholder requested that the team use the same governance structure for the new project. What should the project manager do next?,,,A,,A.Consult with the project management office (PMO) to gain their insight on governance for the project.,,,FALSE,B,,B.Collaborate with the team and the senior stakeholder to discuss tailoring the existing governance.,,,TRUE,C,,C.Inform senior management that the same project governance can be used for the new project.,,,FALSE,D,,D.Request that the senior stakeholder discuss all governance-related concerns with the product owner.,,,FALSE,,,,,,,,,,,,,,,,,,,,,,,,,,,,,,,,,,,,,,,,,,,,,,,,,,,,,,,,,,,,,,,,,,,,,,,,,,,,,,,,,,,,,,,,,,,,,,,,
847edb9e-678a-450b-af09-040ed65bf767,exam-hall-02,MULTIPLE_CHOICE,DRAFT,,,"For an agile project, some team members have other commitments or responsibilities. The project manager faces the challenge of not having a team that is fully dedicated to the project. How should the project manager ensure good velocity, cycle duration, and on-time iteration completion with a non-dedicated team? (Choose two)",,,A,,A.Tell team members to log their time to guarantee that they prioritize their time effectively.,,,FALSE,B,,B.Request that the product owner and stakeholders provide cross-functional team members.,,,TRUE,C,,C.Get buy-in from the product owner and stakeholders for obtaining full-time team members.,,,TRUE,D,,D.Revisit the resource log to ensure the most skilled resources are on the project.,,,FALSE,E,,"E.Deploy additional team members, irrespective of the story points or iterations.",,,FALSE,,,,,,,,,,,,,,,,,,,,,,,,,,,,,,,,,,,,,,,,,,,,,,,,,,,,,,,,,,,,,,,,,,,,,,,,,,,,,,,,,,,,,,,,,,
cc8d44fe-de35-4654-91cb-d68e4ded4721,exam-hall-02,SINGLE_CHOICE,DRAFT,,,"The project manager of a software development project for a financial institution realizes that team members are unusually delayed on their assigned tasks. The project manager has not experienced this before on previous, similar projects. After further investigation, the project manager determined that the delays were linked to the recent resignation of an experienced team member. What should the project manager have done to avoid this situation?",,,A,,A.Ensured there was a well-defined path to promotion.,,,FALSE,B,,B.Provided continuous guidance to project team members.,,,FALSE,C,,C.Identified competency risks and developed a mitigation plan.,,,TRUE,D,,D.Scheduled periodic training for all project team members.,,,FALSE,,,,,,,,,,,,,,,,,,,,,,,,,,,,,,,,,,,,,,,,,,,,,,,,,,,,,,,,,,,,,,,,,,,,,,,,,,,,,,,,,,,,,,,,,,,,,,,,
eed2c771-7af0-44c2-8b97-5165c0682806,exam-hall-02,MULTIPLE_CHOICE,DRAFT,,,"The government of a country intends to construct a multibillion-dollar railway across three major cities and hires a contractor to oversee construction. The project's design will be finalized within a few months of signing the contract, but the government has time constraints and expects the project to be completed within 24 months. The project manager wants to ensure a balanced distribution of risk between the government and the contractor. Which two techniques should be considered during the development of the project management plan? (Choose two)",,,A,,A.Fixed-price increments,,,TRUE,B,,B.Not-to-exceed time,,,FALSE,C,,C.Early cancellation option,,,FALSE,D,,D.Dynamic scope option,,,FALSE,E,,E.Graduated time and materials,,,TRUE,,,,,,,,,,,,,,,,,,,,,,,,,,,,,,,,,,,,,,,,,,,,,,,,,,,,,,,,,,,,,,,,,,,,,,,,,,,,,,,,,,,,,,,,,,
bc78636d-22ba-49e5-8aec-3ed7439d4f9f,exam-hall-02,MULTIPLE_CHOICE,DRAFT,,,"A stakeholder on an agile project has attended the sprint demo where the team shows the minimum viable product (MVP) as defined by the product owner. During the session, the stakeholder complains that there were no release notes or technical product guides provided. Which two actions should the project manager take? (Choose 2)",,,A,,A.Explain that technical product guides are not part of the agile process.,,,FALSE,B,,B.Tell the stakeholder to contact the product owner for documentation.,,,FALSE,C,,C.Clarify the stakeholder's need for release notes and technical product guides.,,,FALSE,D,,D.Acknowledge the stakeholder's concerns over missing documentation.,,,TRUE,E,,E.Provide the release notes and technical product guides as soon as possible.,,,TRUE,,,,,,,,,,,,,,,,,,,,,,,,,,,,,,,,,,,,,,,,,,,,,,,,,,,,,,,,,,,,,,,,,,,,,,,,,,,,,,,,,,,,,,,,,,
5366e51d-49f5-4a37-8425-da15995c2546,exam-hall-02,SINGLE_CHOICE,DRAFT,,,"A project has a budgeted cost of $120,000. According to the schedule, 15% of the project should have been completed after one month. After a month, only 12% of the project has actually been completed. What is the scheduled performance index (SPI)?",,,A,,A.0.6,,,FALSE,B,,B.0.8,,,TRUE,C,,C.0.9,,,FALSE,D,,D.1.25,,,FALSE,,,,,,,,,,,,,,,,,,,,,,,,,,,,,,,,,,,,,,,,,,,,,,,,,,,,,,,,,,,,,,,,,,,,,,,,,,,,,,,,,,,,,,,,,,,,,,,,
