external_id,topic_slug,type,status,content_vi,explanation_vi,content_en,explanation_en,media_ids,option_1_label,option_1_content_vi,option_1_content_en,option_1_match_vi,option_1_match_en,option_1_correct,option_2_label,option_2_content_vi,option_2_content_en,option_2_match_vi,option_2_match_en,option_2_correct,option_3_label,option_3_content_vi,option_3_content_en,option_3_match_vi,option_3_match_en,option_3_correct,option_4_label,option_4_content_vi,option_4_content_en,option_4_match_vi,option_4_match_en,option_4_correct,option_5_label,option_5_content_vi,option_5_content_en,option_5_match_vi,option_5_match_en,option_5_correct,option_6_label,option_6_content_vi,option_6_content_en,option_6_match_vi,option_6_match_en,option_6_correct,option_7_label,option_7_content_vi,option_7_content_en,option_7_match_vi,option_7_match_en,option_7_correct,option_8_label,option_8_content_vi,option_8_content_en,option_8_match_vi,option_8_match_en,option_8_correct,option_9_label,option_9_content_vi,option_9_content_en,option_9_match_vi,option_9_match_en,option_9_correct,option_10_label,option_10_content_vi,option_10_content_en,option_10_match_vi,option_10_match_en,option_10_correct,option_11_label,option_11_content_vi,option_11_content_en,option_11_match_vi,option_11_match_en,option_11_correct,option_12_label,option_12_content_vi,option_12_content_en,option_12_match_vi,option_12_match_en,option_12_correct,option_13_label,option_13_content_vi,option_13_content_en,option_13_match_vi,option_13_match_en,option_13_correct,option_14_label,option_14_content_vi,option_14_content_en,option_14_match_vi,option_14_match_en,option_14_correct,option_15_label,option_15_content_vi,option_15_content_en,option_15_match_vi,option_15_match_en,option_15_correct,option_16_label,option_16_content_vi,option_16_content_en,option_16_match_vi,option_16_match_en,option_16_correct,option_17_label,option_17_content_vi,option_17_content_en,option_17_match_vi,option_17_match_en,option_17_correct,option_18_label,option_18_content_vi,option_18_content_en,option_18_match_vi,option_18_match_en,option_18_correct,option_19_label,option_19_content_vi,option_19_content_en,option_19_match_vi,option_19_match_en,option_19_correct,option_20_label,option_20_content_vi,option_20_content_en,option_20_match_vi,option_20_match_en,option_20_correct
ac14380e-8409-4285-bc51-51b48b847c89,old-exam-01,SINGLE_CHOICE,DRAFT,,,"Unlike traditional managers, agile leaders:",,,A,,Enable team members to act,,,TRUE,B,,Solve problems for the team,,,FALSE,C,,Create working agreements,,,FALSE,D,,"Handles uncertainties, risks, and changes",,,FALSE,,,,,,,,,,,,,,,,,,,,,,,,,,,,,,,,,,,,,,,,,,,,,,,,,,,,,,,,,,,,,,,,,,,,,,,,,,,,,,,,,,,,,,,,,,,,,,,,
6cec031f-8a7b-46fa-a786-d41fe23bee3c,old-exam-01,SINGLE_CHOICE,DRAFT,,,"The project you are leading is supposed to upgrade the application developed by your company on desktop computers and mobile devices. Last week, a major supplier of electronics unexpectedly released a new mobile device. You realize that your application, with a little bit of modification, can run much faster and more securely on the new device. What should you do next in regards to this opportunity?",,,A,,Create a cost forecast and communicate it to stakeholders,,,FALSE,B,,Submit a change request to modify the application,,,TRUE,C,,Update project funding requirements in consideration for the unexpected work,,,FALSE,D,,Conduct variance analysis for an appropriate reserve amount,,,FALSE,,,,,,,,,,,,,,,,,,,,,,,,,,,,,,,,,,,,,,,,,,,,,,,,,,,,,,,,,,,,,,,,,,,,,,,,,,,,,,,,,,,,,,,,,,,,,,,,
b553aeee-350a-4544-9a55-d46843ce85de,old-exam-01,SINGLE_CHOICE,DRAFT,,,"You are leading a project that was supposed to be managed using agile methods. Every week, however, the product owner holds a five-hour backlog refinement meeting with the project team where she presents the project scope broken down to the work package level. After three iterations, the project team's velocity is slower than expected. What is your best course of action?",,,A,,Ask the product owner to decompose the scope down to the task level and assign the tasks to the team members,,,FALSE,B,,Advise the product owner to hold two five-hour backlog refinement meetings per week to gain further clarity on the scope,,,FALSE,C,,Coach the product owner on presenting the overall story concept with one-hour weekly backlog refinement meetings,,,TRUE,D,,Hold a team-building exercise with the team members and product owner to improve the communication between them,,,FALSE,,,,,,,,,,,,,,,,,,,,,,,,,,,,,,,,,,,,,,,,,,,,,,,,,,,,,,,,,,,,,,,,,,,,,,,,,,,,,,,,,,,,,,,,,,,,,,,,
4116279b-5558-475d-86f3-2fd6145c7ecc,old-exam-01,SINGLE_CHOICE,DRAFT,,,"The project management plan and the performance measurement baseline have been approved. As you monitor the project's progress, you realize the approved budget is limiting the project and will affect the targeted completion date. This constraint could affect the company's success in the new venture. What is your best course of action?",,,A,,Use the contingency reserves,,,FALSE,B,,Use the management reserves,,,FALSE,C,,Cut costs to stay within the budget,,,FALSE,D,,Ask for a change in the budget,,,TRUE,,,,,,,,,,,,,,,,,,,,,,,,,,,,,,,,,,,,,,,,,,,,,,,,,,,,,,,,,,,,,,,,,,,,,,,,,,,,,,,,,,,,,,,,,,,,,,,,
77b61bc2-8a73-4684-aec5-9ed4cd63b753,old-exam-01,SINGLE_CHOICE,DRAFT,,,You and your project team have just completed the development of the project management plan for your agile project. You have requested one of the team members to schedule a meeting to present the finalized project management plan. The team member has asked who should be invited to the meeting. How should you respond?,,,A,,Invite the customer only because it is an agile project,,,FALSE,B,,Find the answer in the organization process assets,,,TRUE,C,,Invite only the project sponsor and the project team,,,FALSE,D,,Consult the project schedule network diagram,,,FALSE,,,,,,,,,,,,,,,,,,,,,,,,,,,,,,,,,,,,,,,,,,,,,,,,,,,,,,,,,,,,,,,,,,,,,,,,,,,,,,,,,,,,,,,,,,,,,,,,
00d0fdab-34fe-4402-b2e9-c5fce03caf10,old-exam-01,SINGLE_CHOICE,DRAFT,,,"You are a scrum master leading an agile project team that has been consistently meeting the goals set for each iteration. The product owner is pleased with the team's progress, and the performance measurement baseline shows no deviations. However, you feel that one team member is less productive than the others. What is the most appropriate feedback approach for you to take in this situation?",,,A,,Allow the project team members to address the issue if they deem necessary,,,TRUE,B,,Direct the underperforming team member to work extra hours to bridge the gap,,,FALSE,C,,Call out the team member's low productivity at the upcoming iteration retrospective,,,FALSE,D,,"From the next iteration onward, assign the team member the easiest user stories",,,FALSE,,,,,,,,,,,,,,,,,,,,,,,,,,,,,,,,,,,,,,,,,,,,,,,,,,,,,,,,,,,,,,,,,,,,,,,,,,,,,,,,,,,,,,,,,,,,,,,,
64b027d2-0f24-4d74-a1f4-cc4c3dd6c473,old-exam-01,SINGLE_CHOICE,DRAFT,,,"As part of the Develop Schedule process, the project manager creates the project schedule using a Gantt chart. Three Scrum teams will develop the project deliverables. Due to dependencies, the teams will be required to coordinate their work twice a week using extended standup meetings. What should the project manager do next?",,,A,,Submit a change request to switch the Gantt chart to burndown chart,,,FALSE,B,,Include Scrum of Scrums (SoS) meetings in the project schedule,,,TRUE,C,,Crash the schedule to eliminate the dependencies between the teams,,,FALSE,D,,Reflect the actual velocity of the teams in the project schedule,,,FALSE,,,,,,,,,,,,,,,,,,,,,,,,,,,,,,,,,,,,,,,,,,,,,,,,,,,,,,,,,,,,,,,,,,,,,,,,,,,,,,,,,,,,,,,,,,,,,,,,
13b4fec5-ae99-4b3c-b88e-47bfa23cd74c,old-exam-01,MULTIPLE_CHOICE,DRAFT,,,"You are managing a project team that has recently been expanded by new team members working remotely from another country. Their roles have been outlined to form a preliminary team charter. Nevertheless, you have noticed a considerable lack of acceptance of cultural differences in the team, resulting in frequent conflicts. Which of the following techniques could help you in this situation? (Choose three)",,,A,,Focus groups,,,TRUE,B,,Role definition,,,FALSE,C,,Ground rules,,,TRUE,D,,Ability tests,,,FALSE,E,,Meetings,,,TRUE,,,,,,,,,,,,,,,,,,,,,,,,,,,,,,,,,,,,,,,,,,,,,,,,,,,,,,,,,,,,,,,,,,,,,,,,,,,,,,,,,,,,,,,,,,
f7d8bb3d-0b56-463c-8b0d-6902af4f4ffa,old-exam-01,SINGLE_CHOICE,DRAFT,,,You are a senior project manager who is mentoring a newly promoted project manager. Your mentee states that she has recurring arguments with her project team and is having difficulty controlling her own temper. This situation has created a toxic environment for the project team and threatens the successful completion of the project. What is the best advice for your mentee?,,,A,,Improve leadership skills,,,FALSE,B,,Develop emotional intelligence,,,TRUE,C,,Study conflict management,,,FALSE,D,,Introduce recognition and rewards,,,FALSE,,,,,,,,,,,,,,,,,,,,,,,,,,,,,,,,,,,,,,,,,,,,,,,,,,,,,,,,,,,,,,,,,,,,,,,,,,,,,,,,,,,,,,,,,,,,,,,,
134cac4d-333e-47ea-bb60-b3ac261f53ee,old-exam-01,SINGLE_CHOICE,DRAFT,,,The project manager is 6 months into a multi-million-dollar project. The latest analysis shows a CPI of 1.5 and an SPI of 0.6. What should she do?,,,A,,Nothing. The analysis shows the project is on budget and on schedule.,,,FALSE,B,,Consider crashing the project schedule,,,TRUE,C,,Replace one of the higher paid team members with a lower-salaried employee,,,FALSE,D,,Inform the customer that you are extending the delivery date for the project,,,FALSE,,,,,,,,,,,,,,,,,,,,,,,,,,,,,,,,,,,,,,,,,,,,,,,,,,,,,,,,,,,,,,,,,,,,,,,,,,,,,,,,,,,,,,,,,,,,,,,,
57fe2e2f-fcc0-456b-bf25-aba31b49b908,old-exam-01,SINGLE_CHOICE,DRAFT,,,"You are leading a software development project for a client. Due to unstable requirements, you have elected to use a change-driven life cycle. You are currently facilitating an iteration planning meeting with the product owner and the development team. What should you do as part of the meeting?",,,A,,Control the scope to prevent scope creep,,,FALSE,B,,Review the product increment and get feedback,,,FALSE,C,,Make sure the scope of the iteration is fixed,,,TRUE,D,,Recommend improvements for the next iteration,,,FALSE,,,,,,,,,,,,,,,,,,,,,,,,,,,,,,,,,,,,,,,,,,,,,,,,,,,,,,,,,,,,,,,,,,,,,,,,,,,,,,,,,,,,,,,,,,,,,,,,
e1ba47fe-fb6e-4958-a291-b7403d76f1b4,old-exam-01,SINGLE_CHOICE,DRAFT,,,"You have been assigned to lead an initiative for which the business case has not been sufficiently made to get approval to initiate a hybrid project. In some of the past projects, teams realized too late into project execution that no one in the company had the skills needed to build some of the features, so it was developed by a contractor, resulting in cost overruns. What would you do differently in your assignment to avoid cost overruns?",,,A,,Start with a proof of concept,,,TRUE,B,,Use burndown charts for reporting,,,FALSE,C,,Develop a project charter,,,FALSE,D,,Encourage team knowledge sharing,,,FALSE,,,,,,,,,,,,,,,,,,,,,,,,,,,,,,,,,,,,,,,,,,,,,,,,,,,,,,,,,,,,,,,,,,,,,,,,,,,,,,,,,,,,,,,,,,,,,,,,
20035439-efc8-476a-acba-e693af26b505,old-exam-01,SINGLE_CHOICE,DRAFT,,,"A project manager is developing a quality management plan for a project to design a medical device. Given the nature of the product, quality will play a vital role. Additionally, the acceptance criteria for the project deliverables will have a direct impact on quality standards. The project manager wants to gain an understanding of the acceptance criteria. What document should the project manager review for this purpose?",,,A,,The project charter,,,FALSE,B,,The requirements management plan,,,FALSE,C,,The scope statement,,,TRUE,D,,The acceptance criteria register,,,FALSE,,,,,,,,,,,,,,,,,,,,,,,,,,,,,,,,,,,,,,,,,,,,,,,,,,,,,,,,,,,,,,,,,,,,,,,,,,,,,,,,,,,,,,,,,,,,,,,,
4a5f4ed1-65be-4aff-a026-19339dd14869,old-exam-01,SINGLE_CHOICE,DRAFT,,,"As project execution begins, the project manager acquires the project team and, based on project needs, decides that the team will use Scrum to develop the product of the project. After conducting an assessment of the project team's Scrum skillset, the project manager realizes that according to the Shu-Ha-Ri model, the team is at the Shu level. What should the project manager recommend to the team?",,,A,,Request project termination,,,FALSE,B,,Modify Scrum to fit the project needs,,,FALSE,C,,Develop a new agile method,,,FALSE,D,,Closely follow Scrum ceremonies,,,TRUE,,,,,,,,,,,,,,,,,,,,,,,,,,,,,,,,,,,,,,,,,,,,,,,,,,,,,,,,,,,,,,,,,,,,,,,,,,,,,,,,,,,,,,,,,,,,,,,,
7bbe10d3-c097-4f73-be51-8c83eced8418,old-exam-01,SINGLE_CHOICE,DRAFT,,,The project manager and a stakeholder get into a heated debate about the stakeholder's idea requiring a scope change to the project. The project manager says the change will not be implemented and that the stakeholder must drop the idea. The project manager emphasizes that she is the project manager and the decision is final. Should the project manager have responded differently to resolve the conflict?,,,A,,No; The project manager has the formal authority to make the final decision.,,,FALSE,B,,Yes; The project manager should have discussed the idea with other stakeholders.,,,TRUE,C,,No; The project manager was demonstrating the culture in which the company works.,,,FALSE,D,,Yes; The project manager should have compromised with the stakeholder.,,,FALSE,,,,,,,,,,,,,,,,,,,,,,,,,,,,,,,,,,,,,,,,,,,,,,,,,,,,,,,,,,,,,,,,,,,,,,,,,,,,,,,,,,,,,,,,,,,,,,,,
ee666727-ed32-4383-a44a-468ee7da23aa,old-exam-01,SINGLE_CHOICE,DRAFT,,,You are leading a hybrid project with an agile team developing the web application and a traditional engineering team to design the servers that will host the application. You want to determine what does your company say about the use of social media tools to communicate and work with the stakeholders to meet their needs and expectations. What is your best course of action?,,,A,,Review the stakeholder register,,,FALSE,B,,Check the organizational process assets,,,TRUE,C,,Consult with the project sponsor,,,FALSE,D,,Check the lessons learned repository,,,FALSE,,,,,,,,,,,,,,,,,,,,,,,,,,,,,,,,,,,,,,,,,,,,,,,,,,,,,,,,,,,,,,,,,,,,,,,,,,,,,,,,,,,,,,,,,,,,,,,,
b157bb0a-a321-455b-907f-062cea992d45,old-exam-01,SINGLE_CHOICE,DRAFT,,,"You are attempting to coordinate activities between your project, another related project, and operations, all of which are being managed as a group. A conflict has arisen over control of a key resource that is vital to both projects as well as operations. The conflict has reached an impasse and needs to be resolved by a higher authority. What is your best course of action?",,,A,,Discuss the problem with the portfolio manager,,,TRUE,B,,Escalate the issue to the operations manager,,,FALSE,C,,Raise the issue with the other project manager,,,FALSE,D,,Request help from the project management office,,,FALSE,,,,,,,,,,,,,,,,,,,,,,,,,,,,,,,,,,,,,,,,,,,,,,,,,,,,,,,,,,,,,,,,,,,,,,,,,,,,,,,,,,,,,,,,,,,,,,,,
a4d3a1a6-6b92-4625-b32f-5f84e9b01970,old-exam-01,SINGLE_CHOICE,DRAFT,,,"A project manager is determining the budget for a software development project where the product will be built incrementally. Since the project is subject to a strict budget, the project manager has to ensure that scope and schedule baselines stay within cost constraints. The project manager includes budgetary requirements in the release plan. How can the information in the release plan help the project manager with determining the project budget?",,,A,,The release plan can become a part of the cost management plan.,,,FALSE,B,,The velocity can be increased for the project to stay within budget constraints.,,,FALSE,C,,Release burndown charts can be updated with cost trend lines.,,,FALSE,D,,Review meetings with stakeholders can be used to discuss the scope and schedule.,,,TRUE,,,,,,,,,,,,,,,,,,,,,,,,,,,,,,,,,,,,,,,,,,,,,,,,,,,,,,,,,,,,,,,,,,,,,,,,,,,,,,,,,,,,,,,,,,,,,,,,
f24e64c6-2cb7-49c6-a1d5-d2a53380db4e,old-exam-01,SINGLE_CHOICE,DRAFT,,,"You are leading a software development project using agile methodologies. If the project is successful, it will open up vast opportunities for future revenue and growth. The project has a high risk of failure, but the potential benefits outweigh the risks. These risks and rewards must be considered when selecting the content of each iteration. Which features should be prioritized and developed first in this scenario?",,,A,,High-value and low-risk features,,,FALSE,B,,Low-value and low-risk features,,,FALSE,C,,High-value and high-risk features,,,TRUE,D,,Low-value and high-risk features,,,FALSE,,,,,,,,,,,,,,,,,,,,,,,,,,,,,,,,,,,,,,,,,,,,,,,,,,,,,,,,,,,,,,,,,,,,,,,,,,,,,,,,,,,,,,,,,,,,,,,,
b5c3a741-c9af-49e1-ba50-77879266a6c0,old-exam-01,SINGLE_CHOICE,DRAFT,,,A project manager is explaining the roles and responsibilities for the quality assurance process with the project team. Who will play a role in this process?,,,A,,"The project manager, project team, and management of the performing organization",,,FALSE,B,,The project sponsor along with the project manager and project team,,,FALSE,C,,The project manager along with the project team,,,FALSE,D,,"The project manager, project team, project sponsor, management of the performing organization, and the customer",,,TRUE,,,,,,,,,,,,,,,,,,,,,,,,,,,,,,,,,,,,,,,,,,,,,,,,,,,,,,,,,,,,,,,,,,,,,,,,,,,,,,,,,,,,,,,,,,,,,,,,
bdbd360b-4a25-458e-aeb7-c1a6a0007bfd,old-exam-01,SINGLE_CHOICE,DRAFT,,,"Two days before the end of the last iteration of the project, an agile coach has noticed that the performance of one of the developers significantly degraded, risking the iteration goal. The coach and the developer have a one-on-one coaching meeting scheduled a day after the iteration's end date. What is the best course of action for the agile coach to take in this situation?",,,A,,Conduct the individual performance appraisal of the developer,,,FALSE,B,,Ask the team to swarm on the tasks assigned to the developer,,,FALSE,C,,Employ real-time feedback to address the issue with the developer,,,TRUE,D,,Wait for the one-on-one meeting scheduled with the developer,,,FALSE,,,,,,,,,,,,,,,,,,,,,,,,,,,,,,,,,,,,,,,,,,,,,,,,,,,,,,,,,,,,,,,,,,,,,,,,,,,,,,,,,,,,,,,,,,,,,,,,
93704b4c-f202-47ed-80e3-fd3ead4d42fa,old-exam-01,SINGLE_CHOICE,DRAFT,,,"After the project team has completed their first iteration, you are requested to provide the project's status report to the sponsor. You collect the following data: The cost baseline for the entire project is $528,000. The schedule baseline provides for six two-week iterations. The actual costs associated with the first iteration were $80,000. The team completed 45 of 50 story points planned for the first iteration. What should you report to the sponsor?",,,A,,The team's velocity in the first iteration is zero,,,FALSE,B,,The team's velocity in the first iteration is 50,,,FALSE,C,,The SPI for the first iteration is 0.9,,,TRUE,D,,The CPI for the first iteration is 1.1,,,FALSE,,,,,,,,,,,,,,,,,,,,,,,,,,,,,,,,,,,,,,,,,,,,,,,,,,,,,,,,,,,,,,,,,,,,,,,,,,,,,,,,,,,,,,,,,,,,,,,,
bbc36fb6-c232-4462-a19c-b6db0921d0fc,old-exam-01,SINGLE_CHOICE,DRAFT,,,"An organization is transitioning from predictive project management to agile. As a project manager, your upcoming project will require compliance reporting that will need to be submitted to internal auditors due to regulatory oversight. How might you address the need for compliance reporting in this hybrid environment?",,,A,,Work with the auditors to streamline the process,,,TRUE,B,,Task one of the team members to complete the compliance reporting,,,FALSE,C,,Transfer the responsibility of compliance reporting to the legal department,,,FALSE,D,,Avoid agile as it not suitable for projects that operate in a regulatory environment,,,FALSE,,,,,,,,,,,,,,,,,,,,,,,,,,,,,,,,,,,,,,,,,,,,,,,,,,,,,,,,,,,,,,,,,,,,,,,,,,,,,,,,,,,,,,,,,,,,,,,,
08666f93-1345-4aff-af7e-42b734886760,old-exam-01,SINGLE_CHOICE,DRAFT,,,"You are leading an agile software development project. During a sprint review, the customer rejects the deliverables stating that the grade is acceptable but not the quality. Of the following, which might be the best course of action?",,,A,,Add another developer to increase velocity,,,FALSE,B,,Remove some of the features and focus on quality for the next iteration,,,FALSE,C,,Increase the number of features for the next sprint,,,FALSE,D,,Introduce more rigorous testing during the next sprint to reduce bugs,,,TRUE,,,,,,,,,,,,,,,,,,,,,,,,,,,,,,,,,,,,,,,,,,,,,,,,,,,,,,,,,,,,,,,,,,,,,,,,,,,,,,,,,,,,,,,,,,,,,,,,
a61f7901-e146-4ed8-b297-9407b5d86e2a,old-exam-01,SINGLE_CHOICE,DRAFT,,,"You are managing a project to build 100 site towers, and you have just completed building the 50th tower. To mark the successful completion of this first significant milestone, you hold a celebration where you share the developments, challenges, and lessons learned so far on the project. In what process will you use this information and knowledge gained so far to improve the future performance of the project?",,,A,,Control Quality,,,FALSE,B,,Perform Continuous Improvement,,,FALSE,C,,Manage Quality,,,FALSE,D,,Direct and Manage Project Work,,,TRUE,,,,,,,,,,,,,,,,,,,,,,,,,,,,,,,,,,,,,,,,,,,,,,,,,,,,,,,,,,,,,,,,,,,,,,,,,,,,,,,,,,,,,,,,,,,,,,,,
4f43ba5f-183b-4185-8497-c907c0e173e1,old-exam-01,SINGLE_CHOICE,DRAFT,,,You are leading a project with a critical time constraint and cannot afford any project delays. An argument between two project team members over a report format to document their testing results turns into a shouting match. The team members draw you into their argument. You realize that resolving the conflict would delay the project timeline. What is your best course of action?,,,A,,Tell the team members to figure it out for themselves,,,FALSE,B,,Look for an approach that would completely satisfy both team members,,,FALSE,C,,Request the team members to go back to work to avoid any further delays,,,FALSE,D,,Select the report format that you think is best and make the decision,,,TRUE,,,,,,,,,,,,,,,,,,,,,,,,,,,,,,,,,,,,,,,,,,,,,,,,,,,,,,,,,,,,,,,,,,,,,,,,,,,,,,,,,,,,,,,,,,,,,,,,
0980b366-741f-4bfa-b545-08ece93894f8,old-exam-01,SINGLE_CHOICE,DRAFT,,,"The PMBOK® Guide defines project charter as a document that ""formally authorizes the existence of a project and provides the project manager with the authority to apply organizational resources to project activities."" Developing project charters on agile projects:",,,A,,Must follow the PMBOK® Guide processes,,,FALSE,B,,Must not follow the PMBOK® Guide processes,,,FALSE,C,,Is not required because Agile is paperless,,,FALSE,D,,Does not necessarily require a formal document,,,TRUE,,,,,,,,,,,,,,,,,,,,,,,,,,,,,,,,,,,,,,,,,,,,,,,,,,,,,,,,,,,,,,,,,,,,,,,,,,,,,,,,,,,,,,,,,,,,,,,,
9eaa9390-d8b1-4b74-b093-4bc87c7d0f55,old-exam-01,SINGLE_CHOICE,DRAFT,,,"You are managing a project with stakeholders from many different departments including marketing, engineering, and information technology. As you are monitoring stakeholder engagement, it becomes clear to you that stakeholders from the marketing department who used to be supportive appear to be neutral. After researching the reasons for the gap, you discover the marketing department views the project communications to be too technical, leading them to lose interest in the project. What might be your next step?",,,A,,Perform a communication styles assessment,,,TRUE,B,,Provide technical training for the marketing department,,,FALSE,C,,Update the communications management plan,,,FALSE,D,,Review the stakeholder engagement assessment matrix,,,FALSE,,,,,,,,,,,,,,,,,,,,,,,,,,,,,,,,,,,,,,,,,,,,,,,,,,,,,,,,,,,,,,,,,,,,,,,,,,,,,,,,,,,,,,,,,,,,,,,,
63cb60b5-86ab-4c9f-a3f0-10f99f61c254,old-exam-01,SINGLE_CHOICE,DRAFT,,,"To ensure that lessons learned are captured and documented throughout the project life cycle, the project manager creates the lessons learned register. What project management process is being performed?",,,A,,Direct and Manage Project Work,,,FALSE,B,,Monitor and Control Project Work,,,FALSE,C,,Manage Project Knowledge,,,TRUE,D,,Create Lessons Learned,,,FALSE,,,,,,,,,,,,,,,,,,,,,,,,,,,,,,,,,,,,,,,,,,,,,,,,,,,,,,,,,,,,,,,,,,,,,,,,,,,,,,,,,,,,,,,,,,,,,,,,
7597abc2-c6fb-4d6f-97dd-05fc5b87ac68,old-exam-01,SINGLE_CHOICE,DRAFT,,,"The project requires ongoing stakeholder engagement and needs to respond to high levels of change. The project manager has chosen an adaptive life cycle for the project. The backlog contains an ordered list of requirements and work. At the beginning of each iteration, the team determines how many of the items on the backlog can be delivered within the next iteration. Which process(es) will the project team need to repeat with each iteration?",,,A,,Define Scope,,,FALSE,B,,Collect Requirements and Create WBS,,,FALSE,C,,Collect Requirements and Define Scope,,,FALSE,D,,"Collect Requirements, Define Scope, and Create WBS",,,TRUE,,,,,,,,,,,,,,,,,,,,,,,,,,,,,,,,,,,,,,,,,,,,,,,,,,,,,,,,,,,,,,,,,,,,,,,,,,,,,,,,,,,,,,,,,,,,,,,,
770de4b6-fd01-448b-be20-1bba0eae5ae9,old-exam-01,SINGLE_CHOICE,DRAFT,,,"You meet with your team and key stakeholders to decide on what approach, waterfall or agile, should be used for your project. You explain to the meeting participants that continuous improvement is of utmost priority for the project. Someone asks you how waterfall methodologies compare with agile as it relates to continuous improvement. How should you respond to this question?",,,A,,"Waterfall takes a more proactive approach to continuous improvement, comparing to agile which is more reactive.",,,FALSE,B,,Agile projects conduct retrospectives during project execution but not at the end of the project as in waterfall.,,,FALSE,C,,Agile teams tend to be more focused on continuous improvement and will review performance more regularly.,,,TRUE,D,,Continuous improvement is handled essentially the same in agile and waterfall project management frameworks.,,,FALSE,,,,,,,,,,,,,,,,,,,,,,,,,,,,,,,,,,,,,,,,,,,,,,,,,,,,,,,,,,,,,,,,,,,,,,,,,,,,,,,,,,,,,,,,,,,,,,,,
b39aafc1-e684-4184-999e-78ad25fd393b,old-exam-01,SINGLE_CHOICE,DRAFT,,,"A project manager is implementing the quality management plan for a project to construct a natural gas pipeline. During this process, an internal audit discovers that while the project meets all applicable government regulations, there is a discrepancy with ISO 9000 criteria. Which tailoring consideration did the project manager most likely neglect earlier in the project?",,,A,,Continuous improvement,,,FALSE,B,,Standards and regulatory compliance,,,TRUE,C,,Project life cycle,,,FALSE,D,,"Since the project meets all applicable government regulations, nothing was missed earlier in the project",,,FALSE,,,,,,,,,,,,,,,,,,,,,,,,,,,,,,,,,,,,,,,,,,,,,,,,,,,,,,,,,,,,,,,,,,,,,,,,,,,,,,,,,,,,,,,,,,,,,,,,
97605e31-72b1-4ea1-af32-f6aba0568689,old-exam-01,SINGLE_CHOICE,DRAFT,,,"As a project manager, you recently completed a project team performance appraisal, and a previously unknown competency gap in technical skills was uncovered, which needs to be addressed. What should you do next?",,,A,,Implement the response planned for this risk,,,FALSE,B,,Conduct unplanned training to address the competency gap,,,TRUE,C,,Consult the training management plan,,,FALSE,D,,Let go of the staff who have technical skill gaps,,,FALSE,,,,,,,,,,,,,,,,,,,,,,,,,,,,,,,,,,,,,,,,,,,,,,,,,,,,,,,,,,,,,,,,,,,,,,,,,,,,,,,,,,,,,,,,,,,,,,,,
1c317b2a-4bec-4951-bcab-ca0f0867da6a,old-exam-01,SINGLE_CHOICE,DRAFT,,,"You are leading two independent teams working on the same project. The nature of the deliverables requires that one team takes a predictive approach, while the other uses Scrum. Due to dependencies between the teams and the variable nature of the outputs from the Scrum team, the predictive team needs to confirm their understanding of the Scrum team's activities with the shortest feedback loop possible. What is your best course of action?",,,A,,Include a project retrospective into the project schedule,,,FALSE,B,,Request that the Scrum team use information radiators,,,FALSE,C,,Incorporate the use of periodic customer feedback loops,,,FALSE,D,,Have the predictive team attend the daily scrum meetings,,,TRUE,,,,,,,,,,,,,,,,,,,,,,,,,,,,,,,,,,,,,,,,,,,,,,,,,,,,,,,,,,,,,,,,,,,,,,,,,,,,,,,,,,,,,,,,,,,,,,,,
2a1777a0-d993-4a3a-a364-2b9c3b90b91d,old-exam-01,SINGLE_CHOICE,DRAFT,,,"A project manager and team are in the process of finalizing all project activities. They have obtained final acceptance and transferred ownership of deliverables, obtained administrative closure, collated lessons learned, archived all project documents, and obtained feedback from relevant stakeholders. Finally, the project manager and team have been released and reassigned to other assignments. Based on the information provided, what might have been forgotten?",,,A,,Reviewing project requirements,,,FALSE,B,,Verifying project deliverables,,,FALSE,C,,Sharing the final project report,,,TRUE,D,,Conducting benefit analysis,,,FALSE,,,,,,,,,,,,,,,,,,,,,,,,,,,,,,,,,,,,,,,,,,,,,,,,,,,,,,,,,,,,,,,,,,,,,,,,,,,,,,,,,,,,,,,,,,,,,,,,
fb21ef6d-2f0e-421a-acfb-d55ead6c066a,old-exam-01,SINGLE_CHOICE,DRAFT,,,"A new developer joins the project. However, her productivity is limited since she lacks the competency in one of the programming languages. This language is not only used on this project but will also be required on future projects. Training costs were not included in the project budget, and the project CPI is 0.75. What is the best course of action for the project manager?",,,A,,Submit a change request to update the development approach,,,FALSE,B,,Seek approval for the performing organization to absorb the training costs,,,TRUE,C,,Stop using this programming language on this project,,,FALSE,D,,Terminate the employment of the new developer and find a replacement,,,FALSE,,,,,,,,,,,,,,,,,,,,,,,,,,,,,,,,,,,,,,,,,,,,,,,,,,,,,,,,,,,,,,,,,,,,,,,,,,,,,,,,,,,,,,,,,,,,,,,,
a59f6db1-1e5c-458e-82d0-3e7c54817b2b,old-exam-01,SINGLE_CHOICE,DRAFT,,,"In their first iteration, an agile team completed only half of the planned work. It turns out that before the current project began, the team members were requested to provide ongoing support for the prior release. Angry project stakeholders meet with the scrum master and complain that supporting prior releases should have never been included in the project plans. How should the scrum master respond?",,,A,,Agree with the stakeholders and remove all further support work from the next iterations,,,FALSE,B,,Ignore the stakeholders' complain and instruct the team to continue supporting the prior releases,,,FALSE,C,,Explain that routine work of supporting prior releases may be included in project plans,,,TRUE,D,,Request that from now on the team work overtime to complete both the planned work and support,,,FALSE,,,,,,,,,,,,,,,,,,,,,,,,,,,,,,,,,,,,,,,,,,,,,,,,,,,,,,,,,,,,,,,,,,,,,,,,,,,,,,,,,,,,,,,,,,,,,,,,
7d53edc6-2186-4ba0-8a50-c3eed70df67b,old-exam-01,SINGLE_CHOICE,DRAFT,,,"The deliverables of a two-year-long project have just been accepted. It is four months late, but the customer is pleased to have it. The project manager is glad to be done with the deliverables but is concerned about the cost and schedule overruns. He decides to re-run the initial cost-benefit analysis using the actual project costs. Where should the project manager obtain the initial cost-benefit analysis?",,,A,,From the customer,,,FALSE,B,,The project charter,,,FALSE,C,,The business case,,,TRUE,D,,The benefits management plan,,,FALSE,,,,,,,,,,,,,,,,,,,,,,,,,,,,,,,,,,,,,,,,,,,,,,,,,,,,,,,,,,,,,,,,,,,,,,,,,,,,,,,,,,,,,,,,,,,,,,,,
7ad9aeb3-5f30-4026-8c7d-5a90f4dcd87c,old-exam-01,SINGLE_CHOICE,DRAFT,,,"A project manager creates a procurement statement of work (SOW) from the project scope baseline. The scope of the SOW, however, is not yet well defined, therefore the project manager decides to contract with a vendor to provide an agile team of programmers. The contract is structured with fixed-price increments based on user stories. How might the project manager verify that the vendor has met the contractual obligations?",,,A,,Wait until the team completes the development of all user stories specified in the SOW,,,FALSE,B,,Request the product owner to approve or reject user stories during a sprint review,,,TRUE,C,,Validate the user stories as soon as they are completed at any point during a sprint,,,FALSE,D,,Conduct a procurement audit with the vendor each time a sprint retrospective is held,,,FALSE,,,,,,,,,,,,,,,,,,,,,,,,,,,,,,,,,,,,,,,,,,,,,,,,,,,,,,,,,,,,,,,,,,,,,,,,,,,,,,,,,,,,,,,,,,,,,,,,
2ce12849-26cb-4ae0-8e66-37fadb888099,old-exam-01,SINGLE_CHOICE,DRAFT,,,"As a scrum master, you are facilitating a retrospective for a sprint that failed to meet all of its objectives. Members of the development team and the product owner are arguing over who is responsible for the failure. After performing a root cause analysis, you uncover the source of the conflict. Of the following, what did you most likely discover?",,,A,,The product owner determined how many user stories were to be completed during the sprint,,,TRUE,B,,The development team decided how many user stories were to be completed during the sprint,,,FALSE,C,,"You, as the scrum master, failed to assign user stories to the development team",,,FALSE,D,,The Gantt chart did not include enough story points,,,FALSE,,,,,,,,,,,,,,,,,,,,,,,,,,,,,,,,,,,,,,,,,,,,,,,,,,,,,,,,,,,,,,,,,,,,,,,,,,,,,,,,,,,,,,,,,,,,,,,,
5eb7ccf3-e547-4848-a7c9-bf1aff7602bd,old-exam-01,SINGLE_CHOICE,DRAFT,,,"The quality management has been perfect for the project up to this point. Suddenly, the quality assurance (QA) lead who developed and performed most of the quality activities for the project has been temporarily reassigned to help another project. What should the project manager do?",,,A,,Submit a change request to adjust the cost baseline and the schedule baseline,,,FALSE,B,,Request the team to develop replacement quality activities,,,FALSE,C,,Assign another team member to carry out the originally planned quality activities,,,TRUE,D,,Pause quality activities until the QA lead returns to the project,,,FALSE,,,,,,,,,,,,,,,,,,,,,,,,,,,,,,,,,,,,,,,,,,,,,,,,,,,,,,,,,,,,,,,,,,,,,,,,,,,,,,,,,,,,,,,,,,,,,,,,
b0b541b3-b938-47e0-b831-fbba9f24729d,old-exam-01,SINGLE_CHOICE,DRAFT,,,"A project manager is reviewing a document where information about problems impacting project performance is recorded and monitored. According to the document, a new problem that was logged yesterday by a project team member indicates that delays have just exceeded the established schedule variance threshold and corrective action is required. No additional details about the new problem are provided in the document. 

What should the project manager do immediately?",,,A,,Assign a responsible party to follow up on the problem,,,TRUE,B,,Record the disposition of the change request,,,FALSE,C,,Send the project progress report to the stakeholders,,,FALSE,D,,Update the lessons learned register,,,FALSE,,,,,,,,,,,,,,,,,,,,,,,,,,,,,,,,,,,,,,,,,,,,,,,,,,,,,,,,,,,,,,,,,,,,,,,,,,,,,,,,,,,,,,,,,,,,,,,,
7e4b005c-5ab8-4db1-917a-96741c042a4b,old-exam-01,MULTIPLE_CHOICE,DRAFT,,,"Midway into project execution, a key stakeholder leaves the company. A new stakeholder fills in the vacant role. The project manager understands that the stakeholder engagement plan should be updated to reflect the strategies and actions required to involve the new stakeholder in the project. The project manager meets with the new stakeholder for an interview. Which of the following questions would be the most helpful for the project manager in updating the plan? (Choose four)",,,A,,Have you ever managed a project before?,,,FALSE,B,,How much risk are you willing to take for an anticipated benefit?,,,TRUE,C,,What position did you hold in your previous company?,,,FALSE,D,,What are your communication preferences?,,,TRUE,E,,Which information serves as input or is a tool and technique in the plan stakeholder engagement process?,,,TRUE,F,,Which information is likely to be found elsewhere?,,,TRUE,,,,,,,,,,,,,,,,,,,,,,,,,,,,,,,,,,,,,,,,,,,,,,,,,,,,,,,,,,,,,,,,,,,,,,,,,,,,,,,,,,,,
46552e2b-02a6-4e30-b8b3-9e2c83ade71b,old-exam-01,SINGLE_CHOICE,DRAFT,,,"You have been assigned to lead an agile project. You want to ensure that project information is shared within and across the organization, so that any misalignments, dependencies, or other issues related to the frequently changing requirements are surfaced as quickly as possible. How could this goal be best achieved?",,,A,,By distributing the project report weekly,,,FALSE,B,,By inviting stakeholders to daily standups,,,FALSE,C,,By promoting aggressive transparency,,,TRUE,D,,By sharing comprehensive documentation,,,FALSE,,,,,,,,,,,,,,,,,,,,,,,,,,,,,,,,,,,,,,,,,,,,,,,,,,,,,,,,,,,,,,,,,,,,,,,,,,,,,,,,,,,,,,,,,,,,,,,,
e2da726e-9bd3-4c65-9fc1-aeed68e325b6,old-exam-01,SINGLE_CHOICE,DRAFT,,,"You are planning a kick-off meeting for your new project. The meeting will communicate the start of the project, key milestones, and other relevant information. Which of the following best describes the objective of this meeting?",,,A,,Inform and engage stakeholders and gain commitment,,,TRUE,B,,Manage threats and opportunities throughout the project,,,FALSE,C,,Ensure that the project is completed on schedule and budget,,,FALSE,D,,Secure resources required to complete project deliverables,,,FALSE,,,,,,,,,,,,,,,,,,,,,,,,,,,,,,,,,,,,,,,,,,,,,,,,,,,,,,,,,,,,,,,,,,,,,,,,,,,,,,,,,,,,,,,,,,,,,,,,
feb1896c-0a25-44ab-a7b8-1c47886dc0e6,old-exam-01,SINGLE_CHOICE,DRAFT,,,"You are leading a project to develop a product that will be sold through an existing nationwide dealer network. The product will be built incrementally by a virtual team, while the dealer training and product rollout processes will be well-defined upfront. You want the dealers to provide the team with regular feedback throughout product development? What is the best strategy to achieve your goal?",,,A,,Suggest that the dealers attend the biweekly iteration retrospective meetings,,,FALSE,B,,Collect requirements upfront and develop a detailed WBS for product development,,,FALSE,C,,Invite the dealers to attend product demonstrations via video conference,,,TRUE,D,,Colocate the dealers with some of the developers for the duration of the project,,,FALSE,,,,,,,,,,,,,,,,,,,,,,,,,,,,,,,,,,,,,,,,,,,,,,,,,,,,,,,,,,,,,,,,,,,,,,,,,,,,,,,,,,,,,,,,,,,,,,,,
7a349e62-f9ff-4d6d-8f84-18294be163e9,old-exam-01,SINGLE_CHOICE,DRAFT,,,"A project manager is leading an agile research and development project. The project team is using a diagram, which breaks down the causes of an identified problem into discrete branches to determine the main cause of the problem. Which diagram might the project team be using in this situation?",,,A,,Pareto diagram,,,FALSE,B,,Matrix diagram,,,FALSE,C,,Tornado diagram,,,FALSE,D,,Ishikawa diagram,,,TRUE,,,,,,,,,,,,,,,,,,,,,,,,,,,,,,,,,,,,,,,,,,,,,,,,,,,,,,,,,,,,,,,,,,,,,,,,,,,,,,,,,,,,,,,,,,,,,,,,
7befd9ca-1758-4982-aff5-0492c61de6af,old-exam-01,SINGLE_CHOICE,DRAFT,,,"You have been assigned to lead an agile project. The project team is comprised of experienced agile practitioners who have been working together for a long time. In this agile environment, what is the best approach for you to take to manage project integration?",,,A,,Develop the project management plan that integrates all project activities,,,FALSE,B,,Let the team determine how plans and components should be integrated,,,TRUE,C,,Seek approval to hire an external project integration management expert,,,FALSE,D,,"In agile environments, project integration management is not applicable",,,FALSE,,,,,,,,,,,,,,,,,,,,,,,,,,,,,,,,,,,,,,,,,,,,,,,,,,,,,,,,,,,,,,,,,,,,,,,,,,,,,,,,,,,,,,,,,,,,,,,,
25449acf-c9ec-48cf-9070-59aeb3c082f7,old-exam-01,SINGLE_CHOICE,DRAFT,,,"You are leading a construction project that involves a vendor. A team member tells you that based on the rough assessment of the vendor's current work in progress, she suspects that the vendor will be unable to complete their work on time. You share your concerns with the vendor, but they claim that they are progressing as planned. What is your best course of action to ensure a mutual understanding of the work in progress?",,,A,,Conduct a walkthrough,,,TRUE,B,,Perform an earned value analysis (EVA),,,FALSE,C,,Conduct an audit,,,FALSE,D,,Resort to alternative dispute resolution (ADR),,,FALSE,,,,,,,,,,,,,,,,,,,,,,,,,,,,,,,,,,,,,,,,,,,,,,,,,,,,,,,,,,,,,,,,,,,,,,,,,,,,,,,,,,,,,,,,,,,,,,,,
9f31ec59-ec60-4212-bb18-2ad42be98310,old-exam-01,MULTIPLE_CHOICE,DRAFT,,,An organization has established a controlling project management office (PMO). The first task of the PMO is to update the guidelines for project compliance in the organization. Which of the following could the PMO enforce? (Choose three),,,A,,Use of particular project management methodologies,,,TRUE,B,,"Adoption of specific templates, forms, and tools",,,TRUE,C,,Adherence to local health regulations,,,FALSE,D,,Conformance to governance frameworks,,,TRUE,,,,,,,,,,,,,,,,,,,,,,,,,,,,,,,,,,,,,,,,,,,,,,,,,,,,,,,,,,,,,,,,,,,,,,,,,,,,,,,,,,,,,,,,,,,,,,,,
0e2b84fc-07f0-46fd-a60e-6dbb493c2e8a,old-exam-01,SINGLE_CHOICE,DRAFT,,,"You have just been assigned to an upcoming agile project. As part of pre-project work, you review all of the organization's policies and procedures regarding compliance. You realize that only some of them may be applicable to your project. What should you do first?",,,A,,Switch the project management approach from agile to traditional,,,FALSE,B,,Incorporate all compliance policies and procedures in the implementation strategy,,,FALSE,C,,Ensure compliance activities are included in the project schedule baseline,,,FALSE,D,,Classify the compliance categories to determine the expenditure of project resources,,,TRUE,,,,,,,,,,,,,,,,,,,,,,,,,,,,,,,,,,,,,,,,,,,,,,,,,,,,,,,,,,,,,,,,,,,,,,,,,,,,,,,,,,,,,,,,,,,,,,,,
e4f8d6ea-20f5-4698-b0f1-fec3efa341bc,old-exam-01,SINGLE_CHOICE,DRAFT,,,"A scrum master is leading an agile project in which the development team has failed to achieve the sprint goal for the past three iterations. During the sprint retrospective, the team decides to implement several changes to improve velocity. How might the scrum master verify any performance improvement?",,,A,,Calculate the project's CPI,,,FALSE,B,,Create a burndown chart,,,FALSE,C,,Review the burnup chart,,,TRUE,D,,Study the Gantt chart,,,FALSE,,,,,,,,,,,,,,,,,,,,,,,,,,,,,,,,,,,,,,,,,,,,,,,,,,,,,,,,,,,,,,,,,,,,,,,,,,,,,,,,,,,,,,,,,,,,,,,,
11ef8faf-3cc5-4681-92ed-03fdc4e020b4,old-exam-01,SINGLE_CHOICE,DRAFT,,,"A new smartphone will be developed by two teams: a hardware team that will use a predictive project management approach and a software team that will use an agile framework. Each team is colocated but resides in two different parts of the country. The teams will need to coordinate their activities very closely, but bringing them together in one location is not an option. What should the project manager do to create the most collaborative environment?",,,A,,Use a blended agile approach,,,FALSE,B,,Create a fishbowl window,,,TRUE,C,,Transition the hardware team to agile,,,FALSE,D,,Implement caves and common,,,FALSE,,,,,,,,,,,,,,,,,,,,,,,,,,,,,,,,,,,,,,,,,,,,,,,,,,,,,,,,,,,,,,,,,,,,,,,,,,,,,,,,,,,,,,,,,,,,,,,,
3613fd57-f0fb-4609-977b-bbb61e8c9ce7,old-exam-01,SINGLE_CHOICE,DRAFT,,,"Due to an uncertain market environment and complexity of upcoming projects, your company is considering a transition from a traditional to hybrid project management approach. The company tasks you with researching various options for incorporating new project management practices that would help the company move closer to its goal. Which of the following would you least likely recommend?",,,A,,Involving business analysts in requirements management,,,FALSE,B,,Increasing the level of detail during initial project planning,,,TRUE,C,,Implementing tools to identify complex project elements,,,FALSE,D,,"Incorporating agile, incremental, and iterative practices",,,FALSE,,,,,,,,,,,,,,,,,,,,,,,,,,,,,,,,,,,,,,,,,,,,,,,,,,,,,,,,,,,,,,,,,,,,,,,,,,,,,,,,,,,,,,,,,,,,,,,,
294a96df-42ac-47ab-970f-3cb423f0185f,old-exam-01,SINGLE_CHOICE,DRAFT,,,You are the project manager for the initial design phase of a new ergonomic pen. You have conducted multiple interviews with pen users and have tested various design concepts. Your most recent design has been verified and accepted by key stakeholders. The pen design is ready to transition to the team managing the next phase. Which of the following should you consult to find out who will take ownership of the pen design?,,,A,,The project management plan,,,TRUE,B,,The final report,,,FALSE,C,,The scope statement,,,FALSE,D,,The communications management plan,,,FALSE,,,,,,,,,,,,,,,,,,,,,,,,,,,,,,,,,,,,,,,,,,,,,,,,,,,,,,,,,,,,,,,,,,,,,,,,,,,,,,,,,,,,,,,,,,,,,,,,
989a1a96-e8fd-4d5c-9c8a-dcf667585ab0,old-exam-01,SINGLE_CHOICE,DRAFT,,,"You review the WBS of your project and realize that due to the lack of in-house expertise, some of the deliverables will need to be outsourced to a vendor. However, the requirements for these deliverables are not well-understood at the moment. Therefore, you decide that the outsourced portion of work will need to be managed using an agile framework. What is your best approach in negotiating an agreement with the vendor?",,,A,,Seek an informal agreement rather than a formal contract,,,FALSE,B,,Secure a fixed-price contract for the outsourced scope,,,FALSE,C,,Negotiate aggressively for the most advantageous terms,,,FALSE,D,,Pursue a shared-risk-reward contract relationships,,,TRUE,,,,,,,,,,,,,,,,,,,,,,,,,,,,,,,,,,,,,,,,,,,,,,,,,,,,,,,,,,,,,,,,,,,,,,,,,,,,,,,,,,,,,,,,,,,,,,,,
29439493-6d20-4ef0-bd22-aee759a46920,old-exam-01,SINGLE_CHOICE,DRAFT,,,"A project manager is considering to change the Control Costs process currently used on her project. Instead of submitting budget change requests to the CCB, she wants to invite stakeholders to the parking lot portion of the daily standups and discuss requested changes there. The project manager meets with the stakeholders to propose the process change. Which of the following arguments would least likely to convince the stakeholders of the benefits of the new process?",,,A,,The cost management and change management plans will be updated to reflect the new process.,,,FALSE,B,,Earned value analysis data from a previous project will be compared to iterative data accumulation.,,,FALSE,C,,Only those budget change requests that do not affect the project cost baseline will be discussed.,,,TRUE,D,,Other project managers in the organization going through similar process changes will be consulted.,,,FALSE,,,,,,,,,,,,,,,,,,,,,,,,,,,,,,,,,,,,,,,,,,,,,,,,,,,,,,,,,,,,,,,,,,,,,,,,,,,,,,,,,,,,,,,,,,,,,,,,
fffa5fa2-fec5-4dc1-bdeb-c9a8b1c3a20f,old-exam-01,SINGLE_CHOICE,DRAFT,,,"A project manager has just calculated the project performance measurements, and the project's current cost performance index (CPI) is 0.9 while the schedule performance index (SPI) is 1.1. Which of the following is correct regarding the project's performance status?",,,A,,Over budget and ahead of schedule,,,TRUE,B,,Under budget and behind schedule,,,FALSE,C,,Over budget and behind schedule,,,FALSE,D,,Under budget and ahead of schedule,,,FALSE,,,,,,,,,,,,,,,,,,,,,,,,,,,,,,,,,,,,,,,,,,,,,,,,,,,,,,,,,,,,,,,,,,,,,,,,,,,,,,,,,,,,,,,,,,,,,,,,
1aac34c2-3de7-4bbc-91d4-79bd4cdccdd2,old-exam-01,SINGLE_CHOICE,DRAFT,,,"A vendor has been contracted by a buyer to develop a new device. The vendor insisted that the contract thoroughly capture the device specifications. The buyer does not have clear requirements upfront and, therefore, requested that the vendor develop the device using agile. The vendor delivers as per the contract, but the buyer is not satisfied with the outcome. Which Agile Manifesto's value was most likely not appropriately applied?",,,A,,Business people and developers must work together,,,FALSE,B,,Individuals and interactions over processes and tools,,,FALSE,C,,Pair programming over continuous integration,,,FALSE,D,,Customer collaboration over contract negotiations,,,TRUE,,,,,,,,,,,,,,,,,,,,,,,,,,,,,,,,,,,,,,,,,,,,,,,,,,,,,,,,,,,,,,,,,,,,,,,,,,,,,,,,,,,,,,,,,,,,,,,,
99d5d87a-68a0-43b8-9582-14cad4728bef,old-exam-01,SINGLE_CHOICE,DRAFT,,,"During a meeting, the product owner restated the product vision, described the target user groups, the business goals, and main features to be delivered by the agile project in its upcoming releases. Then, to visually depict these features, the product owner created the product roadmap. Which of the following best describes the purpose of the meeting?",,,A,,Establish a shared project vision among the project stakeholders,,,TRUE,B,,Create the product backlog for each one of the upcoming releases,,,FALSE,C,,Establish a shared release vision among the project stakeholders,,,FALSE,D,,"Determine the project scope, schedule, cost, quality, and resources",,,FALSE,,,,,,,,,,,,,,,,,,,,,,,,,,,,,,,,,,,,,,,,,,,,,,,,,,,,,,,,,,,,,,,,,,,,,,,,,,,,,,,,,,,,,,,,,,,,,,,,
02d48856-4cd6-4899-996a-cee96012e389,old-exam-01,SINGLE_CHOICE,DRAFT,,,"You meet with your team to determine the life cycle for your project. After analyzing the best way to define and manage requirements, develop deliverables, handle changes, control risk and cost, and engage key stakeholders, the decision is made to select a hybrid life cycle. With the project life cycle selected, how will the requirements be managed on your project?",,,A,,Defined during the transition to the customer,,,FALSE,B,,Elaborated at periodic intervals during delivery,,,TRUE,C,,Defined up-front before development begins,,,FALSE,D,,Elaborated as often as needed during delivery,,,FALSE,,,,,,,,,,,,,,,,,,,,,,,,,,,,,,,,,,,,,,,,,,,,,,,,,,,,,,,,,,,,,,,,,,,,,,,,,,,,,,,,,,,,,,,,,,,,,,,,
9b8f7565-ffa5-487f-bfe7-8f8b5fc3dd57,old-exam-01,SINGLE_CHOICE,DRAFT,,,"An agile coach joined a team that has been working on a project for the last few months. The coach noticed that the team members were struggling to remove impediments, did not have a discipline around time-boxed events, and were not using information radiators to display the project status. What is the best course of action for the agile coach to take?",,,A,,"Help the team deal with impediments, remind of the importance of time-boxing, and force the team to use information radiators",,,FALSE,B,,"Tell the team to deal with impediments, remind of the importance of time-boxing, and suggest the team to use information radiators",,,FALSE,C,,"Help the team to deal with impediments, remind of the importance of time-boxing, and suggest the team to use information radiators",,,TRUE,D,,"Do nothing, since the issues are minor and can be handled by the team because agile teams are self-managing and self-organizing",,,FALSE,,,,,,,,,,,,,,,,,,,,,,,,,,,,,,,,,,,,,,,,,,,,,,,,,,,,,,,,,,,,,,,,,,,,,,,,,,,,,,,,,,,,,,,,,,,,,,,,
399a8b48-3683-45f2-9006-66a6e28aef56,old-exam-01,SINGLE_CHOICE,DRAFT,,,"A PMO steeped in traditional waterfall project management has hired you, as an agile practitioner, to guide the organization's transformation to agile. After completing an initial assessment of the organizational culture, you have realized that many of the stakeholders are resistant to the change.What is your best course of action?",,,A,,Provide training to ensure the employees are more highly specialized,,,FALSE,B,,Transition all projects to agile at the same time,,,FALSE,C,,Seek a high-level executive willing to champion the cause,,,TRUE,D,,Ensure the work is decomposed into silos,,,FALSE,,,,,,,,,,,,,,,,,,,,,,,,,,,,,,,,,,,,,,,,,,,,,,,,,,,,,,,,,,,,,,,,,,,,,,,,,,,,,,,,,,,,,,,,,,,,,,,,
6d4dd51d-dbf7-43b5-a34c-5cc261548ef8,old-exam-01,SINGLE_CHOICE,DRAFT,,,"Monthly audits were performed to determine if project activities comply with corporate policies, procedures, and best practices. Throughout the project, the results of the monthly audits indicated that the team was in compliance. However, at the end of the project, it was determined that some of the project activities did not comply with organizational policies. What most likely caused these compliance gaps to be missed during the audits?",,,A,,The audits were conducted by the company's internal audit department,,,FALSE,B,,The audits were conducted by one of the project team members,,,TRUE,C,,The audits were conducted by the project management office (PMO),,,FALSE,D,,The audits were conducted by an auditor external to the organization,,,FALSE,,,,,,,,,,,,,,,,,,,,,,,,,,,,,,,,,,,,,,,,,,,,,,,,,,,,,,,,,,,,,,,,,,,,,,,,,,,,,,,,,,,,,,,,,,,,,,,,
dc1ce4a1-e320-44ba-a0f9-6cf08271d155,old-exam-01,SINGLE_CHOICE,DRAFT,,,"During the development of the stakeholder engagement plan, the project manager realizes that a key stakeholder is resistant to the project. Without the support of this stakeholder, the project may fail. What is the best course of action for the project manager to identify the reason for the stakeholder being resistant?",,,A,,Escalate to the project sponsor,,,FALSE,B,,Update the stakeholder register,,,FALSE,C,,Use the mind mapping technique,,,FALSE,D,,Utilize an Ishikawa diagram,,,TRUE,,,,,,,,,,,,,,,,,,,,,,,,,,,,,,,,,,,,,,,,,,,,,,,,,,,,,,,,,,,,,,,,,,,,,,,,,,,,,,,,,,,,,,,,,,,,,,,,
7f142300-0197-4dfb-a598-752705ec38d4,old-exam-01,SINGLE_CHOICE,DRAFT,,,"In order to take advantage of the best talent available, a project manager recruits developers internationally rather than just locally. She is delighted to have acquired such highly skilled individuals but now needs to develop them into a cohesive team. Ideally, the project manager would like to bring everyone together at the home office, but the project budget does not allow for travel expenses. What is the best tool or technique for the project manager to use in this situation?",,,A,,Sensitivity analysis,,,FALSE,B,,Recognition and rewards,,,FALSE,C,,Virtual teams,,,TRUE,D,,Colocation,,,FALSE,,,,,,,,,,,,,,,,,,,,,,,,,,,,,,,,,,,,,,,,,,,,,,,,,,,,,,,,,,,,,,,,,,,,,,,,,,,,,,,,,,,,,,,,,,,,,,,,
46737978-19c3-4a86-85ec-de5ceaa0e6b0,old-exam-01,SINGLE_CHOICE,DRAFT,,,"A project manager invited several vendors to a pre-bid conference. After a private conversation with one of the vendors who had an inquiry about a new mandatory government requirement, the project manager sent an email to the vendor to address the question. The project manager realizes that the requirement should have been included in the project scope baseline and the statement of work (SOW). What should the project manager do in this situation?",,,A,,No further action is needed as the vendor's question have been addressed,,,FALSE,B,,"Update the statement of work and the scope baseline, and communicate the changes to all vendors",,,FALSE,C,,"Update the statement of work and the scope baseline, and hold another pre-bid conference",,,FALSE,D,,"Update the SOW, submit a change request to update the scope baseline, and communicate the changes to all vendors",,,TRUE,,,,,,,,,,,,,,,,,,,,,,,,,,,,,,,,,,,,,,,,,,,,,,,,,,,,,,,,,,,,,,,,,,,,,,,,,,,,,,,,,,,,,,,,,,,,,,,,
b5d13345-3824-4d8d-9f7c-50de613aecd5,old-exam-01,SINGLE_CHOICE,DRAFT,,,"While the first phase of a construction project was a success, one of the two lead architects suddenly had to resign from her position due to a conflict of interest within the company. What should the project manager do immediately to manage the team composition?",,,A,,Write a work performance report to generate awareness of the lead architect's departure,,,FALSE,B,,Update the project organizational chart to reflect the team change,,,FALSE,C,,Review the change management plan and submit a change request,,,TRUE,D,,Use float on the critical path to prevent schedule slippage due to this new risk,,,FALSE,,,,,,,,,,,,,,,,,,,,,,,,,,,,,,,,,,,,,,,,,,,,,,,,,,,,,,,,,,,,,,,,,,,,,,,,,,,,,,,,,,,,,,,,,,,,,,,,
6a8452e8-5eed-483a-87bd-bd8787b890db,old-exam-01,SINGLE_CHOICE,DRAFT,,,"A client completed a walkthrough of the deliverables and formally accepted the work. The next day, the project manager returns to the project site to pick up company equipment and make arrangements for final payment. What should the project manager do when meeting the client as part of project closure?",,,A,,Confirm the final acceptance of the deliverable,,,TRUE,B,,Settle procurement claims,,,FALSE,C,,Validate the scope objectives have been met,,,FALSE,D,,Ensure quality assurance was performed,,,FALSE,,,,,,,,,,,,,,,,,,,,,,,,,,,,,,,,,,,,,,,,,,,,,,,,,,,,,,,,,,,,,,,,,,,,,,,,,,,,,,,,,,,,,,,,,,,,,,,,
181ecb16-5093-420f-8c58-819eb9ff99e2,old-exam-01,SINGLE_CHOICE,DRAFT,,,"You are leading an agile project to develop a computer game, which will be broken down into four releases. After the first release, the initial online reviews are poor, and the early adopters have provided detailed feedback about what they don't like about the game. You are concerned about the impact of the poor reviews on future releases. What is the best course of action?",,,A,,Hold a release retrospective,,,TRUE,B,,Terminate the project,,,FALSE,C,,Discuss the issue with the project sponsor,,,FALSE,D,,Expedite the delivery of the second release,,,FALSE,,,,,,,,,,,,,,,,,,,,,,,,,,,,,,,,,,,,,,,,,,,,,,,,,,,,,,,,,,,,,,,,,,,,,,,,,,,,,,,,,,,,,,,,,,,,,,,,
bec69e63-49d2-45e3-af3f-4c9919013ada,old-exam-01,SINGLE_CHOICE,DRAFT,,,"As a project manager, you are leading a colocated project team that will create deliverables in an agile fashion, followed by a rollout phase that will use a predictive approach. You are concerned that the transition from agile to waterfall may cause friction within the project team. With the development phase complete, how might the team's working agreements need to change in this situation?",,,A,,The team charter will need to be updated to reflect collective responsibility for the completion of project tasks.,,,TRUE,B,,The project manager should institute a set of working agreements that worked well on previous waterfall projects.,,,FALSE,C,,Each project team member will need to develop their own social contract to support the new framework.,,,FALSE,D,,The social contract should reflect a transition from collective to individual responsibility for the project tasks.,,,FALSE,,,,,,,,,,,,,,,,,,,,,,,,,,,,,,,,,,,,,,,,,,,,,,,,,,,,,,,,,,,,,,,,,,,,,,,,,,,,,,,,,,,,,,,,,,,,,,,,
45813678-a35a-4869-bc0c-8752080af3bc,old-exam-01,SINGLE_CHOICE,DRAFT,,,"You are managing a virtual project team across multiple time zones. As the project progresses, the team members learn to trust one another and adjust their work routines to accommodate the different time zones, work habits, and culture. What stage of team development is being demonstrated in this situation?",,,A,,Forming,,,FALSE,B,,Storming,,,FALSE,C,,Performing,,,FALSE,D,,Norming,,,TRUE,,,,,,,,,,,,,,,,,,,,,,,,,,,,,,,,,,,,,,,,,,,,,,,,,,,,,,,,,,,,,,,,,,,,,,,,,,,,,,,,,,,,,,,,,,,,,,,,
d4d5080c-93fe-419b-9ab5-03783db8b71a,old-exam-01,SINGLE_CHOICE,DRAFT,,,A project manager has been asked to create a document that formally authorizes a project to use ground-penetrating radar to map geological conditions along a proposed crude oil pipeline route. The performing organization has a written formal agreement in place to share the data with a local university. The project manager has reviewed the business documents and considered any relevant external environmental factors to create the requested document. What might the project manager do next?,,,A,,Research the stakeholder engagement plan for any information to be included in the document,,,FALSE,B,,Ensure any relevant information from the memorandum of understanding (MOU) is included in the document,,,TRUE,C,,Review the business case for any pertinent information,,,FALSE,D,,Look to see if a benefits management plan was previously created,,,FALSE,,,,,,,,,,,,,,,,,,,,,,,,,,,,,,,,,,,,,,,,,,,,,,,,,,,,,,,,,,,,,,,,,,,,,,,,,,,,,,,,,,,,,,,,,,,,,,,,
ad781b6d-f428-4227-9d3d-56cdd535fbd6,old-exam-01,SINGLE_CHOICE,DRAFT,,,You are leading a software development project for a client. The change control board (CCB) has been inundated with change requests from the client throughout the project as the product has evolved. This situation drives the team crazy and makes controlling the project scope extremely challenging and time-consuming. Which of the following tailoring considerations might you have missed earlier in the project?,,,A,,Diversity,,,FALSE,B,,Stability of requirements,,,TRUE,C,,Physical location,,,FALSE,D,,Validation and control,,,FALSE,,,,,,,,,,,,,,,,,,,,,,,,,,,,,,,,,,,,,,,,,,,,,,,,,,,,,,,,,,,,,,,,,,,,,,,,,,,,,,,,,,,,,,,,,,,,,,,,
a4b21fa2-9252-415b-9b59-cc75bd18411c,old-exam-01,SINGLE_CHOICE,DRAFT,,,"During project execution, the new state-of-the-art technology that is used on the project to produce the deliverables is unstable, which puts the whole project at risk of failure. Your sponsor is on vacation and cannot be reached. To get immediate attention to the issue, you want to know what is the escalation procedure. What should you do next?",,,A,,Consult the communications management plan,,,TRUE,B,,Consult the risk register,,,FALSE,C,,Consult the stakeholder engagement plan,,,FALSE,D,,Submit a change request to replace the technology,,,FALSE,,,,,,,,,,,,,,,,,,,,,,,,,,,,,,,,,,,,,,,,,,,,,,,,,,,,,,,,,,,,,,,,,,,,,,,,,,,,,,,,,,,,,,,,,,,,,,,,
2957cd1a-44d4-473e-a894-bf480b472a91,old-exam-01,SINGLE_CHOICE,DRAFT,,,"You are in the initiation stage of a project that aims to deploy and then maintain the robotics for an automated production line for an important client. In the project charter, you need to include the agreed mean time to recover (MTTR) in the event of a breakdown. What should you do to find this information?",,,A,,Do nothing since agreements are not yet available during project initiation,,,FALSE,B,,Refer to the procurement management plan,,,FALSE,C,,Review any emails or other correspondence with the client,,,FALSE,D,,Check the service level agreement with the client,,,TRUE,,,,,,,,,,,,,,,,,,,,,,,,,,,,,,,,,,,,,,,,,,,,,,,,,,,,,,,,,,,,,,,,,,,,,,,,,,,,,,,,,,,,,,,,,,,,,,,,
6ec365ac-a184-4812-a991-cbd834b4be60,old-exam-01,SINGLE_CHOICE,DRAFT,,,"Near the end of an iteration, the project team is ready to lead a product review with the product manager. What is the objective of the review?",,,A,,Validate the product scope,,,TRUE,B,,Manage product quality,,,FALSE,C,,Control the product scope,,,FALSE,D,,Close the project or phase,,,FALSE,,,,,,,,,,,,,,,,,,,,,,,,,,,,,,,,,,,,,,,,,,,,,,,,,,,,,,,,,,,,,,,,,,,,,,,,,,,,,,,,,,,,,,,,,,,,,,,,
e14f4ba8-ed32-4d68-8c4e-dd257faba871,old-exam-01,SINGLE_CHOICE,DRAFT,,,"While performing monitoring and controlling activities, the project manager discovers inconsistencies between the project management plan and the project's actual performance. She now needs to determine corrective actions to minimize the impact of the inconsistencies on the project. In what project document would she have documented the inconsistencies and would look at to review them?",,,A,,Quality report,,,FALSE,B,,Change log,,,FALSE,C,,Assumption log,,,FALSE,D,,Issue log,,,TRUE,,,,,,,,,,,,,,,,,,,,,,,,,,,,,,,,,,,,,,,,,,,,,,,,,,,,,,,,,,,,,,,,,,,,,,,,,,,,,,,,,,,,,,,,,,,,,,,,
4b81b335-f805-4827-a9cd-127e72799f06,old-exam-01,SINGLE_CHOICE,DRAFT,,,A project manager has just received a signed formalized document as an output from one of the initiation processes in her project. This document was prepared by someone external to the project and will be utilized as a catalyst for the project to move forward. Which of the following describes this document?,,,A,,The business case,,,FALSE,B,,The scope statement,,,FALSE,C,,The project charter,,,TRUE,D,,The approved project plan,,,FALSE,,,,,,,,,,,,,,,,,,,,,,,,,,,,,,,,,,,,,,,,,,,,,,,,,,,,,,,,,,,,,,,,,,,,,,,,,,,,,,,,,,,,,,,,,,,,,,,,
b63125ee-e411-4196-b074-c5ae11c94fdb,old-exam-01,SINGLE_CHOICE,DRAFT,,,"You are managing a project, and members of your project team are at odds about the tasks they are assigned. Disagreements between the team members have escalated and have created a reduction in performance across the project. What tool or technique will you use to address the team's issues and get the project back on track?",,,A,,Networking,,,FALSE,B,,Recognition and rewards,,,FALSE,C,,Training,,,FALSE,D,,Conflict management,,,TRUE,,,,,,,,,,,,,,,,,,,,,,,,,,,,,,,,,,,,,,,,,,,,,,,,,,,,,,,,,,,,,,,,,,,,,,,,,,,,,,,,,,,,,,,,,,,,,,,,
a558c45b-6074-4371-aad1-90bad2166ac8,old-exam-01,SINGLE_CHOICE,DRAFT,,,"Your project is running behind schedule. To bring the timeline back into alignment with the project management plan, you need some of your project team members to work extra hours. In order to motivate your team, you offer each team member two tickets to a popular sporting event if they work a weekend shift. What type of power are you using in this situation?",,,A,,Managerial,,,FALSE,B,,Charismatic,,,FALSE,C,,Persuasive,,,FALSE,D,,Reward-oriented,,,TRUE,,,,,,,,,,,,,,,,,,,,,,,,,,,,,,,,,,,,,,,,,,,,,,,,,,,,,,,,,,,,,,,,,,,,,,,,,,,,,,,,,,,,,,,,,,,,,,,,
5553d407-be31-4f48-912c-ee7311d05e03,old-exam-01,SINGLE_CHOICE,DRAFT,,,"You are creating the schedule to deploy a new ERP software in your company. The company is currently undergoing an agile transformation, so it was decided to develop the new ERP iteratively. The first release of the ERP should be rolled out in four months, and you know that another project, a company-wide operating system upgrade, is scheduled in three months. With the upgrade project affecting your schedule, an impact on which of the following should you assess to determine the number of iterations until rollout?",,,A,,Release planning,,,TRUE,B,,Product roadmap,,,FALSE,C,,Iteration backlogs,,,FALSE,D,,Project charter,,,FALSE,,,,,,,,,,,,,,,,,,,,,,,,,,,,,,,,,,,,,,,,,,,,,,,,,,,,,,,,,,,,,,,,,,,,,,,,,,,,,,,,,,,,,,,,,,,,,,,,
33fd7dbe-917e-43eb-902e-b72390655348,old-exam-01,SINGLE_CHOICE,DRAFT,,,"You are leading a project with two dispersed development teams. One team is using traditional waterfall methods, and the other is using XP for product development. Budgetary constraints prevent any of the team members from being colocated. What should you prioritize for team collaboration?",,,A,,Documenting collaboration requirements of the XP team in the communications management plan,,,FALSE,B,,Setting up remote pairing for the XP team and providing video conferencing capabilities for both teams,,,TRUE,C,,Allocating dedicated portions of the offices to support the caves and common practice for both teams,,,FALSE,D,,No specific considerations are required as both teams can learn to collaborate as they do their job,,,FALSE,,,,,,,,,,,,,,,,,,,,,,,,,,,,,,,,,,,,,,,,,,,,,,,,,,,,,,,,,,,,,,,,,,,,,,,,,,,,,,,,,,,,,,,,,,,,,,,,
fc2ac657-8da8-47df-a783-c0bf64c70eae,old-exam-01,SINGLE_CHOICE,DRAFT,,,"Development team members argue with the product owner who rejected a deliverable the team developed during the recent iteration. The project manager schedules a meeting with the team, product owner, and other relevant stakeholders to break down the situation and identify the root cause of a misunderstanding. Which of the following will be considered an antipattern if used during the meeting?",,,A,,Drawing a fishbone diagram,,,FALSE,B,,Using the five whys method,,,FALSE,C,,Maximizing the number of action items,,,TRUE,D,,Defining the problem statement,,,FALSE,,,,,,,,,,,,,,,,,,,,,,,,,,,,,,,,,,,,,,,,,,,,,,,,,,,,,,,,,,,,,,,,,,,,,,,,,,,,,,,,,,,,,,,,,,,,,,,,
eb15520c-aec2-49f0-a52e-029991690685,old-exam-01,SINGLE_CHOICE,DRAFT,,,"After an agile team completes three iterations, the project manager determines that the average velocity of the team for these three iterations was 30 story points. There are 292 more story points to complete the remaining portion of the project. How many additional iterations will it take for the team to complete the project?",,,A,,7 iterations,,,FALSE,B,,8 iterations,,,FALSE,C,,9 iterations,,,FALSE,D,,10 iterations,,,TRUE,,,,,,,,,,,,,,,,,,,,,,,,,,,,,,,,,,,,,,,,,,,,,,,,,,,,,,,,,,,,,,,,,,,,,,,,,,,,,,,,,,,,,,,,,,,,,,,,
a97bf057-7847-424d-b9b8-fa9d037c8a11,old-exam-01,SINGLE_CHOICE,DRAFT,,,"You are leading a project to be developed incrementally in small releases. Requirements have been established for the initial release. Feedback from a focus group will determine the scope of each subsequent release. The client has established a strict budget for the entire project. In this adaptive environment, which is the best way to proceed?",,,A,,Use a traditional waterfall approach for the project,,,FALSE,B,,Add prioritized features to the project scope with each release until the budget is exhausted,,,TRUE,C,,"During initial project planning, develop a detailed budget for each release",,,FALSE,D,,Use a change control board (CCB) to prevent scope creep,,,FALSE,,,,,,,,,,,,,,,,,,,,,,,,,,,,,,,,,,,,,,,,,,,,,,,,,,,,,,,,,,,,,,,,,,,,,,,,,,,,,,,,,,,,,,,,,,,,,,,,
30db3b22-85f3-4306-9025-f0b885ac1352,old-exam-01,SINGLE_CHOICE,DRAFT,,,"As the project manager, you are in the process of developing a draft of a document that authorizes a new software development project. You have reviewed the agreements and both business documents. What else should be done as part of this process?",,,A,,Identify stakeholders and prepare the stakeholder register,,,FALSE,B,,Study the governance functions and processes to provide guidance and decision making,,,TRUE,C,,Update the business documents to correct any errors,,,FALSE,D,,Review the benefits management plan,,,FALSE,,,,,,,,,,,,,,,,,,,,,,,,,,,,,,,,,,,,,,,,,,,,,,,,,,,,,,,,,,,,,,,,,,,,,,,,,,,,,,,,,,,,,,,,,,,,,,,,
cbd7cd50-cc6c-4aa0-86cc-d80d543431a6,old-exam-01,SINGLE_CHOICE,DRAFT,,,"Late in a project, a key team member leaves the company. The project manager realizes that he does not have enough team members to meet the hard deadline. At a weekly status meeting, the project manager discusses several options with his project team, including authorizing additional overtime, hiring subcontractors, or bringing in additional resources from another project team within the company. Which resource management technique does the project manager use?",,,A,,Cost-benefit analysis,,,FALSE,B,,Alternatives analysis,,,TRUE,C,,Problem solving,,,FALSE,D,,Interpersonal skills,,,FALSE,,,,,,,,,,,,,,,,,,,,,,,,,,,,,,,,,,,,,,,,,,,,,,,,,,,,,,,,,,,,,,,,,,,,,,,,,,,,,,,,,,,,,,,,,,,,,,,,
f53768db-a005-4233-8769-b0ce419a0a40,old-exam-01,SINGLE_CHOICE,DRAFT,,,"You are the project manager for a project that is in its early stages. During a meeting, your boss informs you that senior management would like you to include a particular staff member on your project team because of their necessary expertise. You have not recruited any other team members, and the project has not even been formally authorized yet. How should you handle senior management's request?",,,A,,Deny the request because the project manager should be the one to acquire project resources.,,,FALSE,B,,"Accept the request, since identifying specific resources for the project can occur as part of the early planning process.",,,TRUE,C,,Accept the request only after you have finished creating the project management plan.,,,FALSE,D,,Deny the request since you have not had an opportunity to verify that the individual has the proper skills.,,,FALSE,,,,,,,,,,,,,,,,,,,,,,,,,,,,,,,,,,,,,,,,,,,,,,,,,,,,,,,,,,,,,,,,,,,,,,,,,,,,,,,,,,,,,,,,,,,,,,,,
595af2f3-9483-4313-a000-ae2169ffd49c,old-exam-01,SINGLE_CHOICE,DRAFT,,,The first phase of a software development project that was conducted using a predictive project management approach is over. The project enters its second phase which will require the project team to utilize an eXtreme Programming (XP) method to develop the rest of the product. How might the team ground rules need to be updated?,,,A,,Acceptance of collective responsibility for the project's deliverables,,,TRUE,B,,Addition of agreements for working in a virtual environment,,,FALSE,C,,The ground rules will no longer be needed as the team will use XP,,,FALSE,D,,Accountability for the creation of highly detailed documentation,,,FALSE,,,,,,,,,,,,,,,,,,,,,,,,,,,,,,,,,,,,,,,,,,,,,,,,,,,,,,,,,,,,,,,,,,,,,,,,,,,,,,,,,,,,,,,,,,,,,,,,
58744b31-a60d-4182-86fe-6c81853e7089,old-exam-01,SINGLE_CHOICE,DRAFT,,,"Two project team members have had frequent clashes, which have at times resulted in shouting matches during team meetings. The project manager has intervened, asked them to resolve their differences, and even facilitated a meeting between them, but things have gotten worse. The project manager is concerned that the situation is negatively affecting team cohesion and is placing the successful completion of the project at risk. What should the project manager do next?",,,A,,Use formal procedures including disciplinary actions,,,TRUE,B,,Allow the team members to resolve their differences on their own,,,FALSE,C,,Facilitate another meeting between the two team members,,,FALSE,D,,Request that the other project team members intercede as a form of peer pressure,,,FALSE,,,,,,,,,,,,,,,,,,,,,,,,,,,,,,,,,,,,,,,,,,,,,,,,,,,,,,,,,,,,,,,,,,,,,,,,,,,,,,,,,,,,,,,,,,,,,,,,
e16c6994-8b10-4e04-bc92-26e9bde37004,old-exam-01,SINGLE_CHOICE,DRAFT,,,The agile project team members are all working in an open office space arrangement. There are many conversations happening concurrently throughout the day. Which of the following is the best option for the project manager?,,,A,,Schedule frequent team checkpoints and post project artifacts in a transparent fashion,,,TRUE,B,,Request team members to hold off their conversations until formal meeting times,,,FALSE,C,,Record the conversations and post them in a shared repository,,,FALSE,D,,Designate afternoons as quiet work times,,,FALSE,,,,,,,,,,,,,,,,,,,,,,,,,,,,,,,,,,,,,,,,,,,,,,,,,,,,,,,,,,,,,,,,,,,,,,,,,,,,,,,,,,,,,,,,,,,,,,,,
dcfe64e8-a39d-4179-a77b-f116f6990872,old-exam-01,SINGLE_CHOICE,DRAFT,,,"A project manager is estimating the length of time the project will take. The project manager worked on a comparable project two years ago that installed 10 miles of guardrails at a rate of one mile a day in similar weather conditions, using the same size crew on the same type of highway. What estimating technique would be the appropriate option for the project manager to use for his duration estimate?",,,A,,Parametric estimating,,,TRUE,B,,Analogous estimating,,,FALSE,C,,Bottom-up estimating,,,FALSE,D,,Three-point estimating,,,FALSE,,,,,,,,,,,,,,,,,,,,,,,,,,,,,,,,,,,,,,,,,,,,,,,,,,,,,,,,,,,,,,,,,,,,,,,,,,,,,,,,,,,,,,,,,,,,,,,,
a316c064-a25d-4704-8187-49e66168ef2c,old-exam-01,SINGLE_CHOICE,DRAFT,,,"During a sprint retrospective, the team members complain that the business analyst has been unresponsive to clarify the work package to be developed in the sprint. As a result, the work package has not been accepted by the customer. The scrum master reaches out to the business analyst and requests them to collaborate with the team during the upcoming sprints. What else should the scrum master do?",,,A,,No further action needed as the problem is resolved,,,FALSE,B,,Report a work ethics violation to the human resources department,,,FALSE,C,,Continue monitoring the business analyst's involvement,,,TRUE,D,,Instruct the team to fix the work package to meet customer needs,,,FALSE,,,,,,,,,,,,,,,,,,,,,,,,,,,,,,,,,,,,,,,,,,,,,,,,,,,,,,,,,,,,,,,,,,,,,,,,,,,,,,,,,,,,,,,,,,,,,,,,
f3bd963f-2b45-4b66-bab4-00c545b886d4,old-exam-01,SINGLE_CHOICE,DRAFT,,,"A project team that is experienced in the waterfall project management approach has been assigned to their first agile project. To make the transition easier, it has been decided to keep some elements of the waterfall approach in place. During the iteration review, it was realized that a misunderstanding among the development team has led to a duplication of efforts. How might the project manager address this issue?",,,A,,Bring up the topic during the upcoming iteration retrospective,,,TRUE,B,,Do nothing since the team members are transitioning from waterfall to agile,,,FALSE,C,,Fallback to a waterfall project management framework going forward,,,FALSE,D,,Submit a change request to update the communications management plan,,,FALSE,,,,,,,,,,,,,,,,,,,,,,,,,,,,,,,,,,,,,,,,,,,,,,,,,,,,,,,,,,,,,,,,,,,,,,,,,,,,,,,,,,,,,,,,,,,,,,,,
9cd8dc74-f79a-4044-bd9b-8c73094ec079,old-exam-01,SINGLE_CHOICE,DRAFT,,,"Your company has been contracted by a client for a software development project. The project will use agile methods to deliver product increments. For the client, however, this project will be their first experience with agile. You want to make sure that the client gains the full benefit of early and continuous delivery of software. What is your best course of action?",,,A,,Develop a change management plan to address the inevitable changes,,,FALSE,B,,Request the client to take part in product testing to speed up delivery,,,FALSE,C,,Gain alignment with the client on the timing of project deliverables,,,TRUE,D,,Instruct the project team to develop all features in a single release,,,FALSE,,,,,,,,,,,,,,,,,,,,,,,,,,,,,,,,,,,,,,,,,,,,,,,,,,,,,,,,,,,,,,,,,,,,,,,,,,,,,,,,,,,,,,,,,,,,,,,,
250055ca-e12b-4460-8928-fc0867c3f4ce,old-exam-01,SINGLE_CHOICE,DRAFT,,,"It has been decided that the project will be managed using waterfall. However, due to ambiguous requirements, the software will be developed in short iterations using Scrum. After acquiring a team from within the organization, the project manager realizes that the organization lacks technical expertise in several key areas and will require external resources from a vendor. The organization, however, wants to preserve its strategic discretion on the work performed. What is the best contracting technique for the project manager to use to maximize collaboration with the vendor?",,,A,,Team augmentation,,,TRUE,B,,Early cancellation option,,,FALSE,C,,Fixed-price increments,,,FALSE,D,,Not-to-exceed time and materials,,,FALSE,,,,,,,,,,,,,,,,,,,,,,,,,,,,,,,,,,,,,,,,,,,,,,,,,,,,,,,,,,,,,,,,,,,,,,,,,,,,,,,,,,,,,,,,,,,,,,,,
319270b8-7193-4278-9e4f-80814c6649af,old-exam-01,SINGLE_CHOICE,DRAFT,,,"As your project progresses, a team member suggests a minor modification to one of the project deliverables, saying that the modification will improve the overall performance of the final product. You believe that the modification constitutes a minor change to the project scope, schedule, and budget, and should be approved without going to the change control board. What should you do next?",,,A,,"Approve the change request. As the project manager, you should use expert judgment to decide what is best for the project.",,,FALSE,B,,Meet with the change control board members individually and try to persuade them to approve the change request.,,,FALSE,C,,Submit the change request to the change control board and abide by their decision.,,,FALSE,D,,Review the change management plan and follow the established process for processing change requests.,,,TRUE,,,,,,,,,,,,,,,,,,,,,,,,,,,,,,,,,,,,,,,,,,,,,,,,,,,,,,,,,,,,,,,,,,,,,,,,,,,,,,,,,,,,,,,,,,,,,,,,
2894ce93-2b67-4e1d-997a-14943f4b1657,old-exam-01,SINGLE_CHOICE,DRAFT,,,"For the third consecutive time, at the end of each iteration, a software application developed by the team fails during the Control Quality process conducted by the quality assurance (QA) department. This situation causes rework for the product and a delay in the project schedule. The project manager wants to reduce the feedback loop to the shortest possible interval. What is the best course of action for the project manager?",,,A,,Shorten the iteration length,,,FALSE,B,,Reduce the size of the user stories,,,FALSE,C,,Revise the schedule baseline,,,FALSE,D,,Suggest pair programming to the team,,,TRUE,,,,,,,,,,,,,,,,,,,,,,,,,,,,,,,,,,,,,,,,,,,,,,,,,,,,,,,,,,,,,,,,,,,,,,,,,,,,,,,,,,,,,,,,,,,,,,,,
b9f8281c-756a-4763-924c-992c84fa364a,old-exam-01,SINGLE_CHOICE,DRAFT,,,"An agile team member encounters a technical issue while developing one of the user stories she selected for the current sprint. After multiple unsuccessful attempts to resolve the issue, the team member approaches the scrum master for advice. What is the best course of action for the scrum master?",,,A,,Request that the rest of the team members swarm on the user story,,,TRUE,B,,Replace the team member with another more experienced one,,,FALSE,C,,Ask the product owner who wrote the user story to resolve the issue,,,FALSE,D,,Recommend that the team member try other alternative solutions,,,FALSE,,,,,,,,,,,,,,,,,,,,,,,,,,,,,,,,,,,,,,,,,,,,,,,,,,,,,,,,,,,,,,,,,,,,,,,,,,,,,,,,,,,,,,,,,,,,,,,,
2c85eb93-cd1d-4de2-8a03-4031cdea454a,old-exam-01,SINGLE_CHOICE,DRAFT,,,A company is experiencing exponential growth and will soon run out of space in their current production facility. A needs assessment has been completed to evaluate alternatives. One of the options to support future growth is to build an expansion on to their existing production facility. What should the company do next?,,,A,,Collect requirements and develop the project management plan,,,FALSE,B,,Understand the business goals and objectives to recommend proposals,,,FALSE,C,,Prepare the business case and benefits management plan,,,TRUE,D,,Perform the processes within the Initiating Process Group,,,FALSE,,,,,,,,,,,,,,,,,,,,,,,,,,,,,,,,,,,,,,,,,,,,,,,,,,,,,,,,,,,,,,,,,,,,,,,,,,,,,,,,,,,,,,,,,,,,,,,,
0d12c322-3b69-4ce9-8c29-b2d61e035da3,old-exam-01,SINGLE_CHOICE,DRAFT,,,"You are halfway through a project, which has experienced several setbacks due to unanticipated problems. Based on recent feedback, you are concerned that critical support for the project among key stakeholders is eroding. You want to bring the stakeholders together for a meeting to address any concerns and rebuild support for the project. Which of the following meetings would be the most beneficial for the key stakeholders to attend?",,,A,,Customer wrap-up meeting,,,FALSE,B,,Change control meeting,,,FALSE,C,,Celebration meeting,,,FALSE,D,,Iteration retrospective,,,TRUE,,,,,,,,,,,,,,,,,,,,,,,,,,,,,,,,,,,,,,,,,,,,,,,,,,,,,,,,,,,,,,,,,,,,,,,,,,,,,,,,,,,,,,,,,,,,,,,,
d920a603-937b-49e6-85c1-fe7d27cf07a5,old-exam-01,SINGLE_CHOICE,DRAFT,,,"You are leading an off-grid housing construction project. Each of the ten homes in the development will have solar shingles to generate energy and a novel energy storage system. The performing organization is highly experienced with traditional construction methods, but this is their first project to incorporate energy generation and storage. How might you best support continuous improvement efforts throughout the project?",,,A,,Construct the homes sequentially using a predictive model and hold a retrospective after the completion of each home,,,TRUE,B,,Review the lessons learned repository during project planning and apply the knowledge gained during project execution,,,FALSE,C,,Build all of the homes concurrently using a predictive approach and update the lessons learned register continuously,,,FALSE,D,,Utilize an incremental project management approach for the development of the homes and hold a project retrospective,,,FALSE,,,,,,,,,,,,,,,,,,,,,,,,,,,,,,,,,,,,,,,,,,,,,,,,,,,,,,,,,,,,,,,,,,,,,,,,,,,,,,,,,,,,,,,,,,,,,,,,
a6db473e-3e34-4949-8d16-07471b2610c0,old-exam-01,SINGLE_CHOICE,DRAFT,,,"An agile coach has been nurturing and growing team members through and beyond their current roles. This helped several team members to develop their personal and professional skills to the level where they felt that they outgrew their roles. Eventually, some of them left the team to pursue new opportunities within the organization and outside of it. Was the agile coach right in her approach?",,,A,,"No, agile leaders must ensure the team members never leave their teams",,,FALSE,B,,"Yes, agile leaders should develop team members even if that means losing them",,,TRUE,C,,"No, agile leaders may develop team members but not beyond their current roles",,,FALSE,D,,"Yes, agile leaders have to make sure team members eventually leave the team",,,FALSE,,,,,,,,,,,,,,,,,,,,,,,,,,,,,,,,,,,,,,,,,,,,,,,,,,,,,,,,,,,,,,,,,,,,,,,,,,,,,,,,,,,,,,,,,,,,,,,,
b3a12ac0-88ed-4cd4-bf8f-7f566104da7c,old-exam-01,SINGLE_CHOICE,DRAFT,,,"To engage the newly identified stakeholders in the project at the earliest opportunity, the scrum master suggests inviting them to the upcoming sprint review meeting to demonstrate to the stakeholders that the team is moving in the right direction and get feedback from the stakeholders about what the team has accomplished. Which of the following is another reason for inviting the stakeholders to this meeting?",,,A,,To reflect on the team performance,,,FALSE,B,,To prioritize high-risk user stories for the next sprint,,,FALSE,C,,To reprioritize the release backlog,,,FALSE,D,,To discuss the high-level plans for the next sprint,,,TRUE,,,,,,,,,,,,,,,,,,,,,,,,,,,,,,,,,,,,,,,,,,,,,,,,,,,,,,,,,,,,,,,,,,,,,,,,,,,,,,,,,,,,,,,,,,,,,,,,
f282bfee-48b8-43fd-9da0-5561815b413a,old-exam-01,SINGLE_CHOICE,DRAFT,,,"During an initial project planning meeting, the project team decides to save a portion of cost estimates in the work package to offset the potential risk of advances in technology, which would make their current equipment obsolete. What is the best course of action for the project manager?",,,A,,Create a management reserve,,,FALSE,B,,Submit a change request,,,FALSE,C,,Create a contingency reserve,,,TRUE,D,,Do nothing as the risk has not yet realized,,,FALSE,,,,,,,,,,,,,,,,,,,,,,,,,,,,,,,,,,,,,,,,,,,,,,,,,,,,,,,,,,,,,,,,,,,,,,,,,,,,,,,,,,,,,,,,,,,,,,,,
8dc372dc-f5bd-4129-8476-1b0ed4410e19,old-exam-01,SINGLE_CHOICE,DRAFT,,,"At the daily scrum meeting, a team member brings up a problem accessing a database that impedes his progress. Another team member offers a possible solution, which triggers a conversation between the two. After a few minutes, the scrum master cuts off their conversation, reminding them that the daily scrum is not the appropriate venue for their discussion. What should the scrum master do next?",,,A,,Submit a change request to the database team so that the problem gets resolved and impediment removed,,,FALSE,B,,Request that the team members swarm on the database problem and resolve it as soon as possible,,,FALSE,C,,Suggest the two team members place the issue in the parking lot and discuss it once the meeting is over,,,TRUE,D,,Allow the conversation between the two team members to continue until the issue is resolved,,,FALSE,,,,,,,,,,,,,,,,,,,,,,,,,,,,,,,,,,,,,,,,,,,,,,,,,,,,,,,,,,,,,,,,,,,,,,,,,,,,,,,,,,,,,,,,,,,,,,,,
dd0dd8ed-a915-4e55-9e8f-497df228a287,old-exam-01,SINGLE_CHOICE,DRAFT,,,Four vendors have responded to a bid request on your project. Which of the following vendors should you select based on the expected monetary value (EMV)?,,,A,,"Vendor 1 with an 80% probability of success and profit of $20,000",,,FALSE,B,,"Vendor 2 with a 90% probability of success and profit of $19,000",,,TRUE,C,,"Vendor 3 with a 75% probability of success and profit of $18,000",,,FALSE,D,,"Vendor 4 with an 85% probability of success and profit of $20,000",,,FALSE,,,,,,,,,,,,,,,,,,,,,,,,,,,,,,,,,,,,,,,,,,,,,,,,,,,,,,,,,,,,,,,,,,,,,,,,,,,,,,,,,,,,,,,,,,,,,,,,
573fd5b7-714f-4025-a053-81acad75d823,old-exam-01,SINGLE_CHOICE,DRAFT,,,"You have been assigned to lead a drug development project for a small pharmaceutical company. The drug development aspect of the project is characterized by a high degree of uncertainty, complexity, and risk. The governmental approval process, on the other hand, is highly structured and well defined. What project management approach would you recommend for this project?",,,A,,"Agile for the drug development phase, and predictive for the governmental approval process",,,TRUE,B,,"Predictive for the drug development phase, and agile for the governmental approval process",,,FALSE,C,,Kanban to maximize WIP for compliance activities related to the governmental approval process,,,FALSE,D,,Crystal clear for both the drug development phase and the governmental approval process,,,FALSE,,,,,,,,,,,,,,,,,,,,,,,,,,,,,,,,,,,,,,,,,,,,,,,,,,,,,,,,,,,,,,,,,,,,,,,,,,,,,,,,,,,,,,,,,,,,,,,,
162abc8d-ccde-4a5b-bcb3-37a135cc9799,old-exam-01,SINGLE_CHOICE,DRAFT,,,A project manager has been communicating with 10 stakeholders regularly. Last week 2 more stakeholders were identified and added to the communications management plan. What is the number of potential communication channels?,,,A,,66,,,FALSE,B,,78,,,TRUE,C,,55,,,FALSE,D,,12,,,FALSE,,,,,,,,,,,,,,,,,,,,,,,,,,,,,,,,,,,,,,,,,,,,,,,,,,,,,,,,,,,,,,,,,,,,,,,,,,,,,,,,,,,,,,,,,,,,,,,,
486ea123-b852-40b8-af29-4ba8c0a284e4,old-exam-01,SINGLE_CHOICE,DRAFT,,,Customer requirements for the new application to be developed by an agile team limit the technology choices to only two approaches. The team members are not familiar with any of them and ask the scrum master for advice. Which of the following should the scrum master recommend to select the best approach?,,,A,,A risk-based spike,,,FALSE,B,,Exploratory testing,,,FALSE,C,,An architectural spike,,,TRUE,D,,Prototyping,,,FALSE,,,,,,,,,,,,,,,,,,,,,,,,,,,,,,,,,,,,,,,,,,,,,,,,,,,,,,,,,,,,,,,,,,,,,,,,,,,,,,,,,,,,,,,,,,,,,,,,
82f80736-8e9a-4f94-b152-f2834c9f2e79,old-exam-01,SINGLE_CHOICE,DRAFT,,,A project has short iterative planning and executing cycles where the requirements are progressively elaborated. The key stakeholders are continuously involved and provide frequent feedback allowing the team to respond to changes more quickly. What is the best way for the project manager to manage quality in this type of project environment?,,,A,,By conducting periodic quality audits,,,FALSE,B,,By using the Validate Scope process,,,FALSE,C,,By scheduling regular retrospectives,,,TRUE,D,,By using the quality control matrix,,,FALSE,,,,,,,,,,,,,,,,,,,,,,,,,,,,,,,,,,,,,,,,,,,,,,,,,,,,,,,,,,,,,,,,,,,,,,,,,,,,,,,,,,,,,,,,,,,,,,,,
189fbfc4-29f0-40a9-be2f-64b4a8cf9efb,old-exam-01,SINGLE_CHOICE,DRAFT,,,A project manager is developing the communications management plan. She has determined which stakeholders need what information and how often she will distribute the various reports. What else should the project manager do as part of this process?,,,A,,Determine the information needs of the stakeholders,,,FALSE,B,,Determine how the information will be transmitted,,,TRUE,C,,Measure the effectiveness of the communications,,,FALSE,D,,Submit a change request to update the communications management plan,,,FALSE,,,,,,,,,,,,,,,,,,,,,,,,,,,,,,,,,,,,,,,,,,,,,,,,,,,,,,,,,,,,,,,,,,,,,,,,,,,,,,,,,,,,,,,,,,,,,,,,
1abb617b-fac8-43fe-984e-63dc5e4dd5d2,old-exam-01,SINGLE_CHOICE,DRAFT,,,A member of an agile project team gathered data about the project and discovered an opportunity for improvement. The team member thinks that a change to the process used by the team to develop the product of the project would improve team performance. The team member approaches the scrum master for advice on the best way to implement the change. What advice can the scrum master give to the team member?,,,A,,"Make the change, see what happens, then report the results during the upcoming retrospective meeting",,,FALSE,B,,"Submit a change request, wait for the approval of the change control board, and implement the change",,,FALSE,C,,Send an email to the functional manager to report the findings and ask for permission to make the change,,,FALSE,D,,"Inform the team of the opportunity for improvement and, if the team supports it, implement the change",,,TRUE,,,,,,,,,,,,,,,,,,,,,,,,,,,,,,,,,,,,,,,,,,,,,,,,,,,,,,,,,,,,,,,,,,,,,,,,,,,,,,,,,,,,,,,,,,,,,,,,
988a545b-63f6-47fb-9495-01d8a4613b1a,old-exam-01,SINGLE_CHOICE,DRAFT,,,"You are a project manager conducting a meeting with your project team. The goal of the meeting is to improve the overall team environment to enhance project performance. The meeting becomes contentious with team members interrupting each other and being disrespectful to each other's suggestions. You attempt to return civility to the meeting by establishing ground rules for acceptable behavior, but working relationships may already be damaged. What might you have missed that could have prevented this situation?",,,A,,Sharing the team management plan with the project team,,,FALSE,B,,Involving the project team in the creation of a team charter and gaining agreement with the content,,,TRUE,C,,Allowing the team members to work independently and avoid interaction,,,FALSE,D,,Making sure each team member has a copy of the project charter,,,FALSE,,,,,,,,,,,,,,,,,,,,,,,,,,,,,,,,,,,,,,,,,,,,,,,,,,,,,,,,,,,,,,,,,,,,,,,,,,,,,,,,,,,,,,,,,,,,,,,,
b39e8914-f897-4bbf-b50f-1077cb42a1c2,old-exam-01,SINGLE_CHOICE,DRAFT,,,"You are leading a project to replace an aging bridge spanning a river in a heavily populated area. The new bridge would include a pedestrian pathway, that is not a feature of the existing bridge. The bridge is well under construction when residents learn the pathway would allow strangers to enter their neighborhood at all times. The residents demand the elimination of the pathway. What would have been the best course of action to avoid this situation?",,,A,,Identify the pathway as a possible point of contention with stakeholders early in the project,,,TRUE,B,,Nothing could have been done differently because the project was authorized per the project charter,,,FALSE,C,,Engage a public relations company to handle community outreach once local residents voiced their disapproval,,,FALSE,D,,Reroute the pathway entrance during construction to an old railway trail instead of the local street,,,FALSE,,,,,,,,,,,,,,,,,,,,,,,,,,,,,,,,,,,,,,,,,,,,,,,,,,,,,,,,,,,,,,,,,,,,,,,,,,,,,,,,,,,,,,,,,,,,,,,,
8e53df41-21e9-43cd-8f3a-4afef2bd14d7,old-exam-01,SINGLE_CHOICE,DRAFT,,,Your project team functions as a well-organized unit. The team members are interdependent and work through issues smoothly and effectively. What is your best course of action?,,,A,,Provide clear direction on the project objectives and the behavior expected from the team members,,,FALSE,B,,Help the team to get through their struggle by ensuring they listen to each other and understand their differences,,,FALSE,C,,Ensure the team resolves conflicts quickly and continues to work collaboratively and step in only when needed,,,FALSE,D,,Serve as a gateway between the project team and the stakeholders and delegate decision making to the team members,,,TRUE,,,,,,,,,,,,,,,,,,,,,,,,,,,,,,,,,,,,,,,,,,,,,,,,,,,,,,,,,,,,,,,,,,,,,,,,,,,,,,,,,,,,,,,,,,,,,,,,
2fb25b39-71fc-4689-939b-1952f23cc37b,old-exam-01,SINGLE_CHOICE,DRAFT,,,"A project manager is assigned to an agile software development project for a large banking corporation. With the project just getting underway, the project manager has learned about new hacking tactics that present a potential threat to regulatory compliance for the project. What should the project manager do next?",,,A,,Review the risks during the project retrospective,,,FALSE,B,,Analyze the consequences of non-compliance,,,TRUE,C,,Submit a change request to update the risk management plan,,,FALSE,D,,Develop a cumulative flow diagram,,,FALSE,,,,,,,,,,,,,,,,,,,,,,,,,,,,,,,,,,,,,,,,,,,,,,,,,,,,,,,,,,,,,,,,,,,,,,,,,,,,,,,,,,,,,,,,,,,,,,,,
c2909431-5a41-4817-b669-037ecc10aad9,old-exam-01,SINGLE_CHOICE,DRAFT,,,"You are preparing for an upcoming software development project. The project will be initiated and planned using a predictive approach, while the development team will use Kanban. A budget has been established for training, and you need to determine how to allocate those funds. What is your best course of action?",,,A,,Send the development team to a seminar on maximizing WIP,,,FALSE,B,,Provide training to transform T-shaped people into I-shaped people,,,FALSE,C,,Deliver training to convert I-shaped people into T-shaped people,,,TRUE,D,,Train the team on how to best prioritize the features to be developed,,,FALSE,,,,,,,,,,,,,,,,,,,,,,,,,,,,,,,,,,,,,,,,,,,,,,,,,,,,,,,,,,,,,,,,,,,,,,,,,,,,,,,,,,,,,,,,,,,,,,,,
ea89c573-104c-4db8-93d2-fe11ed21558c,old-exam-01,SINGLE_CHOICE,DRAFT,,,"You are leading a software development project, which is utilizing an agile framework. While monitoring the progress of the project, it is apparent that velocity is trending down, and you are aware of some setbacks that have been encountered by the development team. You want to capture and analyze lessons learned so far during the project to improve the process going forward. What is the best way to achieve this goal?",,,A,,Perform a sprint review,,,FALSE,B,,Schedule a sprint planning meeting,,,FALSE,C,,Conduct an iteration retrospective,,,TRUE,D,,Lessons learned are not utilized on agile projects,,,FALSE,,,,,,,,,,,,,,,,,,,,,,,,,,,,,,,,,,,,,,,,,,,,,,,,,,,,,,,,,,,,,,,,,,,,,,,,,,,,,,,,,,,,,,,,,,,,,,,,
cd6e0620-a129-44e8-953b-d88fa3637b1e,old-exam-01,SINGLE_CHOICE,DRAFT,,,A senior executive suggests initiating a project to replace a significant portion of the company's labor force with an automated production line. Other company executives are skeptical that this approach is the best way to increase profit margins and wonder if they are ready to sponsor such an effort. What is the first thing that should be done in this scenario?,,,A,,Performing a needs assessment,,,TRUE,B,,Consulting with the project management office,,,FALSE,C,,Appointing a project sponsor to create a project charter,,,FALSE,D,,Providing a project manager with the authority to apply organizational resources,,,FALSE,,,,,,,,,,,,,,,,,,,,,,,,,,,,,,,,,,,,,,,,,,,,,,,,,,,,,,,,,,,,,,,,,,,,,,,,,,,,,,,,,,,,,,,,,,,,,,,,
1ecc87ba-53ec-43ec-a72e-a7f4f796df2b,old-exam-01,SINGLE_CHOICE,DRAFT,,,"The project team reports that they have finished creating the requirements management plan, the requirements documentation, and the requirements traceability matrix. The team informs that they are going to start working on the project work breakdown structure (WBS) next. What has the project team forgotten to do?",,,A,,Create the project scope statement,,,TRUE,B,,Complete the project management plan,,,FALSE,C,,Update the lessons learned register,,,FALSE,D,,Perform the Validate Scope process,,,FALSE,,,,,,,,,,,,,,,,,,,,,,,,,,,,,,,,,,,,,,,,,,,,,,,,,,,,,,,,,,,,,,,,,,,,,,,,,,,,,,,,,,,,,,,,,,,,,,,,
0d542ba7-4f86-48f8-add3-97919683f3f0,old-exam-01,SINGLE_CHOICE,DRAFT,,,"A project manager is drafting a charter for a software development project. In support of this process, the project manager has scheduled a brainstorming meeting to gather relevant information. Which of the following activities is the project manager least likely to conduct?",,,A,,Inviting relevant stakeholders to attend the meeting,,,FALSE,B,,Ensuring that a software engineer joins the meeting,,,FALSE,C,,Arranging for a facilitator to lead the meeting,,,FALSE,D,,Following the communications management plan to determine meeting attendees,,,TRUE,,,,,,,,,,,,,,,,,,,,,,,,,,,,,,,,,,,,,,,,,,,,,,,,,,,,,,,,,,,,,,,,,,,,,,,,,,,,,,,,,,,,,,,,,,,,,,,,
894dd097-c448-4301-96f5-cf3ed5188b83,old-exam-01,SINGLE_CHOICE,DRAFT,,,"After reviewing proposals for a large-scale product development project, vendors X and Y are equally qualified to deliver both the hardware and software. The project manager believes the hardware should be developed with a traditional project management approach, but the software might be better suited to an agile framework. What is the best course of action?",,,A,,"Contract with vendor X for hardware, with vendor Y for software and use the appropriate methodology for each",,,FALSE,B,,Contract with vendor X for both hardware and software and require an agile framework for the entire project,,,FALSE,C,,Contract with vendor Y for both hardware and software and require a waterfall approach for the entire project,,,FALSE,D,,Contract with either vendor X or vendor Y for both hardware and software and utilize a master services agreement,,,TRUE,,,,,,,,,,,,,,,,,,,,,,,,,,,,,,,,,,,,,,,,,,,,,,,,,,,,,,,,,,,,,,,,,,,,,,,,,,,,,,,,,,,,,,,,,,,,,,,,
21c8f428-1169-4bb3-a1c4-bb2f766ac1fd,old-exam-01,SINGLE_CHOICE,DRAFT,,,"You and the project management team have been vigilant about observing different aspects of the project to ensure the project is progressing as planned. Currently, you are using performance data generated during project execution to determine if the status of overall project risk has changed, if the project assumptions are still valid, if contingency reserves for cost or schedule require modification, and if project strategy remains valid. What process are you performing?",,,A,,Plan Risk Responses,,,FALSE,B,,Monitor Risks,,,TRUE,C,,Plan Risk Management,,,FALSE,D,,Identify Risks,,,FALSE,,,,,,,,,,,,,,,,,,,,,,,,,,,,,,,,,,,,,,,,,,,,,,,,,,,,,,,,,,,,,,,,,,,,,,,,,,,,,,,,,,,,,,,,,,,,,,,,
5931d9e7-e565-45f9-8f87-1daa706b550f,old-exam-01,SINGLE_CHOICE,DRAFT,,,"To better use existing knowledge and to create new knowledge for a project, the project manager is looking for ways to identify any knowledge gaps. Which of the following would help the project manager the most to complete this process?",,,A,,Bid documents,,,FALSE,B,,Resource breakdown structure,,,TRUE,C,,Quality metrics,,,FALSE,D,,To-complete performance index,,,FALSE,,,,,,,,,,,,,,,,,,,,,,,,,,,,,,,,,,,,,,,,,,,,,,,,,,,,,,,,,,,,,,,,,,,,,,,,,,,,,,,,,,,,,,,,,,,,,,,,
b664f2e8-d475-4f84-b627-1b52bbca79ac,old-exam-01,SINGLE_CHOICE,DRAFT,,,"A scrum master is conducting a daily standup. Each member of the development team states that their work has been stalled due to various blockers. As a result, the entire development team has been idled, and the schedule baseline is in jeopardy. What should the scrum master do first?",,,A,,Attempt to resolve the problems during the meeting,,,FALSE,B,,Analyze and prioritize the blockers,,,TRUE,C,,Assign the team to work on another project in the meanwhile,,,FALSE,D,,Escalate the issue to the project sponsor,,,FALSE,,,,,,,,,,,,,,,,,,,,,,,,,,,,,,,,,,,,,,,,,,,,,,,,,,,,,,,,,,,,,,,,,,,,,,,,,,,,,,,,,,,,,,,,,,,,,,,,
dca09e13-3380-4edc-aa55-6664223e8e2e,old-exam-01,SINGLE_CHOICE,DRAFT,,,A project manager is facilitating a sprint retrospective meeting where the team members discuss customer dissatisfaction from the product increment they delivered during the sprint. The discussion reveals some issues with the remote team members who were primarily using email to communicate with the rest of the team. What was the most likely cause the product increment did not meet customer expectations?,,,A,,Failure to respond to changes in scope,,,FALSE,B,,Non colocated team members,,,TRUE,C,,Delivering working software in each sprint,,,FALSE,D,,Demotivated team members,,,FALSE,,,,,,,,,,,,,,,,,,,,,,,,,,,,,,,,,,,,,,,,,,,,,,,,,,,,,,,,,,,,,,,,,,,,,,,,,,,,,,,,,,,,,,,,,,,,,,,,
c849fc85-f434-4eff-992a-c0eeb22cc661,old-exam-01,SINGLE_CHOICE,DRAFT,,,You have been provided a list of concerns some stakeholders have with your project. You meet with them to address the concerns in hopes of gaining their support and cooperation. You pay close attention by actively and effectively listening. You focus on each person's input to ensure you are aware of and are taking all perspectives into consideration. You then clearly articulate your point and your position and ask for their support. Which tool or technique best describes the skills you are using?,,,A,,Influencing,,,TRUE,B,,Team performance assessments,,,FALSE,C,,Conflict management,,,FALSE,D,,Emotional intelligence,,,FALSE,,,,,,,,,,,,,,,,,,,,,,,,,,,,,,,,,,,,,,,,,,,,,,,,,,,,,,,,,,,,,,,,,,,,,,,,,,,,,,,,,,,,,,,,,,,,,,,,
46985dc6-b4eb-4d81-9325-7579626230e2,old-exam-01,SINGLE_CHOICE,DRAFT,,,"A scheduling error occurred on a construction project that you are managing. The painting contractors arrived as scheduled, but the drywall was not yet finished. As the project manager, you want to know who was responsible for scheduling the contractors and who should be held accountable. What tool or technique is most helpful in this situation?",,,A,,Project organization charts,,,FALSE,B,,Resource management plan,,,FALSE,C,,Hierarchical charts,,,FALSE,D,,Responsibility assignment matrix,,,TRUE,,,,,,,,,,,,,,,,,,,,,,,,,,,,,,,,,,,,,,,,,,,,,,,,,,,,,,,,,,,,,,,,,,,,,,,,,,,,,,,,,,,,,,,,,,,,,,,,
9866d25b-d464-45e5-9544-b026a87a8ddf,old-exam-01,SINGLE_CHOICE,DRAFT,,,"An agile coach is leading an iteration planning meeting, which is being dominated by a highly respected senior developer. The agile coach is concerned that the senior developer might be exerting too much influence and overcommitting the team. What is the best course of action for the agile coach?",,,A,,Address the situation during the next project retrospective,,,FALSE,B,,Suggest that the team holds a round of fist-of-five voting,,,TRUE,C,,Reduce the story points to avoid over-commitment,,,FALSE,D,,Do not interfere as the iteration plan is determined by the team,,,FALSE,,,,,,,,,,,,,,,,,,,,,,,,,,,,,,,,,,,,,,,,,,,,,,,,,,,,,,,,,,,,,,,,,,,,,,,,,,,,,,,,,,,,,,,,,,,,,,,,
74bfd881-c2c8-440f-8ccf-c5a4a27e202b,old-exam-01,SINGLE_CHOICE,DRAFT,,,A scrum master is working with stakeholders to develop the project vision for inclusion in the project charter and wants to ensure that regulatory compliance measures are incorporated into the project requirements. How might the scrum master analyze the consequences of non-compliance?,,,A,,Facilitate a project post-mortem,,,FALSE,B,,"Play a session of ""remember the future""",,,TRUE,C,,Lead a round of planning poker,,,FALSE,D,,Conduct a t-shirt sizing exercise,,,FALSE,,,,,,,,,,,,,,,,,,,,,,,,,,,,,,,,,,,,,,,,,,,,,,,,,,,,,,,,,,,,,,,,,,,,,,,,,,,,,,,,,,,,,,,,,,,,,,,,
07755001-f245-4cb2-a8dd-c1a3f8485434,old-exam-01,SINGLE_CHOICE,DRAFT,,,"You are acquiring the necessary resources for your project. The organization where you are employed is an international company with locations in several countries. With personnel located around the globe, you will be forming your project team as a virtual team, and the team members will be allowed to work from their home offices. What special considerations do you need to take into account while working with your team?",,,A,,Project expenses,,,FALSE,B,,Communication planning,,,TRUE,C,,Pre-assigned team members,,,FALSE,D,,Team members with disabilities or mobility issues,,,FALSE,,,,,,,,,,,,,,,,,,,,,,,,,,,,,,,,,,,,,,,,,,,,,,,,,,,,,,,,,,,,,,,,,,,,,,,,,,,,,,,,,,,,,,,,,,,,,,,,
2a77b84e-2e8b-40c2-933d-811f9e39d38f,old-exam-01,SINGLE_CHOICE,DRAFT,,,"You have joined a project in which requirements are elaborated at several intervals during delivery, and the delivery is divided into subsets of the overall product. Change is incorporated at periodic intervals, and risk and cost are controlled by progressively elaborating the plans with new information. Key stakeholders are regularly involved. What development approach is used on your project?",,,A,,Agile,,,FALSE,B,,Predictive,,,FALSE,C,,Hybrid,,,TRUE,D,,Periodic,,,FALSE,,,,,,,,,,,,,,,,,,,,,,,,,,,,,,,,,,,,,,,,,,,,,,,,,,,,,,,,,,,,,,,,,,,,,,,,,,,,,,,,,,,,,,,,,,,,,,,,
7d48cc85-c09d-45bd-8350-2220a8251570,old-exam-01,SINGLE_CHOICE,DRAFT,,,"The project team has just completed its fourth sprint. As part of the Control Costs process, you determine that the team's average velocity is 25 points per sprint, and the team has earned 1/3 of the total number of story points required to complete the entire project. The average cost per story point is $575. What is the estimate to complete the remaining work?",,,A,,"$57,500 ",,,FALSE,B,,"$115,000 ",,,TRUE,C,,"$14,375 ",,,FALSE,D,,"$172,500 ",,,FALSE,,,,,,,,,,,,,,,,,,,,,,,,,,,,,,,,,,,,,,,,,,,,,,,,,,,,,,,,,,,,,,,,,,,,,,,,,,,,,,,,,,,,,,,,,,,,,,,,
fbd663bf-53c8-4118-bf27-bbf541c5923d,old-exam-01,MULTIPLE_CHOICE,DRAFT,,,"The latest software released to the customer in the first project phase is full of defects. The customer is angry and demands that the development of the new release, which is planned to be delivered in the second phase, is much more transparent. The customer wants to see the team's results more regularly and without very long development intervals in-between. Which of the following could the project team introduce in the second phase to better comply with the customer's demand? (Choose three)",,,A,,A cadence with regular timeboxes,,,TRUE,B,,Regular and frequent retrospectives,,,TRUE,C,,Optimization at the level of each individual team member,,,FALSE,D,,Test-driven development practices,,,TRUE,,,,,,,,,,,,,,,,,,,,,,,,,,,,,,,,,,,,,,,,,,,,,,,,,,,,,,,,,,,,,,,,,,,,,,,,,,,,,,,,,,,,,,,,,,,,,,,,
5cc487d0-4d0f-4c2f-88a2-f8a118afa294,old-exam-01,SINGLE_CHOICE,DRAFT,,,"You are leading a meeting with the project sponsor and key stakeholders to review the recently completed project management plan. The goal of the meeting is to establish a common understanding of the plan, answer any questions or concerns, and gain formal approval of the project management plan. Which of the following interpersonal and team skills is the least beneficial to the project manager to use to achieve the meeting's goal?",,,A,,Conflict management,,,FALSE,B,,Facilitation,,,FALSE,C,,Meeting management,,,FALSE,D,,Team building,,,TRUE,,,,,,,,,,,,,,,,,,,,,,,,,,,,,,,,,,,,,,,,,,,,,,,,,,,,,,,,,,,,,,,,,,,,,,,,,,,,,,,,,,,,,,,,,,,,,,,,
82c5771e-cc55-4a3e-93ea-b8fb4edbeec7,old-exam-01,SINGLE_CHOICE,DRAFT,,,"Midway into an iteration, an agile team faces a minor technical issue. One of the team members recalls that the agile coach is an expert in the field from her past experience as a senior developer. The team requests that the coach help resolve the issue. What should the agile coach do first?",,,A,,Let the team resolve the issue,,,TRUE,B,,Help the team resolve the issue,,,FALSE,C,,Resolve the issue for the team,,,FALSE,D,,Consult with the product owner,,,FALSE,,,,,,,,,,,,,,,,,,,,,,,,,,,,,,,,,,,,,,,,,,,,,,,,,,,,,,,,,,,,,,,,,,,,,,,,,,,,,,,,,,,,,,,,,,,,,,,,
09ec2e3b-b95c-415f-8bf1-6e02fe41f509,old-exam-01,SINGLE_CHOICE,DRAFT,,,"A project manager is executing the quality management plan of a project to develop a prototype medical device. Given the nature of the project, the quality standards are very stringent. With no known cause, it becomes apparent that the product quality does not meet project requirements. What is the best course of action for the project manager to take in this situation?",,,A,,Direct the project team to improve the quality of their work,,,FALSE,B,,Ask the project sponsor what to do,,,FALSE,C,,Create an affinity diagram,,,FALSE,D,,Develop an Ishikawa diagram,,,TRUE,,,,,,,,,,,,,,,,,,,,,,,,,,,,,,,,,,,,,,,,,,,,,,,,,,,,,,,,,,,,,,,,,,,,,,,,,,,,,,,,,,,,,,,,,,,,,,,,
cc4925e4-b1d6-485b-947e-8646561689bd,old-exam-01,SINGLE_CHOICE,DRAFT,,,"Two project team members are having a disagreement over how to approach a minor technical detail. The project manager has little experience working with them, and her technical knowledge is limited. What is the best action for the project manager to take?",,,A,,Abide by the decision of the most senior team member,,,FALSE,B,,Avoid being involved in the discussion and decision making,,,TRUE,C,,Stop the discussion and direct the team members to get back to work,,,FALSE,D,,Request the human resource department's representative to step in,,,FALSE,,,,,,,,,,,,,,,,,,,,,,,,,,,,,,,,,,,,,,,,,,,,,,,,,,,,,,,,,,,,,,,,,,,,,,,,,,,,,,,,,,,,,,,,,,,,,,,,
3eecc716-1c67-4b48-97ea-0422a38ffcb4,old-exam-01,SINGLE_CHOICE,DRAFT,,,"Up until now, your project team has allowed the use of flextime where project team members may take time off during regular business hours and make up the time during the evening hours or weekends. Recently, excessive use of flextime has become a roadblock as some team members are not available when needed. The team feels they should set a standard that flextime is only to be used for personal emergencies. How should you handle this situation?",,,A,,Contact the human resources department to update the corporate policies to prohibit flextime,,,FALSE,B,,Submit a change request to update the team charter based on the team's inputs,,,FALSE,C,,Discuss the issue with the team and update the team charter accordingly,,,TRUE,D,,Do nothing as the team has already agreed to use flextime for personal emergencies only,,,FALSE,,,,,,,,,,,,,,,,,,,,,,,,,,,,,,,,,,,,,,,,,,,,,,,,,,,,,,,,,,,,,,,,,,,,,,,,,,,,,,,,,,,,,,,,,,,,,,,,
371200e1-7ad0-480e-9ee9-83cb7878ef95,old-exam-01,SINGLE_CHOICE,DRAFT,,,"You have been assigned to manage an agile project to develop various analytical tools for your company's executive team. Everyone involved in the project is new to agile methodologies. After the first few tools are released, the executives are frustrated that the tools they needed the most are still in the pipeline for future development. What might you have done differently to avoid this issue?",,,A,,Provided the product owner with the training on how to prioritize the product backlog,,,TRUE,B,,Trained the development team on pair-programming and code refactoring,,,FALSE,C,,Explained that agile focuses on developing the highest-risk features last to avoid early failure,,,FALSE,D,,Colocated the development team to take advantage of osmotic communication,,,FALSE,,,,,,,,,,,,,,,,,,,,,,,,,,,,,,,,,,,,,,,,,,,,,,,,,,,,,,,,,,,,,,,,,,,,,,,,,,,,,,,,,,,,,,,,,,,,,,,,
3d2d46cd-4da0-41ef-99c1-b942fe2a4366,old-exam-01,SINGLE_CHOICE,DRAFT,,,"An agile team is trying to determine the ideal iteration length. The team members are having a long and intense argument about it, but no one is willing to compromise. The scrum master is called in to help resolve the conflict. What is the best course of action for a scrum master?",,,A,,Avoid being involved in the process and let the team work out toward a consensus,,,FALSE,B,,Recommend evaluating the pros and cons of each one of the suggested iteration lengths,,,TRUE,C,,Threaten the team with disciplinary actions if they are unable to come to an agreement,,,FALSE,D,,Break the impasse by making the decision for the team before relationships are damaged,,,FALSE,,,,,,,,,,,,,,,,,,,,,,,,,,,,,,,,,,,,,,,,,,,,,,,,,,,,,,,,,,,,,,,,,,,,,,,,,,,,,,,,,,,,,,,,,,,,,,,,
d6348bad-abeb-4022-a9d8-b79269a63fba,old-exam-01,SINGLE_CHOICE,DRAFT,,,A project has to procure goods and services from a seller. Some aspects of the procurement are well-defined up-front while others will be known only after initial deliverables are validated and accepted. What contracting technique would work best for this procurement?,,,A,,Multi-tiered structure,,,TRUE,B,,Cost plus award fee,,,FALSE,C,,Procurement audit,,,FALSE,D,,Request for quotation,,,FALSE,,,,,,,,,,,,,,,,,,,,,,,,,,,,,,,,,,,,,,,,,,,,,,,,,,,,,,,,,,,,,,,,,,,,,,,,,,,,,,,,,,,,,,,,,,,,,,,,
c1dc4056-eb77-49f2-a6ee-63482e73a95f,old-exam-01,SINGLE_CHOICE,DRAFT,,,"A project team will work in a noisy environment requiring hearing protection. To communicate in this type of environment, your employer has a mandatory proprietary instant messaging mobile phone application that will be installed on the phone of every project team member for the duration of the project. The requirement to install this messaging application is an example of which of the following?",,,A,,Pull communication,,,FALSE,B,,Push communication,,,FALSE,C,,Enterprise environmental factors,,,TRUE,D,,Communication model,,,FALSE,,,,,,,,,,,,,,,,,,,,,,,,,,,,,,,,,,,,,,,,,,,,,,,,,,,,,,,,,,,,,,,,,,,,,,,,,,,,,,,,,,,,,,,,,,,,,,,,
e1980826-cf5d-4b53-a586-8c8270147feb,old-exam-01,SINGLE_CHOICE,DRAFT,,,"Gold plating had been an issue with your current software development project. However, you found that ever since instituting daily stand-up meetings, no more features or functionalities that the customer did not request have been introduced into the project. What is your best course of action to prevent gold plating for the remainder of the current project and on future projects?",,,A,,Bring up the topic during the project retrospective,,,FALSE,B,,Capture the best practice in the lessons learned register,,,TRUE,C,,Gold plating adds customer value and should not be prevented,,,FALSE,D,,Ensure that the scope management plan includes daily stand-up meetings,,,FALSE,,,,,,,,,,,,,,,,,,,,,,,,,,,,,,,,,,,,,,,,,,,,,,,,,,,,,,,,,,,,,,,,,,,,,,,,,,,,,,,,,,,,,,,,,,,,,,,,
6a1c1bf5-bc69-4b14-86d7-24223c275d05,old-exam-01,SINGLE_CHOICE,DRAFT,,,A project manager has taken over a project that has been in execution for a few months. He ran into problems right away. He has had difficulty getting sign off on decisions; he doesn't have the authority to acquire the equipment necessary for the project; the stakeholders and the project team have differing opinions about the objectives and the outcome of the project. What is the most likely source of these problems?,,,A,,Weak leadership skills,,,FALSE,B,,Lack of a project charter,,,TRUE,C,,Lack of a project management plan,,,FALSE,D,,Lack of a procurement management plan,,,FALSE,,,,,,,,,,,,,,,,,,,,,,,,,,,,,,,,,,,,,,,,,,,,,,,,,,,,,,,,,,,,,,,,,,,,,,,,,,,,,,,,,,,,,,,,,,,,,,,,
baddb2b6-7728-45e8-b6ec-20d19d0ef798,old-exam-01,SINGLE_CHOICE,DRAFT,,,You are managing a project that is nearing its end. You have been reviewing the project management plan to ensure that all the project work is completed and that the project has met its objectives. The next thing you need to do before moving on to the next project is to complete the administrative closure of the project. Which of the following activities will not be performed as part of this process?,,,A,,Closing seller contracts,,,TRUE,B,,Handing over the project deliverables to operations,,,FALSE,C,,Transferring the knowledge gained to the lessons learned repository,,,FALSE,D,,Measuring stakeholder satisfaction,,,FALSE,,,,,,,,,,,,,,,,,,,,,,,,,,,,,,,,,,,,,,,,,,,,,,,,,,,,,,,,,,,,,,,,,,,,,,,,,,,,,,,,,,,,,,,,,,,,,,,,
99f5eb87-8952-44ac-b064-060dfed03d55,old-exam-01,SINGLE_CHOICE,DRAFT,,,"A project manager has compiled a list of key deliverables, which include the working software, employee training materials, user manuals, etc. When is the first time that these key deliverables would have been identified?",,,A,,During the Define Scope process,,,FALSE,B,,When processes of the Executing Process Group are performed,,,FALSE,C,,During the Develop Project Charter process,,,TRUE,D,,When processes of the Planning Process Group are performed,,,FALSE,,,,,,,,,,,,,,,,,,,,,,,,,,,,,,,,,,,,,,,,,,,,,,,,,,,,,,,,,,,,,,,,,,,,,,,,,,,,,,,,,,,,,,,,,,,,,,,,
3b645780-88ad-4c33-8207-0e00827cc898,old-exam-01,SINGLE_CHOICE,DRAFT,,,You are drafting a stakeholder engagement plan for a software development project. The product will be built using a scrum framework. You want to ensure that the stakeholders' level of influence on product development is analyzed and categorized. What is your best course of action?,,,A,,Submit a change request to update the stakeholder register,,,FALSE,B,,Wait until the stakeholders attend the first sprint review,,,FALSE,C,,Suggest that the product owner use a power/influence grid,,,TRUE,D,,Conduct the analysis yourself using hierarchical charts,,,FALSE,,,,,,,,,,,,,,,,,,,,,,,,,,,,,,,,,,,,,,,,,,,,,,,,,,,,,,,,,,,,,,,,,,,,,,,,,,,,,,,,,,,,,,,,,,,,,,,,
6f8e29fd-6925-49d3-9514-bd0724e6adeb,old-exam-01,SINGLE_CHOICE,DRAFT,,,"To comply with the customer's contract, the project must use a certified agile practitioner to lead and coach the project team. However, the only certified agile practitioner employed by the company was just assigned to another project. The project manager must now hire an independent contractor to serve as the agile coach, which delays the start of project execution. Which of the following may have helped to avoid the delay in executing the project?",,,A,,Documenting the potential unavailability of the agile coach in the project assumption log,,,FALSE,B,,Using different verbiage in the resource management plan to remove the requirement for an agile coach,,,FALSE,C,,Assigning a different team member from the company to serve as the agile coach,,,FALSE,D,,Securing the internal agile certified practitioner with a pre-assignment when this requirement was first identified.,,,TRUE,,,,,,,,,,,,,,,,,,,,,,,,,,,,,,,,,,,,,,,,,,,,,,,,,,,,,,,,,,,,,,,,,,,,,,,,,,,,,,,,,,,,,,,,,,,,,,,,
e6958415-54de-4ff5-a8fb-d20782221819,old-exam-01,SINGLE_CHOICE,DRAFT,,,"An agile team is tasked with the development of a robot. The project manager wants to ensure that before the actual robot is built, the team receives early feedback on requirements and adapts the design accordingly. Which of the following should the project manager use to achieve that goal?",,,A,,Prototyping,,,TRUE,B,,Design review,,,FALSE,C,,Checklists,,,FALSE,D,,Business case,,,FALSE,,,,,,,,,,,,,,,,,,,,,,,,,,,,,,,,,,,,,,,,,,,,,,,,,,,,,,,,,,,,,,,,,,,,,,,,,,,,,,,,,,,,,,,,,,,,,,,,
551d4985-a867-4998-b82c-c6df0f40dc13,old-exam-01,MATCHING,DRAFT,,,"A software development project is in planning. The planning is done traditionally, but the product will be developed incrementally. The project manager creates a resource breakdown structure to identify staffing needs, work assignments, and training required for the team members. The project manager assigns hierarchical level 1 to individuals in a leading role.

How should the project manager map the resource breakdown structure's entries to the resource breakdown structure's categories?",,,A,,Equipment,,Data Server,,B,,Facilities,,Team space room,,C,,Personnel (level 1),,Product Owner,,D,,Personnel (level 2),,Team members,,E,,Software,,Digital Scrum board,,,,,,,,,,,,,,,,,,,,,,,,,,,,,,,,,,,,,,,,,,,,,,,,,,,,,,,,,,,,,,,,,,,,,,,,,,,,,,,,,,,,,,,,,,,
dbb12a74-91e7-4bb1-8707-065857ce47f2,old-exam-01,MATCHING,DRAFT,,,"After completing an iteration, an agile team is planning to hold an iteration review meeting to demonstrate the new product increment developed during the iteration. To ensure that relevant stakeholders are invited, the team is classifying all project stakeholders according to the type of requirements the stakeholders are likely to be interested in during the demo.

How should the team classify the stakeholders with regard to their requirements?",,,A,,Organizational Requirements,,Project Sponsors,,B,,Functional Requirements,,Project Deliveriables,,C,,Non-functional Requirements,,Data Security Experts,,D,,Technical Requirements,,Project Team Members,,E,,Whole Picture,,Project Manager,,,,,,,,,,,,,,,,,,,,,,,,,,,,,,,,,,,,,,,,,,,,,,,,,,,,,,,,,,,,,,,,,,,,,,,,,,,,,,,,,,,,,,,,,,,
3c5336a9-2464-41ac-b134-de82fb2da3ed,old-exam-01,MATCHING,DRAFT,,,"A project is plagued by various issues, such as a deteriorating team performance, cost and schedule overruns, defective deliverables, etc. The project manager is struggling to monitor and control the work and decides to use some of the data analysis techniques to identify the issues and determine the best course of action.

How can the project manager use the following techniques to identify the various issues impacting this project?",,,A,,Alternatives analysis,,Corrective actions for better performance,,B,,Cost-benefit analysis,,Corrective actions regarding the cost,,C,,Earn value analysis,,Integrated perspective on project performance,,D,,Root cause analysis,,Identify the main reason for problems,,E,,Variance analysis,,Planned and actual performance,,F,,Business analysis,,Monitor and Control project work process,,G,,Trend Analysis,,Forecasted future performance base on past result,,,,,,,,,,,,,,,,,,,,,,,,,,,,,,,,,,,,,,,,,,,,,,,,,,,,,,,,,,,,,,,,,,,,,,,,,,,,,,,
6ca9fb63-4fbc-4fb9-b042-846effa4c3dd,old-exam-01,SINGLE_CHOICE,DRAFT,,,"You and your team are currently developing the stakeholder engagement plan. A project team member has already created the stakeholder engagement assessment matrix.

Which answer choice represents the most important element to be included in the stakeholder engagement plan?",,,A,,A plan to improve Marie Smith's engagement level,,,FALSE,B,,An engagement level improvement plan for Todd Young,,,FALSE,C,,A strategy to address the engagement level of John Snow,,,FALSE,D,,A strategy to improve the engagement level of Tonya Stewart,,,TRUE,,,,,,,,,,,,,,,,,,,,,,,,,,,,,,,,,,,,,,,,,,,,,,,,,,,,,,,,,,,,,,,,,,,,,,,,,,,,,,,,,,,,,,,,,,,,,,,,
15ba6c71-7dd9-43ae-874d-d538a5795521,old-exam-01,SINGLE_CHOICE,DRAFT,,,"Following is an illustration of a project network activity node that includes some information about activity B.
Assuming that work starts on day one (not day zero) and given the information provided, what is the late start of activity B?",,,A,,35,,,FALSE,B,,36,,,FALSE,C,,37,,,TRUE,D,,39,,,FALSE,,,,,,,,,,,,,,,,,,,,,,,,,,,,,,,,,,,,,,,,,,,,,,,,,,,,,,,,,,,,,,,,,,,,,,,,,,,,,,,,,,,,,,,,,,,,,,,,
9331d808-8b98-49a0-bb38-b9af8e7f76ae,old-exam-01,SINGLE_CHOICE,DRAFT,,,"A project manager has developed the following earned value analysis chart for a software development project. Based on the current trend, what action should the project manager take immediately?",,,A,,Submit a change request to increase funding for the project,,,FALSE,B,,Look for options to reduce costs and improve schedule performance to meet project objectives,,,FALSE,C,,No immediate action is required in this case,,,TRUE,D,,Crash the schedule to bring it back into alignment with project objectives,,,FALSE,,,,,,,,,,,,,,,,,,,,,,,,,,,,,,,,,,,,,,,,,,,,,,,,,,,,,,,,,,,,,,,,,,,,,,,,,,,,,,,,,,,,,,,,,,,,,,,,
a44cfe22-9fc6-4f1b-8bb8-370d5cda4585,old-exam-01,SINGLE_CHOICE,DRAFT,,,"A project team is using the Stacey Complexity Model to evaluate the degree of uncertainty in the project and select the appropriate project life cycle. The team maps the technical degree of uncertainty on the horizontal axis and requirements' uncertainty on the vertical axis. The resulting mapping suggests that a predictive life cycle would work best for this project.

Where on the Stacey Complexity Model did the team most likely map the project?",,,A,,A,,,TRUE,B,,B,,,FALSE,C,,C,,,FALSE,D,,D,,,FALSE,,,,,,,,,,,,,,,,,,,,,,,,,,,,,,,,,,,,,,,,,,,,,,,,,,,,,,,,,,,,,,,,,,,,,,,,,,,,,,,,,,,,,,,,,,,,,,,,
a07a0cbf-144a-4004-8efa-527ecf24b1f3,old-exam-01,SINGLE_CHOICE,DRAFT,,,"As you execute the quality management plan for a project to develop a new autopilot feature for a vehicle, you have created the diagram below, which compares the vehicle speed with uncommanded lane departures.

What can be said about this diagram?",,,A,,"Affinity diagram, which shows a weak correlation between the speed and lane departures",,,FALSE,B,,"Scatter diagram, which shows a strong correlation between the speed and lane departures",,,TRUE,C,,"Affinity diagram, which shows a strong correlation between the speed and lane departures",,,FALSE,D,,"Scatter diagram, which shows a weak correlation between the speed and lane departures",,,FALSE,,,,,,,,,,,,,,,,,,,,,,,,,,,,,,,,,,,,,,,,,,,,,,,,,,,,,,,,,,,,,,,,,,,,,,,,,,,,,,,,,,,,,,,,,,,,,,,,
6c86ffb2-5e83-410d-a7c2-c133565568b1,old-exam-01,SINGLE_CHOICE,DRAFT,,,"A conflict between the project manager and the team has been going for a while. The conflict negatively impacts the team's morale and jeopardizes the project's goals. To address the conflict, the project manager maps the desire to satisfy the parties' concerns on the chart below. Based on the map, the project manager decides to find a collaborative solution.

Where did the project manager most likely map the desire to satisfy the team members' concerns vs. the desire to satisfy his/her own concerns?",,,A,,A,,,FALSE,B,,B,,,TRUE,C,,C,,,FALSE,D,,D,,,FALSE,,,,,,,,,,,,,,,,,,,,,,,,,,,,,,,,,,,,,,,,,,,,,,,,,,,,,,,,,,,,,,,,,,,,,,,,,,,,,,,,,,,,,,,,,,,,,,,,
fb560eef-afe9-41d6-955f-dc428c91e1e7,old-exam-01,SINGLE_CHOICE,DRAFT,,,"A project manager is in the process of creating the stakeholder register. He has just completed the stakeholder classifications and needs to update the project roles.
According to the partial stakeholder register below, which individual is most likely to be the project sponsor?",,,A,,John Snow,,,TRUE,B,,Todd Young,,,FALSE,C,,Marie Smith,,,FALSE,D,,Tonya Stewart,,,FALSE,,,,,,,,,,,,,,,,,,,,,,,,,,,,,,,,,,,,,,,,,,,,,,,,,,,,,,,,,,,,,,,,,,,,,,,,,,,,,,,,,,,,,,,,,,,,,,,,
67fc8b35-bf82-4f05-9fb5-52e5b8c68827,old-exam-01,SINGLE_CHOICE,DRAFT,,,"You have been requested to fill in for a project manager who has called in sick. As you get yourself familiar with the project team, you notice that the team members do not collaborate well, and there are a lot of disagreements and conflicts going on. You feel that the overall environment is counterproductive.

Based on your observations, where is the team on the Tuckman ladder?",,,A,,A,,,FALSE,B,,B,,,TRUE,C,,C,,,FALSE,D,,D,,,FALSE,,,,,,,,,,,,,,,,,,,,,,,,,,,,,,,,,,,,,,,,,,,,,,,,,,,,,,,,,,,,,,,,,,,,,,,,,,,,,,,,,,,,,,,,,,,,,,,,
3324571a-5b95-4256-88e0-c555de041d15,old-exam-01,SINGLE_CHOICE,DRAFT,,,"The following Gantt chart displays the current schedule status for a construction project. At this point in the project, the first two activities, Select Site and Negotiate Lease, should have been completed along with 50% of the work associated with the third activity, Perform Civil Works. However, only the first two activities have been completed, and no work has been done on the third activity. The method used to determine the earned value is based on percent complete.

What is the project's current SPI and what does this mean for the project?",,,A,,The project is currently behind schedule with an SPI of 0.5,,,TRUE,B,,The project is currently behind schedule with an SPI of 2.0,,,FALSE,C,,The project is on schedule with an SPI of 1.0 due to the fast-tracking of activities,,,FALSE,D,,"The project is currently behind schedule with an SPI of -$10,000",,,FALSE,,,,,,,,,,,,,,,,,,,,,,,,,,,,,,,,,,,,,,,,,,,,,,,,,,,,,,,,,,,,,,,,,,,,,,,,,,,,,,,,,,,,,,,,,,,,,,,,
c089e2e0-d50a-4239-adb7-579eb2660e5a,old-exam-01,MATCHING,DRAFT,,,"Project stakeholders meet to discuss the threat of a severe staff shortage due to a potential union workers strike that might take place during project execution. With various response strategies on the table, the stakeholders want to make a decision as to how to address the issue should the threat occur.

What response strategy will the stakeholders be using while deciding to implement one of the following decisions?",,,A,,Cancel the project,,The level of overall project risk is significantly negative.,,B,,Automate processes,,Reduce the probability and/or impact of a risk,,C,,Outsource staffing,,Transferring the risk involves shifting ownership of a threat to a third party,,D,,Hire reserve workers,,"When a risk is actively accepted, its existence is acknowledged, but no immediate proactive action is taken",,,,,,,,,,,,,,,,,,,,,,,,,,,,,,,,,,,,,,,,,,,,,,,,,,,,,,,,,,,,,,,,,,,,,,,,,,,,,,,,,,,,,,,,,,,,,,,,,
a6ca20e5-98f8-479d-926f-c063a7171085,old-exam-01,SINGLE_CHOICE,DRAFT,,,A sponsor is worried that the agile project does not progress fast enough since no project status reports are being sent. The sponsor approaches the scrum master with their concerns. The scrum master reassures the sponsor that the project is moving ahead as planned and invites the sponsor to attend a meeting and see the progress with their own eyes. Which of the following meetings did the scrum master most likely invite the sponsor?,,,A,,Sprint planning meeting,,,FALSE,B,,Daily standup meeting,,,FALSE,C,,Sprint review meeting,,,TRUE,D,,Sprint retrospective meeting,,,FALSE,,,,,,,,,,,,,,,,,,,,,,,,,,,,,,,,,,,,,,,,,,,,,,,,,,,,,,,,,,,,,,,,,,,,,,,,,,,,,,,,,,,,,,,,,,,,,,,,
1fd07559-625b-4a18-a0cf-d3a792bbbb0e,old-exam-01,SINGLE_CHOICE,DRAFT,,,"You are managing a construction project with several contractors involved and want to finalize dates for painters to come on site. You do not recall the planned finish date for the drywall installation, which will need to be completed before painting work can begin. Where do you find the dates when the drywall contractor is planned to start and complete their activities?",,,A,,Terms of reference,,,FALSE,B,,Resource breakdown structure,,,FALSE,C,,Project schedule,,,TRUE,D,,Requirements traceability matrix,,,FALSE,,,,,,,,,,,,,,,,,,,,,,,,,,,,,,,,,,,,,,,,,,,,,,,,,,,,,,,,,,,,,,,,,,,,,,,,,,,,,,,,,,,,,,,,,,,,,,,,
61501ed6-fb09-4f7a-b240-90f9fb367887,old-exam-01,SINGLE_CHOICE,DRAFT,,,An organization that is steeped in a predictive project management approach has decided to adopt hybrid methods as a transition strategy to agile project management. A pilot scrum project has been chartered and scrum roles and responsibilities assigned. The project manager wants to ensure the optimal delivery of value to the customer. What should the project manager do next?,,,A,,Assign story points to prioritize the product backlog,,,FALSE,B,,Request that the team use the MoSCoW method,,,FALSE,C,,Schedule scrum training for the product owner,,,TRUE,D,,Decompose the WBS into scrum user stories,,,FALSE,,,,,,,,,,,,,,,,,,,,,,,,,,,,,,,,,,,,,,,,,,,,,,,,,,,,,,,,,,,,,,,,,,,,,,,,,,,,,,,,,,,,,,,,,,,,,,,,
30c95b6f-b102-474b-9211-63473c6ffeaf,old-exam-01,SINGLE_CHOICE,DRAFT,,,"A multi-phase project is moving toward the end of its first phase. The project manager is transitioning the intermediate deliverables to the customer to operate and maintain them. The customer says they are not going to do this now because the project is not yet completed. Of the following, what can be said of this situation?",,,A,,Customers need to maintain all deliverables after they are accepted,,,FALSE,B,,The customer is correct since project teams maintain all deliverables until the project is complete,,,FALSE,C,,The project manager did not set proper expectations with the customer on maintaining deliverables,,,TRUE,D,,"The project manager is right, once a phase closes, all deliverables are maintained by the customer",,,FALSE,,,,,,,,,,,,,,,,,,,,,,,,,,,,,,,,,,,,,,,,,,,,,,,,,,,,,,,,,,,,,,,,,,,,,,,,,,,,,,,,,,,,,,,,,,,,,,,,
a1df2a8b-ef84-44fb-821b-a4fee636cbb7,old-exam-01,SINGLE_CHOICE,DRAFT,,,"For your latest project, you have finalized the project management plan, which has just been reviewed and approved by the project sponsor and other relevant stakeholders. Your next step is to conduct a kick-off meeting to announce the start of project execution. To ensure the best possible outcome for the kick-off meeting, you want to know if there is any relevant information that can be gleaned from past project kick-off meetings. What is your best course of action?",,,A,,Review the lessons learned register,,,FALSE,B,,Meet with participants of past kick-off meetings,,,FALSE,C,,Check the enterprise environmental factors for information from past projects,,,FALSE,D,,Research the organizational process assets,,,TRUE,,,,,,,,,,,,,,,,,,,,,,,,,,,,,,,,,,,,,,,,,,,,,,,,,,,,,,,,,,,,,,,,,,,,,,,,,,,,,,,,,,,,,,,,,,,,,,,,
dfb6212e-f872-458e-a1c0-da57b25a6ee1,old-exam-01,SINGLE_CHOICE,DRAFT,,,Your project team is about to begin the adjourning stage of team development. How can you best support your team during this process?,,,A,,Reward the team with a celebration meeting and ensure that the team members are reassigned,,,TRUE,B,,Conduct a kick-off meeting so the team can learn about the project and their roles and responsibilities,,,FALSE,C,,Provide support as needed so the team can continue to function as a well-organized unit,,,FALSE,D,,Utilize conflict management skills to ensure the environment does not become counterproductive,,,FALSE,,,,,,,,,,,,,,,,,,,,,,,,,,,,,,,,,,,,,,,,,,,,,,,,,,,,,,,,,,,,,,,,,,,,,,,,,,,,,,,,,,,,,,,,,,,,,,,,
57dfc0ff-0077-4a86-9c38-f5769a4d83b4,old-exam-01,SINGLE_CHOICE,DRAFT,,,"To determine the budget for your project, you aggregate cost estimates of the work packages and send the draft budget to the sponsor for review. The sponsor replies with a request to remove training costs for the project team arguing that since the product will be developed by a self-organizing agile team, the team members can self-study the missing knowledge. How should you respond to the sponsor?",,,A,,"Explain that even if the team members may learn the missing skills on their own, the budget will still have to cover the time the team will spend to close the knowledge gap since the team will be less productive during that period",,,TRUE,B,,Agree with the sponsor that self-organizing agile teams have the ability to self-educate themselves on the missing knowledge and remove the amount accounted for the training of the team members from the project budget,,,FALSE,C,,"Request that the sponsor submit a change request to remove the costs of training for the team members and, after the change control board approves the request, update the cost baseline and project budget accordingly",,,FALSE,D,,Facilitate a meeting between the sponsor and the team and suggest that the sponsor uses the fist of five voting technique to determine the level of support of the team to self-educate themselves on the missing knowledge,,,FALSE,,,,,,,,,,,,,,,,,,,,,,,,,,,,,,,,,,,,,,,,,,,,,,,,,,,,,,,,,,,,,,,,,,,,,,,,,,,,,,,,,,,,,,,,,,,,,,,,
c0cfb694-4521-4847-838d-dfc9c3fdf6ee,old-exam-01,SINGLE_CHOICE,DRAFT,,,"As part of the Conduct Procurements process, a project manager negotiates with a potential seller to develop a software application. Unlike previous projects that were based on stable requirements, the current project has volatile requirements subject to change on a weekly basis. Therefore, the seller will be required to develop the application using agile methods. Under these circumstances, in what type of contract would be best for both parties to enter?",,,A,,"Fixed price, fixed scope",,,FALSE,B,,Fixed-price microdeliverables,,,TRUE,C,,Not-to-exceed with fixed-fee,,,FALSE,D,,Fixed price with economic adjustments,,,FALSE,,,,,,,,,,,,,,,,,,,,,,,,,,,,,,,,,,,,,,,,,,,,,,,,,,,,,,,,,,,,,,,,,,,,,,,,,,,,,,,,,,,,,,,,,,,,,,,,
515da69d-c0d9-42a7-a309-af57ce5aa8c5,old-exam-01,SINGLE_CHOICE,DRAFT,,,"Your enterprise software integration project has just begun execution when your organization acquires a new subsidiary and involves them in the project. The new subsidiary recently finished a similar integration project using a compatible tool. Using the tool may accelerate both your project and the new subsidiary's assimilation into the organization. However, the schedule and cost variances to take this opportunity do not quite meet agreed-upon risk thresholds. What should you do?",,,A,,"Do nothing, because the opportunity does not meet your existing stakeholders' risk thresholds as documented in your risk management plan.",,,FALSE,B,,Ask your project sponsor for permission to switch to the tool that has been used by the new subsidiary in their recently completed project.,,,FALSE,C,,Submit a change request to adjust the risk thresholds that consider the new stakeholders' risk appetite and to update the baselines.,,,TRUE,D,,Train your team to use the new tool based on the expert judgment of your new subsidiary's integration project team members.,,,FALSE,,,,,,,,,,,,,,,,,,,,,,,,,,,,,,,,,,,,,,,,,,,,,,,,,,,,,,,,,,,,,,,,,,,,,,,,,,,,,,,,,,,,,,,,,,,,,,,,
e13b6906-072f-4c55-ab5d-125577ec9e27,old-exam-01,SINGLE_CHOICE,DRAFT,,,"A project manager meets with the team to decide on the technology to be used on their upcoming agile project. At the end of the meeting, the project manager obtains consensus from the team on the choice of technology. Which of the following agile practices do the project manager and the team demonstrate in this situation?",,,A,,Cross-functional training,,,FALSE,B,,Self-organization,,,FALSE,C,,Participatory decision making,,,TRUE,D,,Collaboration,,,FALSE,,,,,,,,,,,,,,,,,,,,,,,,,,,,,,,,,,,,,,,,,,,,,,,,,,,,,,,,,,,,,,,,,,,,,,,,,,,,,,,,,,,,,,,,,,,,,,,,
cfc73fe9-7e89-4274-81d9-cba5c8f65271,old-exam-01,SINGLE_CHOICE,DRAFT,,,"An agile project to build a new company website is being implemented using a lean product development approach. The project manager delegates some of the duties to the team lead as well as encourages the team members to make local decisions, including managing their workflow.What is the project manager trying to achieve?",,,A,,Waste elimination,,,FALSE,B,,Fast failure,,,FALSE,C,,Team empowerment,,,TRUE,D,,Workflow visualization,,,FALSE,,,,,,,,,,,,,,,,,,,,,,,,,,,,,,,,,,,,,,,,,,,,,,,,,,,,,,,,,,,,,,,,,,,,,,,,,,,,,,,,,,,,,,,,,,,,,,,,
514f55a0-7b26-4faf-ace9-47c083fc4456,old-exam-01,SINGLE_CHOICE,DRAFT,,,"A project manager is executing the quality management plan of a project to manufacture a new reusable rocket to launch commercial satellites. Due to the extremely high cost of failure, the tolerances for the parts are held to a very exacting standard. The project manager has established a threshold of no more than 3.4 defects per million opportunities (DPMO). What is the best approach to accomplish this goal?",,,A,,Utilize the Three Sigma quality improvement technique,,,FALSE,B,,Use Six Sigma as a quality improvement methodology,,,TRUE,C,,Perform the Plan-do-check-act process,,,FALSE,D,,Design for X (DfX) is the most appropriate tool,,,FALSE,,,,,,,,,,,,,,,,,,,,,,,,,,,,,,,,,,,,,,,,,,,,,,,,,,,,,,,,,,,,,,,,,,,,,,,,,,,,,,,,,,,,,,,,,,,,,,,,
2d3c4b90-5a16-4a0e-a5ba-fa6152b6aebe,old-exam-01,SINGLE_CHOICE,DRAFT,,,A team of efficiency experts hired by your company has concluded that the transportation costs associated with your project are excessive. You have been requested by the sponsor to cut the costs. What is your best course of action?,,,A,,Perform a root cause analysis,,,TRUE,B,,Conduct a cost reduction analysis,,,FALSE,C,,Carry out a trend analysis,,,FALSE,D,,Use a decision tree analysis,,,FALSE,,,,,,,,,,,,,,,,,,,,,,,,,,,,,,,,,,,,,,,,,,,,,,,,,,,,,,,,,,,,,,,,,,,,,,,,,,,,,,,,,,,,,,,,,,,,,,,,
9518fcda-adb6-4b92-9224-4e08227d7769,old-exam-01,SINGLE_CHOICE,DRAFT,,,"A project manager has been assigned to a project that will transform a large organization from a predictive environment to agile methodologies. In its current state, the work in the organization is decomposed into departmental silos, and the employees are best described as specialized contributors. What is the best strategy for this agile transformation?",,,A,,Use hybrid life cycles as a transition strategy from predictive to agile,,,TRUE,B,,Establish a fixed date for all projects to transition from predictive to agile,,,FALSE,C,,Introduce some agile techniques on a large and complex project,,,FALSE,D,,Tailor projects so that the scope is fixed with time and cost being variable,,,FALSE,,,,,,,,,,,,,,,,,,,,,,,,,,,,,,,,,,,,,,,,,,,,,,,,,,,,,,,,,,,,,,,,,,,,,,,,,,,,,,,,,,,,,,,,,,,,,,,,
a04fba79-9fdf-45ff-8e71-007bb266d532,old-exam-01,SINGLE_CHOICE,DRAFT,,,"Your software development project has an approved project management plan that will incorporate an iterative approach as well as constraint-driven delivery to complete the project on time and budget. You have empowered the development team with a high level of decision-making authority, and the team has established a stable velocity that is exceeding expectations. Which of the following decisions is least likely to be delegated to team members?",,,A,,Moving up the release date in response to the accelerated delivery of features,,,TRUE,B,,Adjusting the project schedule with the tasks assigned to the team,,,FALSE,C,,Determining how many features will be developed by the release date,,,FALSE,D,,Deciding the number of story points for inclusion in each iteration,,,FALSE,,,,,,,,,,,,,,,,,,,,,,,,,,,,,,,,,,,,,,,,,,,,,,,,,,,,,,,,,,,,,,,,,,,,,,,,,,,,,,,,,,,,,,,,,,,,,,,,
