external_id,topic_slug,type,status,content_vi,explanation_vi,content_en,explanation_en,media_ids,option_1_label,option_1_content_vi,option_1_content_en,option_1_match_vi,option_1_match_en,option_1_correct,option_2_label,option_2_content_vi,option_2_content_en,option_2_match_vi,option_2_match_en,option_2_correct,option_3_label,option_3_content_vi,option_3_content_en,option_3_match_vi,option_3_match_en,option_3_correct,option_4_label,option_4_content_vi,option_4_content_en,option_4_match_vi,option_4_match_en,option_4_correct,option_5_label,option_5_content_vi,option_5_content_en,option_5_match_vi,option_5_match_en,option_5_correct,option_6_label,option_6_content_vi,option_6_content_en,option_6_match_vi,option_6_match_en,option_6_correct,option_7_label,option_7_content_vi,option_7_content_en,option_7_match_vi,option_7_match_en,option_7_correct,option_8_label,option_8_content_vi,option_8_content_en,option_8_match_vi,option_8_match_en,option_8_correct,option_9_label,option_9_content_vi,option_9_content_en,option_9_match_vi,option_9_match_en,option_9_correct,option_10_label,option_10_content_vi,option_10_content_en,option_10_match_vi,option_10_match_en,option_10_correct,option_11_label,option_11_content_vi,option_11_content_en,option_11_match_vi,option_11_match_en,option_11_correct,option_12_label,option_12_content_vi,option_12_content_en,option_12_match_vi,option_12_match_en,option_12_correct,option_13_label,option_13_content_vi,option_13_content_en,option_13_match_vi,option_13_match_en,option_13_correct,option_14_label,option_14_content_vi,option_14_content_en,option_14_match_vi,option_14_match_en,option_14_correct,option_15_label,option_15_content_vi,option_15_content_en,option_15_match_vi,option_15_match_en,option_15_correct,option_16_label,option_16_content_vi,option_16_content_en,option_16_match_vi,option_16_match_en,option_16_correct,option_17_label,option_17_content_vi,option_17_content_en,option_17_match_vi,option_17_match_en,option_17_correct,option_18_label,option_18_content_vi,option_18_content_en,option_18_match_vi,option_18_match_en,option_18_correct,option_19_label,option_19_content_vi,option_19_content_en,option_19_match_vi,option_19_match_en,option_19_correct,option_20_label,option_20_content_vi,option_20_content_en,option_20_match_vi,option_20_match_en,option_20_correct
22b9635f-5b88-4d10-860b-ec586b910a3f,final-exam-26,SINGLE_CHOICE,DRAFT,,,"A project team forgot to complete a planned task in an iteration. During a daily coordination meeting 3 days later, the team realized the task was not completed. Later that day, the team completed the task. What should the project manager do to avoid this situation in the future?",,,A,,Examine the issue during the retrospective.,,,TRUE,B,,Address the issue in the demo.,,,FALSE,C,,Discuss the issue during the next iteration planning.,,,FALSE,D,,Send an email to the team.,,,FALSE,,,,,,,,,,,,,,,,,,,,,,,,,,,,,,,,,,,,,,,,,,,,,,,,,,,,,,,,,,,,,,,,,,,,,,,,,,,,,,,,,,,,,,,,,,,,,,,,
1844ad61-6948-445d-94a0-0ff949f03f6e,final-exam-26,SINGLE_CHOICE,DRAFT,,,A project management office (PMO) wants to offer constant reporting across dozens of agile projects running concurrently. The PMO wants to use information radiators to share progress status and key lessons learned. How can this be achieved?,,,A,,Create dashboards that display combined feature burnup charts and a summary of retrospectives.,,,TRUE,B,,Place webcams to broadcast all kanban boards and cycle the images sequentially on the information radiator.,,,FALSE,C,,Use fishbowl windows to show all project team kanban boards and charts in real time.,,,FALSE,D,,Set up an internal Wiki page for all agile teams to update in real time and for users to consult on demand.,,,FALSE,,,,,,,,,,,,,,,,,,,,,,,,,,,,,,,,,,,,,,,,,,,,,,,,,,,,,,,,,,,,,,,,,,,,,,,,,,,,,,,,,,,,,,,,,,,,,,,,
b36a06ab-986c-4f8d-aa84-da49591a550d,final-exam-26,SINGLE_CHOICE,DRAFT,,,The last three agile iterations showed a trend of increasingly prolonged test work. Which action should the project manager take to address the root cause of this issue?,,,A,,Discuss this in the next iteration planning meeting.,,,FALSE,B,,Plan an iteration of testing only.,,,FALSE,C,,Practice a paired testing policy.,,,FALSE,D,,Refine the backlog.,,,TRUE,,,,,,,,,,,,,,,,,,,,,,,,,,,,,,,,,,,,,,,,,,,,,,,,,,,,,,,,,,,,,,,,,,,,,,,,,,,,,,,,,,,,,,,,,,,,,,,,
0906f27a-6bbd-4c4f-ab25-1ba4375ff30a,final-exam-26,SINGLE_CHOICE,DRAFT,,,A project team alerted a product owner after three agile iterations showed a trend of increasingly prolonged work. The product owner performed an intensive backlog refinement.Which metric shows the problem was effectively addressed?,,,A,,Increase in value per story,,,FALSE,B,,Speed of impediment resolution,,,FALSE,C,,Stories completed per iteration,,,TRUE,D,,Decrease in backlog item count,,,FALSE,,,,,,,,,,,,,,,,,,,,,,,,,,,,,,,,,,,,,,,,,,,,,,,,,,,,,,,,,,,,,,,,,,,,,,,,,,,,,,,,,,,,,,,,,,,,,,,,
0387dd79-1dd9-4c95-89c6-ef866b8e3110,final-exam-26,MULTIPLE_CHOICE,DRAFT,,,"During execution, updated performance data shows that several sustainability initiatives are delivering long-term benefits but are increasing short-term cost and schedule pressure. Stakeholders are divided between protecting near-term commitments and preserving long-term value outcomes. Which actions should the project manager take? (Select all that apply.)",,,A,,"Reassess initiative priorities using updated value, cost, and sustainability information.",,,TRUE,B,,Reduce or pause sustainability initiatives to protect near-term schedule commitments.,,,FALSE,C,,Communicate trade-offs and value implications to stakeholders to support decisions.,,,TRUE,D,,Continue executing all initiatives as planned to avoid revisiting prior decisions.,,,FALSE,E,,Align delivery decisions with agreed value criteria and governance thresholds.,,,TRUE,,,,,,,,,,,,,,,,,,,,,,,,,,,,,,,,,,,,,,,,,,,,,,,,,,,,,,,,,,,,,,,,,,,,,,,,,,,,,,,,,,,,,,,,,,
1e2af54c-8021-44a9-a6dc-ecabe239861a,final-exam-26,SINGLE_CHOICE,DRAFT,,,"The project manager receives the weekly project status report. The report includes a schedule, budget status, and risk updates. A risk has been identified in the last reporting period, and its impact is described as moderate, with mitigation actions underway. The project is behind schedule due to delayed approval on a key deliverable, but the budget is on track. 

Based on the project status report, what should the project manager focus on in the next week to ensure project success?",,,A,,Monitoring the risk and updating the project schedule to reflect realistic timelines,,,TRUE,B,,Approving additional budget allocation organizationally to resolve the delayed deliverable and prevent further delays,,,FALSE,C,,Notifying all stakeholders about the schedule delay and requesting a formal change in scope to compensate for lost time,,,FALSE,D,,Increasing the frequency of risk reporting and concentrating efforts on budget management,,,FALSE,,,,,,,,,,,,,,,,,,,,,,,,,,,,,,,,,,,,,,,,,,,,,,,,,,,,,,,,,,,,,,,,,,,,,,,,,,,,,,,,,,,,,,,,,,,,,,,,
ae6c3e0b-5637-42a1-a52e-0da89680c7a1,final-exam-26,SINGLE_CHOICE,DRAFT,,,"During a meeting, a project manager learns that a business result needs to be delivered in 12 weeks, although the original schedule stated 16 weeks. The project manager also learns the assigned technical specialist is already working on another project. What should the project manager do first?",,,A,,Notify the project sponsor about the lack of a technical resource.,,,FALSE,B,,Immediately escalate the issue to decision-makers in the organization.,,,FALSE,C,,Raise the issue of not being done in 12 weeks and develop an appropriate response.,,,TRUE,D,,Hire an outside party to meet the need for a technical resource.,,,FALSE,,,,,,,,,,,,,,,,,,,,,,,,,,,,,,,,,,,,,,,,,,,,,,,,,,,,,,,,,,,,,,,,,,,,,,,,,,,,,,,,,,,,,,,,,,,,,,,,
7f120eb1-972d-4a37-aa58-3045f089d9c3,final-exam-26,SINGLE_CHOICE,DRAFT,,,"A project manager is working in a virtual team. During the third iteration of a project to develop a product, the project manager realizes the team dashboard is faulty and not showing updates. Which action should the project manager take next?",,,A,,Send daily team email updates.,,,FALSE,B,,Rank the need to fix the dashboard according to the business value for upcoming iterations.,,,FALSE,C,,Fix the dashboard.,,,TRUE,D,,Document the issue as a new project risk and propose a solution.,,,FALSE,,,,,,,,,,,,,,,,,,,,,,,,,,,,,,,,,,,,,,,,,,,,,,,,,,,,,,,,,,,,,,,,,,,,,,,,,,,,,,,,,,,,,,,,,,,,,,,,
b2b44105-c7c2-4426-b303-1a5aac11cf60,final-exam-26,SINGLE_CHOICE,DRAFT,,,"During an iteration, a project team working in country B encounters problems that may cause a delay in the completion of task B. Teams in country A need task B to be completed on time to meet their schedules. These teams work together virtually. What should the project manager do to resolve this problem?",,,A,,Ask the team in country B to work harder to complete on time to avoid delaying the work of other teams.,,,FALSE,B,,Ask the teams to collaborate virtually to find a solution to avert the potential delay.,,,TRUE,C,,Increase the iteration length and add additional resources to the project team so they can meet the appropriate deadlines.,,,FALSE,D,,Ask team members to perform to the best of their abilities during the iteration and engage in a retrospective after completion of the iteration.,,,FALSE,,,,,,,,,,,,,,,,,,,,,,,,,,,,,,,,,,,,,,,,,,,,,,,,,,,,,,,,,,,,,,,,,,,,,,,,,,,,,,,,,,,,,,,,,,,,,,,,
87838f39-a1c1-4e65-be44-21463537599f,final-exam-26,SINGLE_CHOICE,DRAFT,,,"A long-standing key team member in a virtual team has been unmotivated for weeks following the death of a family member. Several project activities are behind schedule, impacting the critical path of the project. How should the project manager handle this situation?",,,A,,Replace the team member.,,,FALSE,B,,Work with the team member to identify a workable solution.,,,TRUE,C,,Escalate this situation as a human resource issue and ask other team members to work overtime.,,,FALSE,D,,"Ask the functional manager for additional support on the project, including adding a new team member.",,,FALSE,,,,,,,,,,,,,,,,,,,,,,,,,,,,,,,,,,,,,,,,,,,,,,,,,,,,,,,,,,,,,,,,,,,,,,,,,,,,,,,,,,,,,,,,,,,,,,,,
dd4aa805-7b4b-415c-925e-f71c480b349c,final-exam-26,SINGLE_CHOICE,DRAFT,,,A project manager is working on multiple projects. One project has new team members and is in its early stages. The other projects are in various states of execution for the following few weeks. How should the project manager develop the new project team over the following few weeks?,,,A,,Help team members create a set of agreed-on rules for working that encourage team cohesion.,,,TRUE,B,,Ask team members to engage in multiple team-building events to normalize the team.,,,FALSE,C,,Keep the team informed by sending short daily project status updates.,,,FALSE,D,,Engage in face-to-face personal conversations with each team member to build relationships.,,,FALSE,,,,,,,,,,,,,,,,,,,,,,,,,,,,,,,,,,,,,,,,,,,,,,,,,,,,,,,,,,,,,,,,,,,,,,,,,,,,,,,,,,,,,,,,,,,,,,,,
dddc1eb6-aec1-4441-9dfa-5cac87cd12ca,final-exam-26,SINGLE_CHOICE,DRAFT,,,"An agile team excels in solving technical problems, but when the product owner requests creative or business-related ideas, the team is silent. Is this a problem?",,,A,,"Yes, specialist teams are prone to higher error rates.",,,FALSE,B,,"No, specialist teams are more effective than generalists.",,,FALSE,C,,"Yes, lack of diversity will limit the team's adaptability.",,,TRUE,D,,"No, the team performs better without distractions.",,,FALSE,,,,,,,,,,,,,,,,,,,,,,,,,,,,,,,,,,,,,,,,,,,,,,,,,,,,,,,,,,,,,,,,,,,,,,,,,,,,,,,,,,,,,,,,,,,,,,,,
38f92fdc-c3a4-43df-b1c9-521eb69d4b60,final-exam-26,MATCHING,DRAFT,,,Match each risk response with its primary purpose.,,,A,,Reduce the probability or impact of a risk,,(1) Mitigate,,B,,Shift risk ownership to a third party,,(2) Transfer,,C,,Take no immediate action beyond monitoring,,(3) Accept,,D,,Eliminate the threat entirely,,(4) Avoid,,,,,,,,,,,,,,,,,,,,,,,,,,,,,,,,,,,,,,,,,,,,,,,,,,,,,,,,,,,,,,,,,,,,,,,,,,,,,,,,,,,,,,,,,,,,,,,,,
aa3fa7b9-28b3-43e2-bb4e-03883b3f5125,final-exam-26,SINGLE_CHOICE,DRAFT,,,"A company has hired an architectural excellence board with a mission to implement companywide programming architectures. The agile team, under the supervision of a project manager, continues to work on new and existing software products. What should the project manager do next?",,,A,,Inform the agile team that resulting changes will be postponed as long as possible.,,,FALSE,B,,"Be patient and wait until the board gives the team explicit instructions, then decide.",,,FALSE,C,,Speak with the product owner and development team about how this change affects the backlog.,,,TRUE,D,,Negotiate with the board to protect the team from disruption while making the team aware of organizational changes.,,,FALSE,,,,,,,,,,,,,,,,,,,,,,,,,,,,,,,,,,,,,,,,,,,,,,,,,,,,,,,,,,,,,,,,,,,,,,,,,,,,,,,,,,,,,,,,,,,,,,,,
63715e87-a45c-423b-a6c8-325caa38ba27,final-exam-26,SINGLE_CHOICE,DRAFT,,,"A project manager observes that team members are feeling down after demos. Feedback from stakeholders is a constant concern for the team. As a result, the team rushes through product demos, and the interaction between the team and stakeholders is minimal. What should the project manager do next?",,,A,,"Meet with the stakeholders to find the root cause of their feedback, then work with them to rectify the problems.",,,FALSE,B,,Verify that project requirements are suitable and team members can do the work.,,,FALSE,C,,Coach the team to be more confident in their work and communicate more effectively with the stakeholders.,,,TRUE,D,,Consult the stakeholder engagement assessment matrix.,,,FALSE,,,,,,,,,,,,,,,,,,,,,,,,,,,,,,,,,,,,,,,,,,,,,,,,,,,,,,,,,,,,,,,,,,,,,,,,,,,,,,,,,,,,,,,,,,,,,,,,
060c05a3-1cf3-44dd-96bc-6862b1b38e95,final-exam-26,SINGLE_CHOICE,DRAFT,,,"A project team is working with an overseas contractor based in a country with three official languages. Every contractor on the team is multilingual, but the project team speaks only one of those languages. Team meetings continue to be held in the commonly shared language, but during project work meetings contractors speak with one another in a different language. When the project manager raises this issue in the following team meeting, the contractors express regret but explain they work better when they can communicate freely with one another. What should the project manager do next?",,,A,,"Require everyone to speak the same language all of the time, even though this will slow the pace of work.",,,FALSE,B,,Escalate this as an issue to the human resources department.,,,FALSE,C,,Obtain formal training or translation services.,,,FALSE,D,,Let the team discuss language requirements and make ground rules for team communication.,,,TRUE,,,,,,,,,,,,,,,,,,,,,,,,,,,,,,,,,,,,,,,,,,,,,,,,,,,,,,,,,,,,,,,,,,,,,,,,,,,,,,,,,,,,,,,,,,,,,,,,
02dc621e-8f05-4a9d-a5cf-a74aca0b5ecd,final-exam-26,SINGLE_CHOICE,DRAFT,,,"A team decides a hybrid approach using an iterative development approach fits the needs of the next phase in their project. Unfortunately, some team members do not have experience with iterative development. How should the project manager prepare this team for the next phase?",,,A,,Transition some of these team members to other teams and replace them with agile-trained team members.,,,FALSE,B,,Help ensure the project's contingency reserve can cover training for all team members.,,,FALSE,C,,"Create virtual training sessions for key team members, covering the main agile topics.",,,FALSE,D,,Identify and implement training in iterative development for the team members.,,,TRUE,,,,,,,,,,,,,,,,,,,,,,,,,,,,,,,,,,,,,,,,,,,,,,,,,,,,,,,,,,,,,,,,,,,,,,,,,,,,,,,,,,,,,,,,,,,,,,,,
aa10ea05-b50f-4ae2-ab63-6d9fe0fa8ebb,final-exam-26,SINGLE_CHOICE,DRAFT,,,"A project team has been efficiently delivering results on a product upgrade. The upgrade must be released in 3 months or a competitor’s new product will make theirs obsolete. Citing this reason, the product owner suddenly requests a feature revision; however, no one on the project team can do the work. The project sponsor is willing to extend the budget but cannot extend the schedule. What should the project manager do next?",,,A,,Meet the new demand by adding new team members.,,,TRUE,B,,Recommend suspending the project until a firm decision can be made.,,,FALSE,C,,Discuss options with the project owner and choose the best one.,,,FALSE,D,,Challenge the request and initiate customer research to determine if the new feature is desirable.,,,FALSE,,,,,,,,,,,,,,,,,,,,,,,,,,,,,,,,,,,,,,,,,,,,,,,,,,,,,,,,,,,,,,,,,,,,,,,,,,,,,,,,,,,,,,,,,,,,,,,,
9935be13-d80f-435a-be59-ea226b022b4d,final-exam-26,SINGLE_CHOICE,DRAFT,,,"A project team has decided to adopt some agile practices during the final phase in a project. As the team discusses the phase, some team members disclose they have never worked with agile practices. What should the project manager do next?",,,A,,File a change request that addresses the agile training that team members lack.,,,FALSE,B,,"Escalate this as an issue to the project sponsor, as it is a companywide issue and a blocker for this project.",,,FALSE,C,,Ask the team members who have worked with agile to mentor the others.,,,FALSE,D,,Identify and provide agile training for team members.,,,TRUE,,,,,,,,,,,,,,,,,,,,,,,,,,,,,,,,,,,,,,,,,,,,,,,,,,,,,,,,,,,,,,,,,,,,,,,,,,,,,,,,,,,,,,,,,,,,,,,,
5f3e0da6-3580-4f79-939c-d9a03609e3fb,final-exam-26,MULTIPLE_CHOICE,DRAFT,,,A project has the following characteristics: 1) Schedule performance issues occur due to the low expertise levels of project team members. 2) Junior-level team members are not completing tasks in a timely manner. 3) Highly experienced project team members report that their junior colleagues are performing unnecessary tasks. Which two actions can the project manager take to enhance the performance of this project team? (Choose 2),,,A,,Meet with the team lead to discuss the situation and decide if escalation to the project sponsor is necessary.,,,FALSE,B,,Implement a whole-team training program to address efficient working and task completion.,,,FALSE,C,,Work collaboratively with the project team to design training and a checklist for task completion aligned with project goals.,,,TRUE,D,,Focus the junior project team members on the more basic tasks to boost overall team performance.,,,FALSE,E,,Schedule meetings with junior-level and senior-level project team members to determine what is causing project team members to not complete tasks.,,,TRUE,,,,,,,,,,,,,,,,,,,,,,,,,,,,,,,,,,,,,,,,,,,,,,,,,,,,,,,,,,,,,,,,,,,,,,,,,,,,,,,,,,,,,,,,,,
4f9abde5-68c6-49b2-9882-1377c0048f7e,final-exam-26,SINGLE_CHOICE,DRAFT,,,"A project manager provided training for the entire project team on new company processes during the kickoff phase of a project. One year later, project productivity is suffering because team members who were added later in the project do not have the same level of understanding. How should the project manager respond to this challenge?",,,A,,Instruct the newer team members to ask the long-term members for help when they do not understand something.,,,FALSE,B,,Hold an onboarding session with the new team members and ask experienced team members to act as mentors.,,,TRUE,C,,"Add new team members with the relevant experience, reassign the newer team members to other projects, and record turnover issues in the lessons learned register.",,,FALSE,D,,Recognize that this is a natural project progression and revise the schedule to allow for the slight decrease in productivity.,,,FALSE,,,,,,,,,,,,,,,,,,,,,,,,,,,,,,,,,,,,,,,,,,,,,,,,,,,,,,,,,,,,,,,,,,,,,,,,,,,,,,,,,,,,,,,,,,,,,,,,
eb8a9578-1d98-4893-998e-ecea19313cf4,final-exam-26,SINGLE_CHOICE,DRAFT,,,"Following are the characteristics of a technology development project: The project requires a highly skilled team member who is unavailable locally. The project manager has identified a team member who can do the work, but the team member lives in a different country and requires a work visa. The work visa process is taking longer than anticipated. What should the project manager do?",,,A,,Assign overtime work to the existing team.,,,FALSE,B,,Seek another qualified team member.,,,FALSE,C,,Delay the project by an equivalent duration.,,,FALSE,D,,Ask the team member to work remotely.,,,TRUE,,,,,,,,,,,,,,,,,,,,,,,,,,,,,,,,,,,,,,,,,,,,,,,,,,,,,,,,,,,,,,,,,,,,,,,,,,,,,,,,,,,,,,,,,,,,,,,,
c5545fa1-b427-4c5e-8ba8-8829d5ec4a15,final-exam-26,SINGLE_CHOICE,DRAFT,,,A key project team member is asked to move to another project during the middle of a technical project. The team is very concerned because there is no one available with this unique skill set. What should the project manager do first?,,,A,,Discuss the conflict with the project sponsor and formulate a response.,,,FALSE,B,,Use coaching tools and techniques to motivate the project team.,,,FALSE,C,,Replace the key team member with external talent who has the same skills.,,,FALSE,D,,Acknowledge the team's concern and analyze the impact to the project.,,,TRUE,,,,,,,,,,,,,,,,,,,,,,,,,,,,,,,,,,,,,,,,,,,,,,,,,,,,,,,,,,,,,,,,,,,,,,,,,,,,,,,,,,,,,,,,,,,,,,,,
bb63038c-e811-43ae-9086-5fd24f6cfe20,final-exam-26,SINGLE_CHOICE,DRAFT,,,A project manager is working on a small project that is critical for a larger program milestone. A new team member has been assigned to replace a key team member who left the project. A stakeholder claims the new team member has a disruptive approach to work. What should the project manager do?,,,A,,Ask the project team what they think about the new colleague's performance and task delivery.,,,FALSE,B,,Meet with the new team member to understand their approach and how they can align with the project and project team.,,,TRUE,C,,File a request with the project management office manager to obtain another team member.,,,FALSE,D,,Approach the new team member's functional manager to help mitigate any conflict within the project team.,,,FALSE,,,,,,,,,,,,,,,,,,,,,,,,,,,,,,,,,,,,,,,,,,,,,,,,,,,,,,,,,,,,,,,,,,,,,,,,,,,,,,,,,,,,,,,,,,,,,,,,
65b06ba9-b2a3-403d-a325-1a11f9d7dfa8,final-exam-26,SINGLE_CHOICE,DRAFT,,,"On a project team, staff members from various organizational departments rotate in and out, to augment the team. How can the project manager maintain high team performance?",,,A,,Allow nonrotating project team members to assign tasks to the rotating members.,,,FALSE,B,,Implement a training program so rotating team members can share their skills.,,,TRUE,C,,Give the nonrotating project team members higher priority to choose which tasks they work on.,,,FALSE,D,,Require project team members leaving the project to document their knowledge in lessons learned.,,,FALSE,,,,,,,,,,,,,,,,,,,,,,,,,,,,,,,,,,,,,,,,,,,,,,,,,,,,,,,,,,,,,,,,,,,,,,,,,,,,,,,,,,,,,,,,,,,,,,,,
a76d0f8e-6dfb-4dcc-bc08-6293366e8557,final-exam-26,SINGLE_CHOICE,DRAFT,,,"A project manager replaces a retiring project manager on a project team. During initial meetings, the project manager realized the team members disagree about how to address technical decisions. Team members did not respect one another's ideas, and the environment was becoming counterproductive. With the new project manager’s leadership, however, the team has begun to communicate more effectively and develop some processes and procedures for working together. In what phase of development is the project team now?",,,A,,Forming,,,FALSE,B,,Storming,,,FALSE,C,,Norming,,,TRUE,D,,People,,,FALSE,,,,,,,,,,,,,,,,,,,,,,,,,,,,,,,,,,,,,,,,,,,,,,,,,,,,,,,,,,,,,,,,,,,,,,,,,,,,,,,,,,,,,,,,,,,,,,,,
f5fcf27c-24d6-429f-b32f-ad963fcc1c7b,final-exam-26,SINGLE_CHOICE,DRAFT,,,An unresolved conflict between a member of a third-party vendor's team and a member of a project team is causing disruption. What should the project manager do first?,,,A,,Meet with the vendor to discuss the situation.,,,TRUE,B,,Place this item in the issue log.,,,FALSE,C,,Draft and send a contractual letter to the vendor.,,,FALSE,D,,Coach the internal team member.,,,FALSE,,,,,,,,,,,,,,,,,,,,,,,,,,,,,,,,,,,,,,,,,,,,,,,,,,,,,,,,,,,,,,,,,,,,,,,,,,,,,,,,,,,,,,,,,,,,,,,,
20d26399-7470-4bb0-aaa5-b18fd67df56e,final-exam-26,SINGLE_CHOICE,DRAFT,,,"A project team consists of local and virtual team members. To manage scheduling priority conflicts among team members, the project manager schedules a videoconference call to find an agreed-on solution to the conflicts. Which conflict resolution technique does this statement demonstrate?",,,A,,Smooth/accommodate,,,FALSE,B,,Collaborate/problem-solve,,,TRUE,C,,Force/direct,,,FALSE,D,,Compromise/reconcile,,,FALSE,,,,,,,,,,,,,,,,,,,,,,,,,,,,,,,,,,,,,,,,,,,,,,,,,,,,,,,,,,,,,,,,,,,,,,,,,,,,,,,,,,,,,,,,,,,,,,,,
66d9783f-2f79-48c8-8f53-8b2ef75a0171,final-exam-26,SINGLE_CHOICE,DRAFT,,,"During an iteration review, a few key stakeholders do not approve of the implementation of a user story. What should the project manager do first?",,,A,,Invite project team members to a brainstorming session to identify an appropriate response.,,,FALSE,B,,Learn why the stakeholders are concerned.,,,TRUE,C,,Determine the impact of the conflict by listing the pros and cons of the situation.,,,FALSE,D,,Ask the project sponsor to act as a neutral party in negotiation with the dissatisfied stakeholders.,,,FALSE,,,,,,,,,,,,,,,,,,,,,,,,,,,,,,,,,,,,,,,,,,,,,,,,,,,,,,,,,,,,,,,,,,,,,,,,,,,,,,,,,,,,,,,,,,,,,,,,
af4438c2-8255-4c53-9f0c-e397bfefbda9,final-exam-26,SINGLE_CHOICE,DRAFT,,,"At a weekly project status meeting, a key team member expresses concern about the overall approach documented in the project management plan. The project manager is surprised, because the team is in the process of executing an important component of the project and the concern has not been raised before. Which steps should the project manager take?",,,A,,"Update the issue log to document the concerns, then continue with the meeting's scheduled agenda items.",,,FALSE,B,,Recognize that the concern must be discussed and resolved prior to continuing with the meeting's agenda items.,,,FALSE,C,,"Address the team with a generic reminder about meeting etiquette, then ask if the team wants to use the time to discuss the concerns raised during the meeting.",,,FALSE,D,,"Acknowledge the team member's concern immediately, continue with the scheduled agenda, then meet with the team member to understand their concerns.",,,TRUE,,,,,,,,,,,,,,,,,,,,,,,,,,,,,,,,,,,,,,,,,,,,,,,,,,,,,,,,,,,,,,,,,,,,,,,,,,,,,,,,,,,,,,,,,,,,,,,,
9b929556-9d36-4ddb-9059-092848ffb8aa,final-exam-26,MULTIPLE_CHOICE,DRAFT,,,"A research and development executive—who is a project stakeholder—occasionally visits an agile team's work area, and instruct them to work on features he feels are more urgent. The team accepts the instructions and begins work. During iteration reviews, the product owner becomes upset that the team worked on the requested features. Which two actions should the project team take to address the problem? (Choose 2)",,,A,,Escalate the issue to the project sponsor to help ensure the executive no longer interferes with the team.,,,FALSE,B,,Meet with the product owner to make adjustments for working with the stakeholder.,,,FALSE,C,,Stop doing work prioritized by the research and development executive.,,,TRUE,D,,Instruct the executive to communicate directly with the product owner about any inputs.,,,TRUE,E,,Provide the executive with access to add new items to the backlog.,,,FALSE,,,,,,,,,,,,,,,,,,,,,,,,,,,,,,,,,,,,,,,,,,,,,,,,,,,,,,,,,,,,,,,,,,,,,,,,,,,,,,,,,,,,,,,,,,
afc45a39-53b4-4b82-86af-045d3a5c0810,final-exam-26,SINGLE_CHOICE,DRAFT,,,"A hybrid development team changes a design element in a project while the product owner is on vacation. Testing results improve dramatically over the next two iterations. During the third iteration review, the product owner is unhappy to learn about the change to the original design and asks the project team to redo the work based on the original design. How should the project manager get the project back on track?",,,A,,Set out all decision path conditions in the ground rules and correct any deviations as early as possible.,,,FALSE,B,,Request additional funding from the product owner for rework due to lack of collaboration with the team.,,,FALSE,C,,Work with the product owner to prioritize the fix in the next iteration.,,,TRUE,D,,"As servant leader, help the team to focus by removing all impediments.",,,FALSE,,,,,,,,,,,,,,,,,,,,,,,,,,,,,,,,,,,,,,,,,,,,,,,,,,,,,,,,,,,,,,,,,,,,,,,,,,,,,,,,,,,,,,,,,,,,,,,,
3cbfe659-0313-4786-a285-a5b64d5b1d03,final-exam-26,SINGLE_CHOICE,DRAFT,,,Project team members are concerned that a new team member does not seem suitable for an assigned task because their work is introducing errors. The project manager gathers some initial data about the team member's work. What should the project manager do next?,,,A,,Contact senior management to discuss the possibility of reassigning the new team member to a different project.,,,FALSE,B,,Schedule time to chat with the new team member to reassess their skills and understand their challenges.,,,TRUE,C,,Ask the team members to document task-related deficiencies displayed by the new team member.,,,FALSE,D,,Contact the project sponsor to highlight these concerns and decide on an appropriate response.,,,FALSE,,,,,,,,,,,,,,,,,,,,,,,,,,,,,,,,,,,,,,,,,,,,,,,,,,,,,,,,,,,,,,,,,,,,,,,,,,,,,,,,,,,,,,,,,,,,,,,,
a645fa3f-2cfe-4d6a-b58f-6a77f6fec6f1,final-exam-26,SINGLE_CHOICE,DRAFT,,,"A project manager notices a team member is not making progress on a key activity. During a face-to-face meeting, the team member says they feel they are not in the correct role within the project team. What should the project manager do?",,,A,,Reassure the team member about their abilities by reminding them that they were chosen for a reason.,,,FALSE,B,,Ask the team member why they feel they are not in the correct role.,,,TRUE,C,,Enroll the team member in targeted training to acquire the needed skills for their assigned role.,,,FALSE,D,,Reassign the team member to a more appropriate role in another project.,,,FALSE,,,,,,,,,,,,,,,,,,,,,,,,,,,,,,,,,,,,,,,,,,,,,,,,,,,,,,,,,,,,,,,,,,,,,,,,,,,,,,,,,,,,,,,,,,,,,,,,
215e8fc0-84de-41d3-8bfa-76537fd903f3,final-exam-26,SINGLE_CHOICE,DRAFT,,,"During a product review at the end of an iteration, a customer asks the project team to change their technical approach for a product in development. What should the project manager do next?",,,A,,Work with team members to immediately implement the new approach.,,,FALSE,B,,Help ensure they understand why the customer is asking for the change and conduct an optional spike to determine viability.,,,TRUE,C,,"Discuss the pros and cons of the proposed approach with stakeholders, then select the approach that is best for the team and notify team members.",,,FALSE,D,,Allow the team to benchmark the approach to obtain sponsor buy-in.,,,FALSE,,,,,,,,,,,,,,,,,,,,,,,,,,,,,,,,,,,,,,,,,,,,,,,,,,,,,,,,,,,,,,,,,,,,,,,,,,,,,,,,,,,,,,,,,,,,,,,,
27c66459-8289-47a6-ae87-d56b75ad413d,final-exam-26,SINGLE_CHOICE,DRAFT,,,"A project manager outsources project work to overseas contractors so they can work remotely on the user stories. In their first iteration, the overseas team did not understand specific usability requirements because of cultural references in the user stories. Despite this, the team completed five user stories that were previously blocked because the original team could not handle the algorithmic complexity of the work. What should the project manager do next?",,,A,,Engage an interpreter to translate all the requirements.,,,FALSE,B,,Assign all the user stories to local team members.,,,FALSE,C,,Ask the product owner to reprioritize the backlog to match the remote team's skills.,,,TRUE,D,,Find another remote team with better linguistic skills.,,,FALSE,,,,,,,,,,,,,,,,,,,,,,,,,,,,,,,,,,,,,,,,,,,,,,,,,,,,,,,,,,,,,,,,,,,,,,,,,,,,,,,,,,,,,,,,,,,,,,,,
b8b1ed3c-e4ed-4da5-9b4d-3fff58ca257c,final-exam-26,SINGLE_CHOICE,DRAFT,,,A recently formed agile team is exhausted after working 12-hour days to fulfill sprint commitments. Who has not properly performed their duties in this situation?,,,A,,Project manager,,,FALSE,B,,Team members,,,FALSE,C,,Product owner,,,FALSE,D,,Scrum master,,,TRUE,,,,,,,,,,,,,,,,,,,,,,,,,,,,,,,,,,,,,,,,,,,,,,,,,,,,,,,,,,,,,,,,,,,,,,,,,,,,,,,,,,,,,,,,,,,,,,,,
685e88e5-52f1-4701-a01a-e62101344eac,final-exam-26,MULTIPLE_CHOICE,DRAFT,,,"A project manager is preparing a project charter. The project goal is to automate 30% of the company’s product testing. The project sponsor advises the project manager to assign senior test engineers to identify the tests that can be automated. The test department manager, however, is not cooperative because they believe the project will lead to downsizing in their department. Which two actions should the project manager take in this scenario? (Choose 2)",,,A,,Ask the project sponsor to provide a rationale for test automation.,,,TRUE,B,,"Present the test department manager with data-driven, cost-benefit evidence of test automation.",,,FALSE,C,,Raise the risk that the senior testing engineers will not be available for the testing.,,,FALSE,D,,Work with the project sponsor to create a project charter that the test department manager will not perceive as threatening.,,,TRUE,E,,Ask the test department manager to assign someone from their team to assist with the automation.,,,FALSE,,,,,,,,,,,,,,,,,,,,,,,,,,,,,,,,,,,,,,,,,,,,,,,,,,,,,,,,,,,,,,,,,,,,,,,,,,,,,,,,,,,,,,,,,,
b556ac48-15bb-4950-b8e7-c49eac69895d,final-exam-26,SINGLE_CHOICE,DRAFT,,,"A customer is not satisfied with a delivered product because it was not what they expected. The project manager is surprised, because the agile development team delivered several iterations of the product early. What should the project manager do to resolve the situation?",,,A,,Require team sign off for each of the changes to the requirements.,,,FALSE,B,,Allocate more resources for product testing after making changes.,,,FALSE,C,,Explain to the customer the value of demos and the approval process followed for the deliverable.,,,TRUE,D,,Help ensure the development team fully participated in the iteration review by explaining their solutions and answering questions.,,,FALSE,,,,,,,,,,,,,,,,,,,,,,,,,,,,,,,,,,,,,,,,,,,,,,,,,,,,,,,,,,,,,,,,,,,,,,,,,,,,,,,,,,,,,,,,,,,,,,,,
ecdf53dc-6307-425a-b861-75123423c36d,final-exam-26,MULTIPLE_CHOICE,DRAFT,,,"During the planning stage of a project in a matrix organization, a project manager identifies the number and types of team members required to complete the work. Because of an ongoing change management initiative, the functional managers report that planned resources and personnel are not available for the project. The project manager is unsure about the project. Which two steps should the project manager take next? (Choose 2)",,,A,,Collaborate with the customer to renegotiate timelines or budget to enable resource planning.,,,FALSE,B,,Determine the project's most critical priorities and focus on delivering those supported by available team members and resources.,,,FALSE,C,,Investigate options for procuring or otherwise obtaining the required team members and resources.,,,TRUE,D,,Help ensure the impact of the shortage of required resources is fully documented.,,,FALSE,E,,"Reevaluate the project objectives, review the planned activities, and recalculate the team member and resource needs.",,,TRUE,,,,,,,,,,,,,,,,,,,,,,,,,,,,,,,,,,,,,,,,,,,,,,,,,,,,,,,,,,,,,,,,,,,,,,,,,,,,,,,,,,,,,,,,,,
3664138b-81ea-457a-91b0-b7168bc1a695,final-exam-26,SINGLE_CHOICE,DRAFT,,,Project deliverables should be reviewed for quality and pass a series of quality tests that have just been introduced through an updated organizational quality policy. The quality manager is concerned because a high proportion of the deliverables are failing early quality tests. What should the project manager do first to help ensure the project can continue successfully?,,,A,,Generate a cause-and-effect diagram for analysis.,,,TRUE,B,,Determine whether the new process or the product is faulty.,,,FALSE,C,,Conduct an internal audit of the project.,,,FALSE,D,,Request advice from a subject matter expert.,,,FALSE,,,,,,,,,,,,,,,,,,,,,,,,,,,,,,,,,,,,,,,,,,,,,,,,,,,,,,,,,,,,,,,,,,,,,,,,,,,,,,,,,,,,,,,,,,,,,,,,
a617834f-40dd-4103-80d2-9de884cacabf,final-exam-26,MULTIPLE_CHOICE,DRAFT,,,A project sponsor needs to be certain that specific product features will be ready for mass production by a specific date. Which two characteristics of agile development approaches can fulfill the project sponsor’s request? (Choose 2),,,A,,Incremental delivery mitigates the risk of missing the deadline.,,,FALSE,B,,User stories are prioritized for each iteration.,,,TRUE,C,,Incremental development reduces the risk of delays because of quality.,,,TRUE,D,,Impact mapping can be used to group related stories.,,,FALSE,E,,Product mapping can be used to prioritize specific product features.,,,FALSE,,,,,,,,,,,,,,,,,,,,,,,,,,,,,,,,,,,,,,,,,,,,,,,,,,,,,,,,,,,,,,,,,,,,,,,,,,,,,,,,,,,,,,,,,,
e7127bd9-bd07-46cd-ab7e-a3d3fd06054b,final-exam-26,SINGLE_CHOICE,DRAFT,,,A hybrid project team needs to deliver a product with a challenging timeline. The product owner recently learned that key stakeholders are worried that the current release plan will not meet urgent business needs. How should the stakeholder concerns be addressed?,,,A,,The project manager can renegotiate the scope with the project sponsor after examining the backlog.,,,FALSE,B,,The project team can consult with the product owner to identify the minimum viable product (MVP) needed for launch.,,,TRUE,C,,The project team and product owner can collaborate on incremental product development.,,,FALSE,D,,The project team should monitor progress using a burndown chart.,,,FALSE,,,,,,,,,,,,,,,,,,,,,,,,,,,,,,,,,,,,,,,,,,,,,,,,,,,,,,,,,,,,,,,,,,,,,,,,,,,,,,,,,,,,,,,,,,,,,,,,
0c226044-c011-4d17-9ce6-57dd7482eeef,final-exam-26,SINGLE_CHOICE,DRAFT,,,"A stakeholder with a minor role in a project wants to add an untested functionality to a product during the execution stage. The project manager determines that the cost for the addition would be small but the additional functionality, if successful, would increase the opportunity for financial profit.  What should the project manager do first?",,,A,,Reject the request because it is out of scope.,,,FALSE,B,,Submit a change request.,,,FALSE,C,,Evaluate the risk of the requested functionality.,,,TRUE,D,,Propose a tested alternative.,,,FALSE,,,,,,,,,,,,,,,,,,,,,,,,,,,,,,,,,,,,,,,,,,,,,,,,,,,,,,,,,,,,,,,,,,,,,,,,,,,,,,,,,,,,,,,,,,,,,,,,
af93685f-6693-49e5-b92c-0e244960b334,final-exam-26,MULTIPLE_CHOICE,DRAFT,,,"During a daily scrum, team members express frustration with the amount of rework on a project. The performance metrics show the team works at a consistent velocity. Which two actions should the scrum master take? (Choose 2)",,,A,,Resolve the technical debt on the project.,,,FALSE,B,,Ask team members to implement a spike.,,,FALSE,C,,Add a team member to assist with repetitive work.,,,FALSE,D,,Investigate the quality process linked to the acceptance criteria.,,,TRUE,E,,Refine the definition of done (DoD).,,,TRUE,,,,,,,,,,,,,,,,,,,,,,,,,,,,,,,,,,,,,,,,,,,,,,,,,,,,,,,,,,,,,,,,,,,,,,,,,,,,,,,,,,,,,,,,,,
85d184c9-5e00-425a-891a-81c1017fb984,final-exam-26,SINGLE_CHOICE,DRAFT,,,"A travel company wants to create an app for their customers. Competitors are racing to do the same, so the app is the company’s highest priority. The product owner’s vision describes several versions of the app—from most basic to premium options. How should the company proceed?",,,A,,Authorize an agile project to innovate and plan design options.,,,FALSE,B,,Create clear requirements for each potential version of the product and use iterative development.,,,FALSE,C,,Build a business case for the initiative.,,,FALSE,D,,Develop a minimum viable product (MVP) and then build incrementally.,,,TRUE,,,,,,,,,,,,,,,,,,,,,,,,,,,,,,,,,,,,,,,,,,,,,,,,,,,,,,,,,,,,,,,,,,,,,,,,,,,,,,,,,,,,,,,,,,,,,,,,
f46d39ae-246d-4539-a01d-a9a0d92188c5,final-exam-26,SINGLE_CHOICE,DRAFT,,,"An agile team in a small IT company has been asked to design a new product for the company’s portfolio. The team delivers a list of potential product ideas to the portfolio owner, who responds very positively. Leadership likes two of the product ideas. What should the agile team expect to happen next?",,,A,,A program will be initiated for the product offering.,,,FALSE,B,,The business case for the products will be put forward for approval.,,,FALSE,C,,"The portfolio owner, as the project sponsor, will authorize a project.",,,FALSE,D,,A product owner will be assigned to work with the team.,,,TRUE,,,,,,,,,,,,,,,,,,,,,,,,,,,,,,,,,,,,,,,,,,,,,,,,,,,,,,,,,,,,,,,,,,,,,,,,,,,,,,,,,,,,,,,,,,,,,,,,
840d0944-83ba-42fa-a7db-24b612ca347a,final-exam-26,SINGLE_CHOICE,DRAFT,,,"A risk register excerpt shows several identified project risks, with one marked as both “high impact” and “high probability.” The mitigation action suggested is to hire additional resources to speed up the tasks related to this risk. What action should the project manager take in response to this identified risk?",,,A,,Immediately approve the hiring of additional resources strategically to mitigate the risk and minimize the potential impact.,,,FALSE,B,,Update the risk response strategy to include contingency planning for alternative mitigation actions.,,,FALSE,C,,"Request further analysis from the team to determine whether additional resources are necessary, given the project's constraints.",,,TRUE,D,,"Reassign current team members to prioritize the identified risk, while postponing noncritical tasks.",,,FALSE,,,,,,,,,,,,,,,,,,,,,,,,,,,,,,,,,,,,,,,,,,,,,,,,,,,,,,,,,,,,,,,,,,,,,,,,,,,,,,,,,,,,,,,,,,,,,,,,
91124142-e017-4ea9-9cfc-3923798348c3,final-exam-26,SINGLE_CHOICE,DRAFT,,,A marketing director wants to be first to market on a mobile e-commerce app for older adults. The marketing director asks an agile team to develop the app. What should the agile team do next?,,,A,,Work with the product owner and subject matter experts (SMEs) to break the requirements down into user stories.,,,FALSE,B,,"Meet with the product owner, agile team, and SMEs to identify risks and risk responses.",,,FALSE,C,,Ask the team to estimate the effort and build the business case accordingly.,,,FALSE,D,,"Meet with the product owner, agile team, and SMEs to define the minimum viable product (MVP).",,,TRUE,,,,,,,,,,,,,,,,,,,,,,,,,,,,,,,,,,,,,,,,,,,,,,,,,,,,,,,,,,,,,,,,,,,,,,,,,,,,,,,,,,,,,,,,,,,,,,,,
1c513779-6a6c-4603-979b-695a748861ed,final-exam-26,SINGLE_CHOICE,DRAFT,,,A company is losing market share to competitors with new business models. The agile team in the company has been asked to restrict the number of features of a product and release a version onto the market more quickly. What should the project team and product owner do next?,,,A,,Prioritize the product backlog to develop competitive features in increments for the next release.,,,TRUE,B,,Update the product vision to reflect a user-driven release roadmap.,,,FALSE,C,,Reprioritize the product backlog so work is done on the smallest and simplest stories first.,,,FALSE,D,,Reduce the length of future iterations to enable more feedback and faster product releases.,,,FALSE,,,,,,,,,,,,,,,,,,,,,,,,,,,,,,,,,,,,,,,,,,,,,,,,,,,,,,,,,,,,,,,,,,,,,,,,,,,,,,,,,,,,,,,,,,,,,,,,
410b0e73-8d85-42bc-a06e-e3724844578a,final-exam-26,SINGLE_CHOICE,DRAFT,,,A project team in a small company is executing a project. The customer wants to add a few new product features to a project deliverable. Which step should the project manager take first before working on these new product features?,,,A,,Verify requirements.,,,FALSE,B,,Identify the responsible stakeholder in the project management plan.,,,FALSE,C,,Initiate the change management process.,,,TRUE,D,,Request key subject matter expert (SME) approval.,,,FALSE,,,,,,,,,,,,,,,,,,,,,,,,,,,,,,,,,,,,,,,,,,,,,,,,,,,,,,,,,,,,,,,,,,,,,,,,,,,,,,,,,,,,,,,,,,,,,,,,
07f444ee-c3c8-47c6-a913-f2e4b930f034,final-exam-26,SINGLE_CHOICE,DRAFT,,,"A client asks a project manager for an additional, new product feature during a status meeting. Where should the project manager look to determine who has the authority to approve this request?",,,A,,Change log,,,FALSE,B,,Change management plan,,,TRUE,C,,"RACI (responsible, accountable, consulted, informed) matrix",,,FALSE,D,,Project management plan,,,FALSE,,,,,,,,,,,,,,,,,,,,,,,,,,,,,,,,,,,,,,,,,,,,,,,,,,,,,,,,,,,,,,,,,,,,,,,,,,,,,,,,,,,,,,,,,,,,,,,,
0ab6c3ec-07ff-444a-8699-884898b4146f,final-exam-26,SINGLE_CHOICE,DRAFT,,,A project sponsor asks a project manager to change production materials because they could endanger employee health. Which step should the project manager take first?,,,A,,Follow the perform integrated change control process and thoroughly investigate the matter.,,,TRUE,B,,Immediately implement the change and submit a change request for formal documentation.,,,FALSE,C,,End the current work and enact the perform integrated change control process.,,,FALSE,D,,Reject the request because the materials were already approved.,,,FALSE,,,,,,,,,,,,,,,,,,,,,,,,,,,,,,,,,,,,,,,,,,,,,,,,,,,,,,,,,,,,,,,,,,,,,,,,,,,,,,,,,,,,,,,,,,,,,,,,
8309fe99-2036-446b-a3d7-c298e738b533,final-exam-26,SINGLE_CHOICE,DRAFT,,,"A project manager joined a project team in the execution stage of a project. The project has tight deadlines, a global virtual team, and a fixed budget. What should the project manager do so the project team stays focused on delivering a product that meets requirements?",,,A,,Help ensure all scope changes go through the formal change control process.,,,TRUE,B,,Hold daily coordination meetings with all development teams.,,,FALSE,C,,Empower development team leads to generate detailed requirements.,,,FALSE,D,,Limit stakeholder interaction with development team leads.,,,FALSE,,,,,,,,,,,,,,,,,,,,,,,,,,,,,,,,,,,,,,,,,,,,,,,,,,,,,,,,,,,,,,,,,,,,,,,,,,,,,,,,,,,,,,,,,,,,,,,,
1eeb4c26-970c-4eba-ae64-23523da55afc,final-exam-26,SINGLE_CHOICE,DRAFT,,,"The project manager reviews a combined schedule and financial summary for the project. The summary shows that several critical path activities are forecast to slip by 2 weeks due to supplier delays. Cost performance remains within approved limits, but schedule compression options would increase costs and reduce contingency reserves. Sustainability-related activities are embedded within several critical tasks. Based on the information in the schedule and financial summary, what should the project manager do?",,,A,,Analyze compression options by evaluating cost and sustainability before recommending action.,,,TRUE,B,,Approve schedule compression techniques immediately to protect the published delivery date.,,,FALSE,C,,Accept the schedule delay to preserve cost performance and avoid using contingency reserves.,,,FALSE,D,,Rebaseline the schedule to reflect the forecast delay without formal stakeholder alignment.,,,FALSE,,,,,,,,,,,,,,,,,,,,,,,,,,,,,,,,,,,,,,,,,,,,,,,,,,,,,,,,,,,,,,,,,,,,,,,,,,,,,,,,,,,,,,,,,,,,,,,,
4496181a-5216-4cf7-b651-4696ef0cf6f0,final-exam-26,SINGLE_CHOICE,DRAFT,,,"Case Study 1: Enterprise Transformation and Strategic Alignment

A midsized, multinational organization is launching a strategic transformation initiative aimed at improving cross-functional collaboration and accelerating value delivery across its core business units. The initiative is driven by increasing market pressure and inconsistent customer outcomes across regions, which senior leadership believes are limiting the organization’s ability to compete and scale effectively over the long term.

You are assigned as the project manager shortly after the project charter is approved. While executive sponsors agree on the need for transformation, early discussions reveal differing interpretations of what project success means in practice. Some leaders emphasize faster delivery and cost efficiency, while others prioritize customer experience, workforce engagement, and the organization’s ability to sustain improved ways of working beyond the life of the project. These perspectives have not yet been consolidated into a shared understanding of the intended outcomes and value to be delivered.

As the initiative progresses, additional stakeholders become involved, including functional leaders, regional managers, and representatives from operations and support functions. Initial engagement activities take place, but expectations and levels of commitment vary significantly. Some stakeholders actively contribute to defining priorities and success measures, while others remain cautious, expressing concern that the initiative may disrupt existing processes without producing clear, measurable benefits for their areas.

During planning, pressure increases to demonstrate early progress and visible results. Several leaders advocate moving quickly into execution to maintain momentum and stakeholder confidence. At the same time, interdependencies across functions and regions introduce complexity related to governance, sequencing, and coordination. Decisions about the delivery approach and planning practices must balance the desire for speed with the need to maintain alignment to strategic objectives and expected value outcomes.

As execution begins, change requests emerge in response to evolving stakeholder priorities and external influences. While some requests support the original intent of the initiative, others risk shifting focus toward localized optimizations that could dilute overall value and create misalignment across the organization. The project team must determine how changes are assessed, approved, and communicated in a way that preserves strategic alignment, maintains stakeholder trust, and enables informed decision-making.

In the later stages of the initiative, a substantial portion of the planned outcomes has been delivered, and leadership attention starts to move toward new strategic priorities. There is an expectation to formally close the project and transition responsibilities to the organization. However, questions remain about whether the improvements achieved, lessons learned, and enhanced collaboration practices will be embedded into organizational processes and sustained over time, or whether the organization will gradually revert to previous ways of working once the project concludes.

-------

This is a Case Study 1 question. Please review the case study before answering the question. At the beginning of the transformation initiative, senior leaders express differing views on what success looks like, ranging from faster delivery and cost efficiency to improved customer experience and long-term organizational capability. What should the project manager do?",,,A,,Facilitate a structured discussion with key stakeholders to align on the intended outcomes and value as a group.,,,TRUE,B,,Document the executive sponsors' expectations and incorporate them into the project charter for formal approval.,,,FALSE,C,,Communicate the transformation objectives broadly to all stakeholders to ensure early awareness and buy-in.,,,FALSE,D,,Define high-level success metrics based on organizational strategy and circulate them for stakeholder feedback.,,,FALSE,,,,,,,,,,,,,,,,,,,,,,,,,,,,,,,,,,,,,,,,,,,,,,,,,,,,,,,,,,,,,,,,,,,,,,,,,,,,,,,,,,,,,,,,,,,,,,,,
8a72f56d-4f10-4703-8ae8-0aaba4ad4c62,final-exam-26,SINGLE_CHOICE,DRAFT,,,"Case Study 1: Enterprise Transformation and Strategic Alignment

A midsized, multinational organization is launching a strategic transformation initiative aimed at improving cross-functional collaboration and accelerating value delivery across its core business units. The initiative is driven by increasing market pressure and inconsistent customer outcomes across regions, which senior leadership believes are limiting the organization’s ability to compete and scale effectively over the long term.

You are assigned as the project manager shortly after the project charter is approved. While executive sponsors agree on the need for transformation, early discussions reveal differing interpretations of what project success means in practice. Some leaders emphasize faster delivery and cost efficiency, while others prioritize customer experience, workforce engagement, and the organization’s ability to sustain improved ways of working beyond the life of the project. These perspectives have not yet been consolidated into a shared understanding of the intended outcomes and value to be delivered.

As the initiative progresses, additional stakeholders become involved, including functional leaders, regional managers, and representatives from operations and support functions. Initial engagement activities take place, but expectations and levels of commitment vary significantly. Some stakeholders actively contribute to defining priorities and success measures, while others remain cautious, expressing concern that the initiative may disrupt existing processes without producing clear, measurable benefits for their areas.

During planning, pressure increases to demonstrate early progress and visible results. Several leaders advocate moving quickly into execution to maintain momentum and stakeholder confidence. At the same time, interdependencies across functions and regions introduce complexity related to governance, sequencing, and coordination. Decisions about the delivery approach and planning practices must balance the desire for speed with the need to maintain alignment to strategic objectives and expected value outcomes.

As execution begins, change requests emerge in response to evolving stakeholder priorities and external influences. While some requests support the original intent of the initiative, others risk shifting focus toward localized optimizations that could dilute overall value and create misalignment across the organization. The project team must determine how changes are assessed, approved, and communicated in a way that preserves strategic alignment, maintains stakeholder trust, and enables informed decision-making.

In the later stages of the initiative, a substantial portion of the planned outcomes has been delivered, and leadership attention starts to move toward new strategic priorities. There is an expectation to formally close the project and transition responsibilities to the organization. However, questions remain about whether the improvements achieved, lessons learned, and enhanced collaboration practices will be embedded into organizational processes and sustained over time, or whether the organization will gradually revert to previous ways of working once the project concludes.

-------

This is a Case Study 1 question. Please review the case study before answering the question. As additional stakeholders become involved, participation levels and expectations vary, and some stakeholders remain disengaged or skeptical about the initiative’s benefits. What should the project manager do?",,,A,,Increase the frequency of status communications to ensure all stakeholders remain informed.,,,FALSE,B,,Escalate the lack of engagement to executive sponsors to reinforce the importance of participation.,,,FALSE,C,,"Analyze stakeholder needs and influence, then tailor engagement approaches accordingly.",,,TRUE,D,,Focus engagement efforts primarily on stakeholders who are actively contributing to avoid delays.,,,FALSE,,,,,,,,,,,,,,,,,,,,,,,,,,,,,,,,,,,,,,,,,,,,,,,,,,,,,,,,,,,,,,,,,,,,,,,,,,,,,,,,,,,,,,,,,,,,,,,,
659f3630-214c-4b3f-93cf-0edf7194778e,final-exam-26,SINGLE_CHOICE,DRAFT,,,"Case Study 1: Enterprise Transformation and Strategic Alignment

A midsized, multinational organization is launching a strategic transformation initiative aimed at improving cross-functional collaboration and accelerating value delivery across its core business units. The initiative is driven by increasing market pressure and inconsistent customer outcomes across regions, which senior leadership believes are limiting the organization’s ability to compete and scale effectively over the long term.

You are assigned as the project manager shortly after the project charter is approved. While executive sponsors agree on the need for transformation, early discussions reveal differing interpretations of what project success means in practice. Some leaders emphasize faster delivery and cost efficiency, while others prioritize customer experience, workforce engagement, and the organization’s ability to sustain improved ways of working beyond the life of the project. These perspectives have not yet been consolidated into a shared understanding of the intended outcomes and value to be delivered.

As the initiative progresses, additional stakeholders become involved, including functional leaders, regional managers, and representatives from operations and support functions. Initial engagement activities take place, but expectations and levels of commitment vary significantly. Some stakeholders actively contribute to defining priorities and success measures, while others remain cautious, expressing concern that the initiative may disrupt existing processes without producing clear, measurable benefits for their areas.

During planning, pressure increases to demonstrate early progress and visible results. Several leaders advocate moving quickly into execution to maintain momentum and stakeholder confidence. At the same time, interdependencies across functions and regions introduce complexity related to governance, sequencing, and coordination. Decisions about the delivery approach and planning practices must balance the desire for speed with the need to maintain alignment to strategic objectives and expected value outcomes.

As execution begins, change requests emerge in response to evolving stakeholder priorities and external influences. While some requests support the original intent of the initiative, others risk shifting focus toward localized optimizations that could dilute overall value and create misalignment across the organization. The project team must determine how changes are assessed, approved, and communicated in a way that preserves strategic alignment, maintains stakeholder trust, and enables informed decision-making.

In the later stages of the initiative, a substantial portion of the planned outcomes has been delivered, and leadership attention starts to move toward new strategic priorities. There is an expectation to formally close the project and transition responsibilities to the organization. However, questions remain about whether the improvements achieved, lessons learned, and enhanced collaboration practices will be embedded into organizational processes and sustained over time, or whether the organization will gradually revert to previous ways of working once the project concludes.

-------

This is a Case Study 1 question. Please review the case study before answering the question. During planning, senior leaders are pressing for rapid execution to demonstrate visible progress, while dependencies across functions and regions create coordination and governance challenges that could affect alignment and value delivery. What should the project manager do?",,,A,,"Evaluate project complexity and interdependencies, then determine an appropriate delivery approach that supports alignment.",,,TRUE,B,,Select an accelerated delivery approach quickly to respond to leadership pressure and demonstrate early progress internally.,,,FALSE,C,,Complete detailed planning artifacts early in planning to reduce uncertainty before addressing the delivery approach.,,,FALSE,D,,Proceed with execution as planned initially and adjust the delivery approach later as issues emerge to maintain momentum.,,,FALSE,,,,,,,,,,,,,,,,,,,,,,,,,,,,,,,,,,,,,,,,,,,,,,,,,,,,,,,,,,,,,,,,,,,,,,,,,,,,,,,,,,,,,,,,,,,,,,,,
9e1a208a-17c6-4498-885f-e616bbe38ac1,final-exam-26,SINGLE_CHOICE,DRAFT,,,"Case Study 1: Enterprise Transformation and Strategic Alignment

A midsized, multinational organization is launching a strategic transformation initiative aimed at improving cross-functional collaboration and accelerating value delivery across its core business units. The initiative is driven by increasing market pressure and inconsistent customer outcomes across regions, which senior leadership believes are limiting the organization’s ability to compete and scale effectively over the long term.

You are assigned as the project manager shortly after the project charter is approved. While executive sponsors agree on the need for transformation, early discussions reveal differing interpretations of what project success means in practice. Some leaders emphasize faster delivery and cost efficiency, while others prioritize customer experience, workforce engagement, and the organization’s ability to sustain improved ways of working beyond the life of the project. These perspectives have not yet been consolidated into a shared understanding of the intended outcomes and value to be delivered.

As the initiative progresses, additional stakeholders become involved, including functional leaders, regional managers, and representatives from operations and support functions. Initial engagement activities take place, but expectations and levels of commitment vary significantly. Some stakeholders actively contribute to defining priorities and success measures, while others remain cautious, expressing concern that the initiative may disrupt existing processes without producing clear, measurable benefits for their areas.

During planning, pressure increases to demonstrate early progress and visible results. Several leaders advocate moving quickly into execution to maintain momentum and stakeholder confidence. At the same time, interdependencies across functions and regions introduce complexity related to governance, sequencing, and coordination. Decisions about the delivery approach and planning practices must balance the desire for speed with the need to maintain alignment to strategic objectives and expected value outcomes.

As execution begins, change requests emerge in response to evolving stakeholder priorities and external influences. While some requests support the original intent of the initiative, others risk shifting focus toward localized optimizations that could dilute overall value and create misalignment across the organization. The project team must determine how changes are assessed, approved, and communicated in a way that preserves strategic alignment, maintains stakeholder trust, and enables informed decision-making.

In the later stages of the initiative, a substantial portion of the planned outcomes has been delivered, and leadership attention starts to move toward new strategic priorities. There is an expectation to formally close the project and transition responsibilities to the organization. However, questions remain about whether the improvements achieved, lessons learned, and enhanced collaboration practices will be embedded into organizational processes and sustained over time, or whether the organization will gradually revert to previous ways of working once the project concludes.

-------

This is a Case Study 1 question. Please review the case study before answering the question. As execution progresses, multiple change requests emerge in response to evolving priorities and external influences. Some requests are supported by influential leaders and promise short-term benefits, while others introduce competing objectives that could dilute alignment, strain governance mechanisms, and reduce the overall value expected from the initiative. What should the project manager do?",,,A,,Implement requested changes incrementally to minimize disruption and address concerns quickly.,,,FALSE,B,,Approve changes that align with immediate priorities to maintain momentum and responsiveness quickly.,,,FALSE,C,,Defer change decisions until execution stabilizes and delivery progress becomes more predictable.,,,FALSE,D,,"Evaluate proposed changes via the change control process to assess alignment, value, and governance.",,,TRUE,,,,,,,,,,,,,,,,,,,,,,,,,,,,,,,,,,,,,,,,,,,,,,,,,,,,,,,,,,,,,,,,,,,,,,,,,,,,,,,,,,,,,,,,,,,,,,,,
97c265c5-d29f-44fe-8f89-25893ef69326,final-exam-26,SINGLE_CHOICE,DRAFT,,,"Case Study 1: Enterprise Transformation and Strategic Alignment

A midsized, multinational organization is launching a strategic transformation initiative aimed at improving cross-functional collaboration and accelerating value delivery across its core business units. The initiative is driven by increasing market pressure and inconsistent customer outcomes across regions, which senior leadership believes are limiting the organization’s ability to compete and scale effectively over the long term.

You are assigned as the project manager shortly after the project charter is approved. While executive sponsors agree on the need for transformation, early discussions reveal differing interpretations of what project success means in practice. Some leaders emphasize faster delivery and cost efficiency, while others prioritize customer experience, workforce engagement, and the organization’s ability to sustain improved ways of working beyond the life of the project. These perspectives have not yet been consolidated into a shared understanding of the intended outcomes and value to be delivered.

As the initiative progresses, additional stakeholders become involved, including functional leaders, regional managers, and representatives from operations and support functions. Initial engagement activities take place, but expectations and levels of commitment vary significantly. Some stakeholders actively contribute to defining priorities and success measures, while others remain cautious, expressing concern that the initiative may disrupt existing processes without producing clear, measurable benefits for their areas.

During planning, pressure increases to demonstrate early progress and visible results. Several leaders advocate moving quickly into execution to maintain momentum and stakeholder confidence. At the same time, interdependencies across functions and regions introduce complexity related to governance, sequencing, and coordination. Decisions about the delivery approach and planning practices must balance the desire for speed with the need to maintain alignment to strategic objectives and expected value outcomes.

As execution begins, change requests emerge in response to evolving stakeholder priorities and external influences. While some requests support the original intent of the initiative, others risk shifting focus toward localized optimizations that could dilute overall value and create misalignment across the organization. The project team must determine how changes are assessed, approved, and communicated in a way that preserves strategic alignment, maintains stakeholder trust, and enables informed decision-making.

In the later stages of the initiative, a substantial portion of the planned outcomes has been delivered, and leadership attention starts to move toward new strategic priorities. There is an expectation to formally close the project and transition responsibilities to the organization. However, questions remain about whether the improvements achieved, lessons learned, and enhanced collaboration practices will be embedded into organizational processes and sustained over time, or whether the organization will gradually revert to previous ways of working once the project concludes.

-------

This is a Case Study 1 question. Please review the case study before answering the question. As the project nears completion, the project manager evaluates whether the intended outcomes have been fully achieved, considering both tangible deliverables and less tangible benefits such as enhanced collaboration, improved processes, and long-term organizational change. What should the project manager do?",,,A,,"Ensure that all formal project deliverables have been completed, accepted by stakeholders, and integrated into operational workflows.",,,FALSE,B,,"Facilitate the transition of ownership to operations, ensuring that ongoing responsibilities are clearly defined and agreed upon.",,,TRUE,C,,Review lessons learned and implement necessary changes to organizational processes to ensure continuous improvement.,,,FALSE,D,,Validate that all financial reports are finalized and that the project's financial performance meets initial projections.,,,FALSE,,,,,,,,,,,,,,,,,,,,,,,,,,,,,,,,,,,,,,,,,,,,,,,,,,,,,,,,,,,,,,,,,,,,,,,,,,,,,,,,,,,,,,,,,,,,,,,,
57545cd9-dac5-4beb-b3d4-516bfbf32ebe,final-exam-26,SINGLE_CHOICE,DRAFT,,,A project team is integrating machine learning (ML) technology into an existing process for medical data analysis used in a project. The project manager has updated the schedule and communicated the change to the project stakeholders. Which other document should the project manager review and update?,,,A,,Communications management plan,,,FALSE,B,,Sprint backlog,,,FALSE,C,,Definition of ready (DoR),,,FALSE,D,,Risk register,,,TRUE,,,,,,,,,,,,,,,,,,,,,,,,,,,,,,,,,,,,,,,,,,,,,,,,,,,,,,,,,,,,,,,,,,,,,,,,,,,,,,,,,,,,,,,,,,,,,,,,
a01f071f-b6cb-4fa7-8e8e-fea97b851cc3,final-exam-26,SINGLE_CHOICE,DRAFT,,,A project manager is working on a small project that is critical for a larger program milestone. A new team member has been assigned to replace a key team member who left the project. A stakeholder claims the new team member has a disruptive approach to work. What should the project manager do?,,,A,,Review the communications management plan.,,,TRUE,B,,Review the procurement management plan.,,,FALSE,C,,Escalate the issue to the project sponsor.,,,FALSE,D,,Revise the organizational chart.,,,FALSE,,,,,,,,,,,,,,,,,,,,,,,,,,,,,,,,,,,,,,,,,,,,,,,,,,,,,,,,,,,,,,,,,,,,,,,,,,,,,,,,,,,,,,,,,,,,,,,,
4f04ec74-06e4-462f-a4b4-88ee761b53f0,final-exam-26,SINGLE_CHOICE,DRAFT,,,"Several project team members leave a project before it ends. To complete the current project, the project manager needs replacement team members from a new supplier but is concerned about controlling the cost. The project manager needs to work with the procurement team to establish specifications and the type of contract to be used. What should the project manager do next?",,,A,,Recommend a time and materials (T&M) contract.,,,FALSE,B,,Recommend a fixed-price-incentive-fee (FPIF) contract.,,,FALSE,C,,Recommend a cost-plus-incentive-fee (CPIF) contract.,,,FALSE,D,,Recommend a firm-fixed-price (FFP) contract.,,,TRUE,,,,,,,,,,,,,,,,,,,,,,,,,,,,,,,,,,,,,,,,,,,,,,,,,,,,,,,,,,,,,,,,,,,,,,,,,,,,,,,,,,,,,,,,,,,,,,,,
6e64fc4e-c95f-4d45-93e0-b186f96b3551,final-exam-26,SINGLE_CHOICE,DRAFT,,,"The project manager reviews a product backlog snapshot that includes feature priorities, estimated effort, expected value, and sustainability impact indicators. Recent market feedback shows declining value for several lower-priority features, while sustainability-related features demonstrate higher long-term benefits but require additional effort. Delivery capacity for the next iteration is constrained. Based on the backlog snapshot, what should the project manager do?",,,A,,"Reprioritize backlog items by value, effort, and sustainability impact before committing work.",,,TRUE,B,,Continue delivering backlog items in their current priority order to maintain delivery stability.,,,FALSE,C,,Remove sustainability-related features from the backlog to protect short-term delivery capacity.,,,FALSE,D,,Increase iteration scope to include all high-value items formally despite capacity constraints.,,,FALSE,,,,,,,,,,,,,,,,,,,,,,,,,,,,,,,,,,,,,,,,,,,,,,,,,,,,,,,,,,,,,,,,,,,,,,,,,,,,,,,,,,,,,,,,,,,,,,,,
d60822c9-a967-484d-840b-efca255b795a,final-exam-26,SINGLE_CHOICE,DRAFT,,,"A project deliverable does not meet the agreed-upon quality specifications and is rejected by the customer. After an investigation, the project team finds a defect with the vendor-provided parts. This fault caused the issue, but the vendor says they cannot correct the situation. What should the project manager review before deciding on the next steps?",,,A,,Service-level agreement (SLA) established with the vendor,,,FALSE,B,,Procurement management plan,,,FALSE,C,,Internal quality assurance reports,,,FALSE,D,,Contract agreements,,,TRUE,,,,,,,,,,,,,,,,,,,,,,,,,,,,,,,,,,,,,,,,,,,,,,,,,,,,,,,,,,,,,,,,,,,,,,,,,,,,,,,,,,,,,,,,,,,,,,,,
988f68ad-2f64-4188-83f9-be6e0a4a0a57,final-exam-26,MULTIPLE_CHOICE,DRAFT,,,A company initiates a project to meet a goal of increasing customer satisfaction within 4 months. The project manager needs to identify what the teams need to increase customer satisfaction. Which three methods should the project manager use to accomplish this goal? (Choose 3),,,A,,Surveys and questionnaires,,,TRUE,B,,Kano analysis,,,TRUE,C,,Product box exercise,,,FALSE,D,,Prototyping,,,FALSE,E,,Benchmarking,,,TRUE,,,,,,,,,,,,,,,,,,,,,,,,,,,,,,,,,,,,,,,,,,,,,,,,,,,,,,,,,,,,,,,,,,,,,,,,,,,,,,,,,,,,,,,,,,
62bcadd3-b9b9-4f24-b4ef-f0e23ada6f1b,final-exam-26,SINGLE_CHOICE,DRAFT,,,"A company’s IT transformation project has three deliverables with the following characteristics: 1) Deliverable two has strictly scheduled milestones, with no expected variations in the timeline and scope requirements. 2) Requirements for deliverables one and three will change quickly during development. Which project approach should the project team use?",,,A,,An agile approach with three product backlogs to control development,,,FALSE,B,,"An agile approach with a single backlog for all three deliverables, prioritizing work by complexity to integrate continuous improvement",,,FALSE,C,,"A hybrid approach with a fixed timeline, including an iterative development approach for deliverable two",,,FALSE,D,,A hybrid project model with an agile approach and a predictive development approach for deliverable two,,,TRUE,,,,,,,,,,,,,,,,,,,,,,,,,,,,,,,,,,,,,,,,,,,,,,,,,,,,,,,,,,,,,,,,,,,,,,,,,,,,,,,,,,,,,,,,,,,,,,,,
d98496de-34d8-45c1-80b0-f9a2e09ab8aa,final-exam-26,SINGLE_CHOICE,DRAFT,,,"An emergency vaccine distribution project should be deployed to vaccination centers as soon as confirmed locations are booked. Factors, such as delayed batch shipments, safety protocols, and target age groups, may block deployment at the last minute. Once the team is assured the risks will not materialize, deployment is straightforward. Which project approach would best support the goal of maximizing the number of vaccination centers deployed?",,,A,,A predictive approach for deployment at each center to manage risks independently,,,FALSE,B,,Iterative deployments to each center within a predictive life cycle,,,FALSE,C,,A set of predictive deployment sequences with continuous improvement,,,TRUE,D,,A timeboxed agile life cycle with iterative deployments that contain the dependencies,,,FALSE,,,,,,,,,,,,,,,,,,,,,,,,,,,,,,,,,,,,,,,,,,,,,,,,,,,,,,,,,,,,,,,,,,,,,,,,,,,,,,,,,,,,,,,,,,,,,,,,
3d310049-a4ce-4102-96d4-d21c5f1cdf6a,final-exam-26,SINGLE_CHOICE,DRAFT,,,"A new wildlife preserve project will have a diverse staff of experts, builders, and logistics workers with exposure to various risks. These staff members want to share their learning for continuous improvement and define preferred ways of working while helping ensure agreed-on standards of safety. Which action should the staff use to tailor this type of project?",,,A,,Utilize Crystal methods to design a scalable approach based on flexibility and teamwork.,,,TRUE,B,,Create and test models and process flow diagrams for team working scenarios.,,,FALSE,C,,Allow the experts to determine best practices and implement them incrementally.,,,FALSE,D,,Utilize a Six Sigma approach to refine quality control for high-risk processes.,,,FALSE,,,,,,,,,,,,,,,,,,,,,,,,,,,,,,,,,,,,,,,,,,,,,,,,,,,,,,,,,,,,,,,,,,,,,,,,,,,,,,,,,,,,,,,,,,,,,,,,
f73b86c8-6d55-4be6-bd26-cea7689f11af,final-exam-26,SINGLE_CHOICE,DRAFT,,,"A hybrid project is comprised of two teams: one production team and one programming team. During production, a 3D-printer malfunction causes a defect in the output. The production team informs the programming team about the issue, but the programming team claims they knew about the issue and resolved it. What should the team do to improve performance in the next iteration?",,,A,,Publish risk register information on information radiators.,,,FALSE,B,,Ask the product owner to review product requirements.,,,FALSE,C,,Publish the team issue resolution process on information radiators.,,,TRUE,D,,Start regular daily coordination meetings with the two teams.,,,FALSE,,,,,,,,,,,,,,,,,,,,,,,,,,,,,,,,,,,,,,,,,,,,,,,,,,,,,,,,,,,,,,,,,,,,,,,,,,,,,,,,,,,,,,,,,,,,,,,,
b051c1f9-3548-4772-8943-b5df6422c822,final-exam-26,SINGLE_CHOICE,DRAFT,,,"A medical equipment vendor is running a hybrid project that includes some custom software developed by an agile team. Team progress is good, but slow customer approval causes unnecessary delays. The customer insists that approval can only be given after repeating all the test cases in the target environment. What should the project manager do to accelerate the approvals and build customer trust at the same time?",,,A,,Invite the customer to send representatives to observe team testing to preapprove the tests.,,,FALSE,B,,Coordinate with the customer to defer as many tests as possible to the final release.,,,FALSE,C,,Propose that team members work alongside the customer testers to run tests in their environment.,,,TRUE,D,,Allow the team to progress at their pace while the customer continues to test and approve earlier builds.,,,FALSE,,,,,,,,,,,,,,,,,,,,,,,,,,,,,,,,,,,,,,,,,,,,,,,,,,,,,,,,,,,,,,,,,,,,,,,,,,,,,,,,,,,,,,,,,,,,,,,,
a8465e0b-4b1f-4c05-a32e-04c96e9de7df,final-exam-26,SINGLE_CHOICE,DRAFT,,,A project manager has documented internal resistance as a risk in an organization undergoing a transformation. The logistics team manager is particularly concerned about job losses in their department and the proposed rate of change. The logistics team manager formally requests a delay in the implementation of changes for the logistics team. What should the project manager do next in response to this request?,,,A,,Work with the logistics team manager and transformation owner to reprioritize the backlog.,,,FALSE,B,,Conduct an impact analysis of the risk to the transformation project.,,,FALSE,C,,Perform a root cause analysis on the key factors causing the manager's resistance.,,,FALSE,D,,Review the risk register and implement the relevant risk response for the case.,,,TRUE,,,,,,,,,,,,,,,,,,,,,,,,,,,,,,,,,,,,,,,,,,,,,,,,,,,,,,,,,,,,,,,,,,,,,,,,,,,,,,,,,,,,,,,,,,,,,,,,
27b9118e-f7f8-4211-b3a6-abd8fe990c05,final-exam-26,SINGLE_CHOICE,DRAFT,,,A project team collected sensitive client data during the early stages of a project to help develop a project management plan. The team is working on deliverables for the project and the compliance manager discovers a data breach and alerts the team. Which document should the project manager update first?,,,A,,Statement of work,,,FALSE,B,,Issue log,,,TRUE,C,,Quality management plan,,,FALSE,D,,Risk register,,,FALSE,,,,,,,,,,,,,,,,,,,,,,,,,,,,,,,,,,,,,,,,,,,,,,,,,,,,,,,,,,,,,,,,,,,,,,,,,,,,,,,,,,,,,,,,,,,,,,,,
b15d3c38-2005-4645-a94a-4f18c95bc905,final-exam-26,MULTIPLE_CHOICE,DRAFT,,,A project manager has completed the following steps: 1) Deployed a major IT system. 2) Confirmed with the release manager that all systems are working. 3) Confirmed that functionality has been verified by the quality assurance team. Which two additional steps should the project manager take to close the project or phase? (Choose 2),,,A,,Move the lessons learned register to the lessons learned repository.,,,TRUE,B,,Update and close the risk register and issue log.,,,FALSE,C,,Review to confirm all contracts can be closed.,,,TRUE,D,,Finalize and release the release documentation.,,,FALSE,E,,Notify the project sponsor.,,,FALSE,,,,,,,,,,,,,,,,,,,,,,,,,,,,,,,,,,,,,,,,,,,,,,,,,,,,,,,,,,,,,,,,,,,,,,,,,,,,,,,,,,,,,,,,,,
096bfc9b-debb-4113-bde2-c1e5d7e9d807,final-exam-26,MATCHING,DRAFT,,,Match each delivery approach with its primary characteristic.,,,A,,"(1)	
Hybrid",,Combines predictive planning with adaptive execution,,B,,"(2)	
Adaptive",,Work is planned and delivered in short cycles with frequent feedback,,C,,"(3)	
Predictive",,"Scope, schedule, and cost are defined early and controlled through change management",,D,,"(4)	
Iterative",,Solution evolves through repeated refinement without fixed iteration timeboxes,,,,,,,,,,,,,,,,,,,,,,,,,,,,,,,,,,,,,,,,,,,,,,,,,,,,,,,,,,,,,,,,,,,,,,,,,,,,,,,,,,,,,,,,,,,,,,,,,
19db54c3-4a4d-425c-ac35-010303c23bfc,final-exam-26,SINGLE_CHOICE,DRAFT,,,A project delivered a prototype as specified in the scope statement. The project team believes the quality of the prototype meets the required specifications. What should the project manager do next?,,,A,,Conduct performance testing.,,,FALSE,B,,Seek stakeholder validation.,,,FALSE,C,,Verify the quality using the quality management plan.,,,TRUE,D,,Obtain formal approval from the client.,,,FALSE,,,,,,,,,,,,,,,,,,,,,,,,,,,,,,,,,,,,,,,,,,,,,,,,,,,,,,,,,,,,,,,,,,,,,,,,,,,,,,,,,,,,,,,,,,,,,,,,
97657743-d6bb-4532-9a34-9fe34dcc64dd,final-exam-26,SINGLE_CHOICE,DRAFT,,,"Project team members have been assigned to a project in the planning phase. Vendors have been engaged and contracts executed. Due to lack of funding, the project is suddenly terminated, and leadership instructs the project manager to close the project. What should the project manager do first?",,,A,,Rely on the communications management plan to properly inform all stakeholders.,,,TRUE,B,,Examine the organization's project closure guidelines.,,,FALSE,C,,Perform a risk analysis to determine the potential impact of terminating the project.,,,FALSE,D,,Close all project procurement processes and open contracts.,,,FALSE,,,,,,,,,,,,,,,,,,,,,,,,,,,,,,,,,,,,,,,,,,,,,,,,,,,,,,,,,,,,,,,,,,,,,,,,,,,,,,,,,,,,,,,,,,,,,,,,
55bd0680-3029-4665-9f38-3e422c6e2aec,final-exam-26,SINGLE_CHOICE,DRAFT,,,"A project team completes assigned development work on a project and the customer has accepted the deliverables. Despite project completion, the project manager and project team members are asked to evaluate new requirements and make some modifications. What should the project manager do next?",,,A,,Notify the customer that any further work will be considered a change request.,,,TRUE,B,,Review the acceptance criteria to make sure it was accurate.,,,FALSE,C,,Formally disband the project team and find a new project.,,,FALSE,D,,Put a fixed-price contract in place and fulfill the requests.,,,FALSE,,,,,,,,,,,,,,,,,,,,,,,,,,,,,,,,,,,,,,,,,,,,,,,,,,,,,,,,,,,,,,,,,,,,,,,,,,,,,,,,,,,,,,,,,,,,,,,,
58ae8943-8cc7-4f35-9e33-93e4e905fe4a,final-exam-26,SINGLE_CHOICE,DRAFT,,,"A complex project with high security protocols includes key stakeholders located in the United States, France, and China. A senior manager requests confidential project information to be shared with a third party. What should the project manager do next?",,,A,,Refer the request to the project management office (PMO) to decide if it is appropriate.,,,FALSE,B,,Supply the requested information but keep a record of the manager's request.,,,FALSE,C,,Supply the project information but help ensure the sensitive parts are redacted.,,,FALSE,D,,Check the communications management plan to verify the request is appropriate.,,,TRUE,,,,,,,,,,,,,,,,,,,,,,,,,,,,,,,,,,,,,,,,,,,,,,,,,,,,,,,,,,,,,,,,,,,,,,,,,,,,,,,,,,,,,,,,,,,,,,,,
57126ea6-2556-4c2c-b61c-6d99889ba8dc,final-exam-26,SINGLE_CHOICE,DRAFT,,,"Due to a significant increase in project importance and complexity, a steering committee is appointed to work with a project sponsor. How should the project manager approach this change?",,,A,,Assess the impact of the change in project governance and adjust the stakeholder engagement and communications management plans accordingly.,,,TRUE,B,,Follow the initial project management plan; recognize that the sponsor is the key stakeholder and the new committee members work at a lesser capacity.,,,FALSE,C,,"Schedule an introductory meeting with the new steering committee and the project team, while continuing to follow the initial project management plan.",,,FALSE,D,,Help ensure the new steering committee members receive the current project status report.,,,FALSE,,,,,,,,,,,,,,,,,,,,,,,,,,,,,,,,,,,,,,,,,,,,,,,,,,,,,,,,,,,,,,,,,,,,,,,,,,,,,,,,,,,,,,,,,,,,,,,,
69fb791e-c0cf-4c3b-8740-984ed4ba9080,final-exam-26,SINGLE_CHOICE,DRAFT,,,"In response to persistent delays on some scheduled tasks in a project, a project manager reprioritized several tasks to try to fix the problem. This approach did not work, so the project manager is escalating the issue. Which item should the project manager consult?",,,A,,Change management plan,,,FALSE,B,,Stakeholder engagement assessment matrix,,,FALSE,C,,Communications management plan,,,TRUE,D,,Configuration management plan,,,FALSE,,,,,,,,,,,,,,,,,,,,,,,,,,,,,,,,,,,,,,,,,,,,,,,,,,,,,,,,,,,,,,,,,,,,,,,,,,,,,,,,,,,,,,,,,,,,,,,,
4104864f-fcba-454d-ae85-1d7c53c2c0b0,final-exam-26,SINGLE_CHOICE,DRAFT,,,An informal and unofficial blog was set up to enhance communication and morale among project team members. The project manager was not aware of the blog but has discovered that team members are using it. What should the project manager do first?,,,A,,Review the blog and assess the communications management plan.,,,TRUE,B,,Reprimand all individuals involved and report the issue to human resources.,,,FALSE,C,,Close the blog because it is not a necessary part of the project.,,,FALSE,D,,Remind the team about the ground rules in the team charter.,,,FALSE,,,,,,,,,,,,,,,,,,,,,,,,,,,,,,,,,,,,,,,,,,,,,,,,,,,,,,,,,,,,,,,,,,,,,,,,,,,,,,,,,,,,,,,,,,,,,,,,
fb5b8ecb-bd92-4f54-a6e6-0617d7e41333,final-exam-26,SINGLE_CHOICE,DRAFT,,,"A project owner is developing a customer service prototype for the marketing department in a company. The customer stakeholder group includes franchise owners and direct customers of the company. The prototype scores 95% on fulfillment of the functional requirements defined in the scope, which is a passing score in the project’s agreed-upon quality metrics. The franchise group is unwilling to approve the prototype because it does not fulfill a particular functional requirement, but the direct customer group approves. What should the project manager do next?",,,A,,Review the specific feedback from both stakeholder groups on the prototype in the documentation from product demos.,,,FALSE,B,,"Engage the franchise group, review the acceptance criteria, and discuss the specific requirement they need fulfilled to obtain approval.",,,TRUE,C,,"Consult with the franchise group, show them the direct customer approval, and negotiate for the validation.",,,FALSE,D,,Revisit and update the requirements in the statement of work.,,,FALSE,,,,,,,,,,,,,,,,,,,,,,,,,,,,,,,,,,,,,,,,,,,,,,,,,,,,,,,,,,,,,,,,,,,,,,,,,,,,,,,,,,,,,,,,,,,,,,,,
f95f2aff-0c97-4a12-a2fd-3aa6f0d3a716,final-exam-26,SINGLE_CHOICE,DRAFT,,,"A multifunctional application project is in the planning stage. The project manager realizes that producing a complex, multifunctional application is not feasible with the current number of team members. The project manager hires more team members for the production of the application. Which risk response strategy does this scenario exemplify?",,,A,,Mitigate,,,TRUE,B,,Transfer,,,FALSE,C,,Accept,,,FALSE,D,,Avoid,,,FALSE,,,,,,,,,,,,,,,,,,,,,,,,,,,,,,,,,,,,,,,,,,,,,,,,,,,,,,,,,,,,,,,,,,,,,,,,,,,,,,,,,,,,,,,,,,,,,,,,
9b83e333-b2c1-40f8-8d83-2f6971078a10,final-exam-26,SINGLE_CHOICE,DRAFT,,,"While implementing a product design, a project team realizes the packaging might not meet the requirements when the product is shipped overseas. What should the project manager do next?",,,A,,Perform a qualitative risk analysis.,,,TRUE,B,,Enter the issue in the issue log and submit a change request.,,,FALSE,C,,Ask the stakeholders what they would like to do.,,,FALSE,D,,"Contact a potentially affected customer, run a simulation, and negotiate for risk acceptance.",,,FALSE,,,,,,,,,,,,,,,,,,,,,,,,,,,,,,,,,,,,,,,,,,,,,,,,,,,,,,,,,,,,,,,,,,,,,,,,,,,,,,,,,,,,,,,,,,,,,,,,
2abf7dc9-8e02-42e8-b4aa-9e0d4f6ca836,final-exam-26,SINGLE_CHOICE,DRAFT,,,"A company is planning a project in a remote area with limited access to transportation and equipment. Additionally, the government is requiring the company to sign a contract to protect the environment and road from damage, because the road to the site goes through a protected area. The project manager determines the preferred way to manage this risk is to subcontract delivery to a specialized firm, despite the significant added expense. What type of risk response is the project manager demonstrating?",,,A,,Transfer,,,TRUE,B,,Outsource,,,FALSE,C,,Accept,,,FALSE,D,,Avoid,,,FALSE,,,,,,,,,,,,,,,,,,,,,,,,,,,,,,,,,,,,,,,,,,,,,,,,,,,,,,,,,,,,,,,,,,,,,,,,,,,,,,,,,,,,,,,,,,,,,,,,
c258e1e5-a292-4ca1-886f-cba5446c688c,final-exam-26,SINGLE_CHOICE,DRAFT,,,A project is being implemented in a company. The research and development department communicates to the project manager that new and better technology is available and product requirements might change. These changes were not anticipated and may significantly influence scope and quality. Which action should the project manager take next?,,,A,,Review the risk management plan to understand and identify risk responses.,,,FALSE,B,,Use the contingency reserve to pay for the change and get project sponsor approval.,,,FALSE,C,,Review the requirements traceability matrix to verify the product functionality requirements.,,,FALSE,D,,Ask the research and development department to submit a change request.,,,TRUE,,,,,,,,,,,,,,,,,,,,,,,,,,,,,,,,,,,,,,,,,,,,,,,,,,,,,,,,,,,,,,,,,,,,,,,,,,,,,,,,,,,,,,,,,,,,,,,,
e8227197-c139-4ef8-a376-e6d11e720d23,final-exam-26,MATCHING,DRAFT,,,Match each governance element with its primary purpose.,,,A,,"(1)	
Performance Tolerances",,Specify when issues or risks must be escalated for higher-level attention,,B,,"(2)	
Decision Authority Matrix",,Identify who has authority to approve specific decisions,,C,,"(3)	
Governance Review Board",,Provide oversight and approval for significant project decisions,,D,,"(4)	
Escalation Thresholds",,Define acceptable variance limits before corrective action is required,,,,,,,,,,,,,,,,,,,,,,,,,,,,,,,,,,,,,,,,,,,,,,,,,,,,,,,,,,,,,,,,,,,,,,,,,,,,,,,,,,,,,,,,,,,,,,,,,
5db66640-f32f-4991-9697-ac238db68cfc,final-exam-26,SINGLE_CHOICE,DRAFT,,,"A project team working on a large, on-site infrastructure project on-site brings a potentially significant risk to the project manager’s attention. The project manager wants more information before presenting the new risk information and a solution to the steering committee and stakeholders. What should the project manager do next?",,,A,,Prepare a risk report on the risks using the information from the project team.,,,FALSE,B,,Verify the risk was identified in the risk register.,,,TRUE,C,,Consult the stakeholder engagement plan and update the issue log.,,,FALSE,D,,Perform a Monte Carlo analysis.,,,FALSE,,,,,,,,,,,,,,,,,,,,,,,,,,,,,,,,,,,,,,,,,,,,,,,,,,,,,,,,,,,,,,,,,,,,,,,,,,,,,,,,,,,,,,,,,,,,,,,,
e48ae0a1-2f87-4095-93e7-f6250c334e38,final-exam-26,SINGLE_CHOICE,DRAFT,,,"The project manager reviews a risk register excerpt highlighting several active risks. One risk related to supplier sustainability compliance has recently increased in probability due to changes in supplier practices. The risk response strategy currently defined is “monitor,” with escalation thresholds based on impact to cost, schedule, and reputational risk. Based on the information in the risk register, what should the project manager do?",,,A,,Remove the risk from active tracking since no direct schedule impact has occurred.,,,FALSE,B,,Continue monitoring the risk closely until escalation thresholds are formally breached.,,,FALSE,C,,Reassess the risk response and update mitigation actions based on increased probability.,,,TRUE,D,,Transfer ownership of the risk to the procurement team to avoid project-level exposure.,,,FALSE,,,,,,,,,,,,,,,,,,,,,,,,,,,,,,,,,,,,,,,,,,,,,,,,,,,,,,,,,,,,,,,,,,,,,,,,,,,,,,,,,,,,,,,,,,,,,,,,
a256eeee-2ba2-4734-8e8e-ae755474d892,final-exam-26,SINGLE_CHOICE,DRAFT,,,An international space project requires a project team composed of teams in four different locations around the globe. Two teams must be working round the clock. Which document should the project manager modify first?,,,A,,Team charter,,,FALSE,B,,Resource calendar,,,FALSE,C,,Project management plan,,,FALSE,D,,Resource management plan,,,TRUE,,,,,,,,,,,,,,,,,,,,,,,,,,,,,,,,,,,,,,,,,,,,,,,,,,,,,,,,,,,,,,,,,,,,,,,,,,,,,,,,,,,,,,,,,,,,,,,,
f29b6443-b057-44d9-aba0-d045bebc1d06,final-exam-26,SINGLE_CHOICE,DRAFT,,,"A project manager implemented an approved change to manage a risk in a project. Three months after the implemented change, the project manager learns the change did not produce the desired result, instead producing negative consequences. What should the project manager do to avoid this problem in future projects?",,,A,,Revisit the probability and impact matrix after assessing any new risks.,,,FALSE,B,,Assign a risk owner to each identified risk.,,,FALSE,C,,Update the lessons learned register with the risk information.,,,TRUE,D,,Update all risks in the risk register with secondary and residual risk information.,,,FALSE,,,,,,,,,,,,,,,,,,,,,,,,,,,,,,,,,,,,,,,,,,,,,,,,,,,,,,,,,,,,,,,,,,,,,,,,,,,,,,,,,,,,,,,,,,,,,,,,
c1bf643b-89ff-4a3f-b538-7a862e5147b8,final-exam-26,SINGLE_CHOICE,DRAFT,,,"A retiring project manager hands over all materials for a project to a new project manager. The project appears to be running smoothly, until a critical component fails during testing. What should the new project manager do first?",,,A,,Review the risk management plan to verify this risk and accompanying response strategies have been captured.,,,FALSE,B,,"Log the issue in the issue log, then work with the project team to respond to the issue.",,,TRUE,C,,Revise the timeline to account for slippage due to the additional time needed to implement mitigation.,,,FALSE,D,,"Communicate with stakeholders by describing the issue, proposed costs, and potential changes related to the project delivery dates.",,,FALSE,,,,,,,,,,,,,,,,,,,,,,,,,,,,,,,,,,,,,,,,,,,,,,,,,,,,,,,,,,,,,,,,,,,,,,,,,,,,,,,,,,,,,,,,,,,,,,,,
bba48088-bbdf-4912-8105-3eb906c80b07,final-exam-26,SINGLE_CHOICE,DRAFT,,,"The technical lead of a project team wants to take unplanned leave during the execution of a project. Taking unplanned leave will cause disruption, posing a risk to the delivery schedule. What should the project manager do next?",,,A,,Assess the risk with the project team.,,,TRUE,B,,Review the resource management plan for project team member skills.,,,FALSE,C,,Revisit the schedule and adjust the timeline.,,,FALSE,D,,Document the risk in the issue log.,,,FALSE,,,,,,,,,,,,,,,,,,,,,,,,,,,,,,,,,,,,,,,,,,,,,,,,,,,,,,,,,,,,,,,,,,,,,,,,,,,,,,,,,,,,,,,,,,,,,,,,
cfa0d075-9c81-457b-81da-3ec262cf9f4b,final-exam-26,SINGLE_CHOICE,DRAFT,,,A major city and a national government agency are partnering on a new project. Each of these entities has a different risk threshold. It is the project manager’s role to help ensure a risk approach that will satisfy both parties. What should the project manager do next to accomplish this?,,,A,,Focus on completing the work according to the schedule in the project management plan.,,,FALSE,B,,Ask the city sponsor for additional contingency reserve to cover risk planning.,,,FALSE,C,,Work with representatives from both sides of the partnership to develop a risk management plan.,,,TRUE,D,,List and assess any project risks and present them to the city sponsor.,,,FALSE,,,,,,,,,,,,,,,,,,,,,,,,,,,,,,,,,,,,,,,,,,,,,,,,,,,,,,,,,,,,,,,,,,,,,,,,,,,,,,,,,,,,,,,,,,,,,,,,
75e2403c-1bb0-4ee1-9411-739c6ce48c68,final-exam-26,SINGLE_CHOICE,DRAFT,,,"After the start of a project, a project manager learns that an expected governmental subsidy might not be available. What should the project manager do next?",,,A,,Log the risk.,,,TRUE,B,,Log the issue.,,,FALSE,C,,Help ensure sufficient funds in the contingency reserve.,,,FALSE,D,,Make a change request.,,,FALSE,,,,,,,,,,,,,,,,,,,,,,,,,,,,,,,,,,,,,,,,,,,,,,,,,,,,,,,,,,,,,,,,,,,,,,,,,,,,,,,,,,,,,,,,,,,,,,,,
ab694d0f-c89f-426d-be5f-280b71308a3e,final-exam-26,SINGLE_CHOICE,DRAFT,,,"To speed up completion of a mining project, a project team needs to work a full 24-hour day, in three shifts, and in hazardous conditions. Team A: 02:00 – 10:00, Team B: 10:00 – 18:00, Team C: 18:00 – 02:00. To safely work nighttime hours, teams A and C will need to receive overtime pay. The company will also need to increase security measures and insurance coverage. How should the project manager plan for the risks associated with project team conditions?",,,A,,Include all the risk details in the risk management plan.,,,FALSE,B,,Identify and assess the risks in the risk register.,,,TRUE,C,,Work with the organization for additional funding.,,,FALSE,D,,Record the risk conditions and provisions in the team charter.,,,FALSE,,,,,,,,,,,,,,,,,,,,,,,,,,,,,,,,,,,,,,,,,,,,,,,,,,,,,,,,,,,,,,,,,,,,,,,,,,,,,,,,,,,,,,,,,,,,,,,,
42f0ae6f-2535-4ed4-889f-c6ec8fc4ef6c,final-exam-26,SINGLE_CHOICE,DRAFT,,,A project manager realizes stakeholder interests will conflict on a project and decides to utilize a stakeholder engagement assessment matrix. The matrix pinpoints an influential stakeholder resistant to the project. The project manager needs to align this stakeholder's expectations with the goals of the project. What should the project manager do to accomplish this goal?,,,A,,Consult the stakeholder engagement plan and engage the resistant stakeholder accordingly.,,,TRUE,B,,Have one-on-one conversations with the resistant stakeholder.,,,FALSE,C,,Gain consensus on project objectives by meeting with all stakeholders.,,,FALSE,D,,Develop a workaround for the resistant stakeholder.,,,FALSE,,,,,,,,,,,,,,,,,,,,,,,,,,,,,,,,,,,,,,,,,,,,,,,,,,,,,,,,,,,,,,,,,,,,,,,,,,,,,,,,,,,,,,,,,,,,,,,,
baef3faa-9cfd-45db-a148-54f255b49a02,final-exam-26,SINGLE_CHOICE,DRAFT,,,How can a project manager gain a stakeholder’s approval if the stakeholder believes a project's deliverables did not meet expectations?,,,A,,Review the acceptance criteria and benefits realization plan with the stakeholder.,,,TRUE,B,,Review the project charter thoroughly with this stakeholder and negotiate a positive outcome.,,,FALSE,C,,Help ensure the stakeholder understands the quality management plan.,,,FALSE,D,,Explain to the stakeholder that the project requirements were fulfilled in the deliverables scope and the deliverables were validated.,,,FALSE,,,,,,,,,,,,,,,,,,,,,,,,,,,,,,,,,,,,,,,,,,,,,,,,,,,,,,,,,,,,,,,,,,,,,,,,,,,,,,,,,,,,,,,,,,,,,,,,
1792022e-2473-4d2a-9407-92de8b839cae,final-exam-26,SINGLE_CHOICE,DRAFT,,,"A project is nearly complete, and a project manager learns a key stakeholder is ill and needs to decrease their level of involvement. What should the project manager do next?",,,A,,Update the stakeholder register and stakeholder engagement plan.,,,TRUE,B,,Revise the project charter with the updated stakeholder information.,,,FALSE,C,,Ask the project sponsor to replace the stakeholder.,,,FALSE,D,,Update the stakeholder engagement plan.,,,FALSE,,,,,,,,,,,,,,,,,,,,,,,,,,,,,,,,,,,,,,,,,,,,,,,,,,,,,,,,,,,,,,,,,,,,,,,,,,,,,,,,,,,,,,,,,,,,,,,,
d615701d-b29d-4c4a-8f12-46430fa65f51,final-exam-26,SINGLE_CHOICE,DRAFT,,,A project manager is creating an agenda and presentation materials for a kickoff meeting that will involve stakeholders across the globe.  How should the project manager facilitate and optimize stakeholder engagement for the kickoff meeting?,,,A,,Allow stakeholders to help plan the meeting.,,,FALSE,B,,Coordinate with stakeholders to accommodate the teams in different time zones.,,,TRUE,C,,Arrange for the meeting to be recorded for viewing after the meeting.,,,FALSE,D,,Remind stakeholders that meeting attendance is mandatory.,,,FALSE,,,,,,,,,,,,,,,,,,,,,,,,,,,,,,,,,,,,,,,,,,,,,,,,,,,,,,,,,,,,,,,,,,,,,,,,,,,,,,,,,,,,,,,,,,,,,,,,
ef2b0a81-336e-4a25-bd30-6fb0a10edf49,final-exam-26,SINGLE_CHOICE,DRAFT,,,"Six different companies are involved in a project. The project sponsor is the board of directors of a global organization and there are more than 50 named stakeholders. Midpoint in the project, the project manager learns that one stakeholder is experiencing difficulties and cannot provide their expected level of involvement. What should the project manager do next?",,,A,,Consult the stakeholder engagement assessment matrix.,,,FALSE,B,,Consider the impact of this stakeholder's engagement on the project.,,,TRUE,C,,Update the stakeholder register and stakeholder engagement plan.,,,FALSE,D,,Remove the stakeholder and update the stakeholder engagement plan.,,,FALSE,,,,,,,,,,,,,,,,,,,,,,,,,,,,,,,,,,,,,,,,,,,,,,,,,,,,,,,,,,,,,,,,,,,,,,,,,,,,,,,,,,,,,,,,,,,,,,,,
a75808d2-bf51-4cbc-92ea-aca5b5fb6e71,final-exam-26,SINGLE_CHOICE,DRAFT,,,"The project manager reviews a financial summary combined with a benefits tracking view. The summary shows that actual costs are trending slightly above plan due to sustainability-related initiatives, while projected long-term benefits remain aligned with the business case. Short-term cost variance is within tolerance, but contingency reserves are decreasing faster than expected. Sponsors are concerned about near-term financial optics, while the business case emphasizes long-term value realization.

Based on the financial summary and benefits tracking information, what should the project manager do?",,,A,,Reassess spending decisions by balancing short-term cost variance against long-term benefits and value realization.,,,TRUE,B,,Reduce or pause sustainability-related initiatives to stabilize short-term cost performance.,,,FALSE,C,,Continue current spending without adjustment since projected benefits remain aligned with the business case.,,,FALSE,D,,Escalate the cost variance to governance and request an immediate budget increase.,,,FALSE,,,,,,,,,,,,,,,,,,,,,,,,,,,,,,,,,,,,,,,,,,,,,,,,,,,,,,,,,,,,,,,,,,,,,,,,,,,,,,,,,,,,,,,,,,,,,,,,
531c6335-6bbd-4ca1-9338-9620a726dcdb,final-exam-26,SINGLE_CHOICE,DRAFT,,,The product owner is part of a project team working on an adaptive project. Team members complain there are too many meetings and not enough time for project work. What should this team do to adjust their way of working?,,,A,,"Raise ""too many meetings"" as an impediment in the daily coordination meetings.",,,TRUE,B,,Reevaluate team member responsibilities and emphasize meeting attendance for responsible roles only.,,,FALSE,C,,Make daily coordination meetings optional for the product owner and apply timeboxes to other meetings.,,,FALSE,D,,Ask the product owner to explain the value of meetings as essential to getting project work done.,,,FALSE,,,,,,,,,,,,,,,,,,,,,,,,,,,,,,,,,,,,,,,,,,,,,,,,,,,,,,,,,,,,,,,,,,,,,,,,,,,,,,,,,,,,,,,,,,,,,,,,
efb350db-410d-4d19-8c21-da3dfbd44388,final-exam-26,MULTIPLE_CHOICE,DRAFT,,,A deliverable on the critical path of a project is behind schedule. The cost performance index (CPI) is 1.3. The project manager would like to use fast-tracking to get the project back on schedule. Which three results are the most likely for this project?  (Choose 3),,,A,,Activities will be performed in parallel.,,,TRUE,B,,Project scope will be revised.,,,FALSE,C,,Associated risks will increase.,,,TRUE,D,,Costs will increase.,,,FALSE,E,,The team should expect rework.,,,TRUE,,,,,,,,,,,,,,,,,,,,,,,,,,,,,,,,,,,,,,,,,,,,,,,,,,,,,,,,,,,,,,,,,,,,,,,,,,,,,,,,,,,,,,,,,,
4df54ea4-0cbf-4297-b374-223e76ef9b1a,final-exam-26,SINGLE_CHOICE,DRAFT,,,The per story cost in an agile project has risen by more than 250% over the past 6 months due to a faulty platform that is no longer supported. The work will exceed the budget increment threshold in the next iteration. Who should decide if the work should be canceled?,,,A,,Product manager,,,FALSE,B,,Product owner,,,TRUE,C,,Procurement manager,,,FALSE,D,,Project manager,,,FALSE,,,,,,,,,,,,,,,,,,,,,,,,,,,,,,,,,,,,,,,,,,,,,,,,,,,,,,,,,,,,,,,,,,,,,,,,,,,,,,,,,,,,,,,,,,,,,,,,
ca35e778-1199-41bf-bf72-88729719c9b0,final-exam-26,SINGLE_CHOICE,DRAFT,,,"A project has the following characteristics: 1) There are three main tasks. 2) Task A must be delivered 4 weeks before task C starts. 3)  Once task B is finished, task C will start. What is the relationship between tasks A and B?",,,A,,Finish-to-start,,,FALSE,B,,Finish-to-finish,,,TRUE,C,,Start-to-start,,,FALSE,D,,Start-to-finish,,,FALSE,,,,,,,,,,,,,,,,,,,,,,,,,,,,,,,,,,,,,,,,,,,,,,,,,,,,,,,,,,,,,,,,,,,,,,,,,,,,,,,,,,,,,,,,,,,,,,,,
73c34ed4-9693-4c98-900f-5a702ddb3791,final-exam-26,SINGLE_CHOICE,DRAFT,,,A company is planning to utilize a new product that leverages innovative technologies and processes. The project manager has verified that the component work packages have been defined and constraints for each component have been identified. Which estimating technique should the project manager use to obtain a precise cost estimate of the project?,,,A,,Analogous,,,FALSE,B,,Three-point,,,FALSE,C,,Bottom-up,,,TRUE,D,,Parametric,,,FALSE,,,,,,,,,,,,,,,,,,,,,,,,,,,,,,,,,,,,,,,,,,,,,,,,,,,,,,,,,,,,,,,,,,,,,,,,,,,,,,,,,,,,,,,,,,,,,,,,
816b0a76-eebf-402c-8f2f-c6e7a20926db,final-exam-26,SINGLE_CHOICE,DRAFT,,,"A project manager is uncertain about the duration of a project for a new product and consults six groups of subject matter experts. The first group advises that development can be finished in 40 days. The second group identifies some risks that could lengthen the duration by up to 60 days. The third group proposes a new development optimistically shortening the time to 20 days. The fourth, fifth, and sixth groups all estimated the work to be finished in 40 days. What estimating approach is likely to yield the most accurate estimate?",,,A,,Three-point estimating,,,FALSE,B,,Weighted three-point estimating,,,TRUE,C,,Analogous estimating,,,FALSE,D,,Rough order of magnitude,,,FALSE,,,,,,,,,,,,,,,,,,,,,,,,,,,,,,,,,,,,,,,,,,,,,,,,,,,,,,,,,,,,,,,,,,,,,,,,,,,,,,,,,,,,,,,,,,,,,,,,
d21145fa-8193-467e-813c-a0aa3f13adc7,final-exam-26,SINGLE_CHOICE,DRAFT,,,"A project manager is uncertain about the duration of a new project and consults with several groups. The first group advises that development can be finished in 29 days. The second group identifies some risks that could increase the duration by up to 46 days. The third group proposes a new development method that can shorten the time to 18 days. Using the triangular estimation technique, what is the estimated development duration for the new product?",,,A,,28 days,,,FALSE,B,,31 days,,,TRUE,C,,32 days,,,FALSE,D,,36 days,,,FALSE,,,,,,,,,,,,,,,,,,,,,,,,,,,,,,,,,,,,,,,,,,,,,,,,,,,,,,,,,,,,,,,,,,,,,,,,,,,,,,,,,,,,,,,,,,,,,,,,
775259c1-a27e-46fc-91b4-e20704920db4,final-exam-26,SINGLE_CHOICE,DRAFT,,,A project manager is uncertain about the duration of a new product development project and consults with several groups of subject matter experts (SMEs). The first group advises that development can be finished in 14 days. The second group identifies some risks that could lengthen the duration by up to 32 days. The third group proposes a new development method that can shorten the time to 8 days. What is the estimated development duration for the new product using the program evaluation and review technique (PERT)?,,,A,,12 days,,,FALSE,B,,16 days,,,TRUE,C,,14 days,,,FALSE,D,,20 days,,,FALSE,,,,,,,,,,,,,,,,,,,,,,,,,,,,,,,,,,,,,,,,,,,,,,,,,,,,,,,,,,,,,,,,,,,,,,,,,,,,,,,,,,,,,,,,,,,,,,,,
d5c23355-728a-40db-8721-e98e0632a4ab,final-exam-26,SINGLE_CHOICE,DRAFT,,,"A trend of stories is incomplete, which becomes apparent at the end of several iterations. The team worked on these stories and no blockers were identified. What should the agile team do to resolve this issue?",,,A,,Put the stories back into the product backlog and wait for a less intensive iteration to work on them.,,,FALSE,B,,Use the next iteration for a team spike to determine the feasibility of completing the stories.,,,FALSE,C,,Increase the number of iterations for story completion and work with the product owner to remove impediments.,,,FALSE,D,,Work with the product owner to further break down the stories in the backlog and update the definition of ready (DoR).,,,TRUE,,,,,,,,,,,,,,,,,,,,,,,,,,,,,,,,,,,,,,,,,,,,,,,,,,,,,,,,,,,,,,,,,,,,,,,,,,,,,,,,,,,,,,,,,,,,,,,,
4d4a694f-1c8d-401e-96b3-4eb434010c81,final-exam-26,SINGLE_CHOICE,DRAFT,,,The executive sponsor of an agile project is concerned because the last four project schedule reports showed significant fluctuations in the projected completion date. What should the team do to forecast the projected completion date with more accuracy and certainty?,,,A,,Help ensure upcoming backlog items are elaborated in more detail with the team.,,,TRUE,B,,Address impediments more proactively.,,,FALSE,C,,Plan for varying iteration sizes according to story complexity and load.,,,FALSE,D,,Explain the schedule deviations to the executive stakeholders.,,,FALSE,,,,,,,,,,,,,,,,,,,,,,,,,,,,,,,,,,,,,,,,,,,,,,,,,,,,,,,,,,,,,,,,,,,,,,,,,,,,,,,,,,,,,,,,,,,,,,,,
6398e6e3-0582-44bb-9ad0-66f7b827c0ac,final-exam-26,MULTIPLE_CHOICE,DRAFT,,,An IT integration team experienced a major failure after a third-party software company deployed a security patch that caused new software to fail. Which two actions should the project team take next? (Choose 2),,,A,,Meet with the scrum master to determine if the product vision is still valid.,,,FALSE,B,,Meet with the product owner to update the product backlog during the iteration.,,,FALSE,C,,Conduct an impact analysis and consult the risk register for the response.,,,TRUE,D,,Log the defect in the impediment log and perform a root cause analysis.,,,TRUE,E,,Escalate the issue to the project sponsor.,,,FALSE,,,,,,,,,,,,,,,,,,,,,,,,,,,,,,,,,,,,,,,,,,,,,,,,,,,,,,,,,,,,,,,,,,,,,,,,,,,,,,,,,,,,,,,,,,
017b94a5-8214-4e39-9767-f411e2024d7f,final-exam-26,SINGLE_CHOICE,DRAFT,,,"A skincare company is updating their product packaging. During testing, the quality test team observes the product is changing color, depending on storage and heat conditions. Which tool or technique should the project manager use to determine the problem?",,,A,,Scatter diagram,,,FALSE,B,,Affinity diagram,,,FALSE,C,,Root cause analysis,,,TRUE,D,,Control chart,,,FALSE,,,,,,,,,,,,,,,,,,,,,,,,,,,,,,,,,,,,,,,,,,,,,,,,,,,,,,,,,,,,,,,,,,,,,,,,,,,,,,,,,,,,,,,,,,,,,,,,
d258ebb7-7629-4679-8dfc-0c01658b341e,final-exam-26,SINGLE_CHOICE,DRAFT,,,"Case Study 2: Digital Product Delivery Under Market Pressure
A large organization is developing a customer-facing digital product intended to replace several fragmented legacy solutions used by its customers across multiple regions. The initiative is strategically important due to increasing customer churn and competitive pressure from digital-native competitors that offer faster, more personalized experiences. Executive leadership expects the product to improve customer satisfaction, increase operational transparency, and enable quicker responses to changing market demands.

You are assigned as the project manager after initial funding is approved. The product scope is defined at a high level, with clear business objectives, but detailed requirements are expected to evolve based on customer feedback and regulatory considerations related to data privacy and service availability. Some teams advocate for a highly adaptive delivery approach to accelerate learning and respond quickly to feedback, while others emphasize the need for more structure to manage dependencies, compliance constraints, and integration with existing enterprise systems.

As planning progresses, multiple delivery teams become involved, including software development, data analytics, operations, and customer support. Coordination proves challenging due to different delivery cadences, varying levels of agile maturity, and competing operational priorities. While initial planning artifacts exist, there is limited agreement on how progress and forecasts should be communicated to leadership in a way that reflects not only task completion but also value delivered to customers.
Midway through execution, leadership requests more frequent and data-driven visibility into delivery progress and expected release timelines after a key competitor announces a similar product enhancement. Teams express concern that estimates remain uncertain because requirements continue to evolve and technical complexity is higher than anticipated. Discussions emerge about using advanced analytical tools to support forecasting and provide insights, while emphasizing that final decisions and accountability must remain with project leadership.

As the product approaches a major release milestone, several critical impediments surface, including integration delays and performance risks that could impact customer experience at launch. External changes in customer expectations further complicate prioritization decisions. The project team must determine how to address these impediments, reassess delivery expectations, and maintain stakeholder trust while continuing to focus on delivering meaningful value.

In the later stages of the initiative, portions of the product are released incrementally, generating early usage data and customer feedback. Leadership looks to the project manager to help interpret this information, guide trade-off decisions, and ensure that ongoing delivery choices remain aligned with strategic objectives, regulatory obligations, and long-term value realization rather than short-term visibility alone.

--------------

This is a Case Study 2 question. Please review the case study before answering the question. At the start of the initiative, leadership expects early visibility into delivery progress and release forecasts, while detailed requirements are expected to evolve due to customer feedback, regulatory considerations, and market pressure. Teams express concern that committing too early could reduce adaptability, but leadership remains focused on predictability and confidence. What should the project manager do?",,,A,,Establish value-based prioritization criteria to guide delivery and forecasting as requirements evolve.,,,TRUE,B,,Commit to a fixed delivery plan early to provide leadership with reliable timelines and increase confidence.,,,FALSE,C,,Delay forecasting and reporting until requirements stabilize to avoid providing misleading information.,,,FALSE,D,,Allow delivery teams to self-organize delivery decisions without defining common prioritization guidance.,,,FALSE,,,,,,,,,,,,,,,,,,,,,,,,,,,,,,,,,,,,,,,,,,,,,,,,,,,,,,,,,,,,,,,,,,,,,,,,,,,,,,,,,,,,,,,,,,,,,,,,
9fd9829e-706d-4bb4-a1dd-f5713b5e015e,final-exam-26,SINGLE_CHOICE,DRAFT,,,"Case Study 2: Digital Product Delivery Under Market Pressure

A large organization is developing a customer-facing digital product intended to replace several fragmented legacy solutions used by its customers across multiple regions. The initiative is strategically important due to increasing customer churn and competitive pressure from digital-native competitors that offer faster, more personalized experiences. Executive leadership expects the product to improve customer satisfaction, increase operational transparency, and enable quicker responses to changing market demands.

You are assigned as the project manager after initial funding is approved. The product scope is defined at a high level, with clear business objectives, but detailed requirements are expected to evolve based on customer feedback and regulatory considerations related to data privacy and service availability. Some teams advocate for a highly adaptive delivery approach to accelerate learning and respond quickly to feedback, while others emphasize the need for more structure to manage dependencies, compliance constraints, and integration with existing enterprise systems.

As planning progresses, multiple delivery teams become involved, including software development, data analytics, operations, and customer support. Coordination proves challenging due to different delivery cadences, varying levels of agile maturity, and competing operational priorities. While initial planning artifacts exist, there is limited agreement on how progress and forecasts should be communicated to leadership in a way that reflects not only task completion but also value delivered to customers.
Midway through execution, leadership requests more frequent and data-driven visibility into delivery progress and expected release timelines after a key competitor announces a similar product enhancement. Teams express concern that estimates remain uncertain because requirements continue to evolve and technical complexity is higher than anticipated. Discussions emerge about using advanced analytical tools to support forecasting and provide insights, while emphasizing that final decisions and accountability must remain with project leadership.

As the product approaches a major release milestone, several critical impediments surface, including integration delays and performance risks that could impact customer experience at launch. External changes in customer expectations further complicate prioritization decisions. The project team must determine how to address these impediments, reassess delivery expectations, and maintain stakeholder trust while continuing to focus on delivering meaningful value.

In the later stages of the initiative, portions of the product are released incrementally, generating early usage data and customer feedback. Leadership looks to the project manager to help interpret this information, guide trade-off decisions, and ensure that ongoing delivery choices remain aligned with strategic objectives, regulatory obligations, and long-term value realization rather than short-term visibility alone.

--------------

This is a Case Study 2 question. Please review the case study before answering the question. As execution continues, leadership asks the project manager to provide firm release forecasts to support external commitments, despite teams reporting that estimates remain highly uncertain due to evolving requirements and unresolved technical risks. Some leaders express concern that acknowledging uncertainty may reduce confidence, while teams warn that overly precise forecasts could damage credibility if not met. What should the project manager do?",,,A,,"Provide forecast ranges and confidence levels, clearly explaining assumptions, risks, and sources of uncertainty.",,,TRUE,B,,Commit to a single target release date to demonstrate confidence and align leadership expectations.,,,FALSE,C,,Withhold release forecasts until uncertainty is reduced and estimates can be provided with higher accuracy.,,,FALSE,D,,Allow delivery teams to communicate estimates independently based on their current understanding.,,,FALSE,,,,,,,,,,,,,,,,,,,,,,,,,,,,,,,,,,,,,,,,,,,,,,,,,,,,,,,,,,,,,,,,,,,,,,,,,,,,,,,,,,,,,,,,,,,,,,,,
1fbfec8a-a2f1-4d04-9120-1b2e6520d292,final-exam-26,SINGLE_CHOICE,DRAFT,,,"Case Study 2: Digital Product Delivery Under Market Pressure

A large organization is developing a customer-facing digital product intended to replace several fragmented legacy solutions used by its customers across multiple regions. The initiative is strategically important due to increasing customer churn and competitive pressure from digital-native competitors that offer faster, more personalized experiences. Executive leadership expects the product to improve customer satisfaction, increase operational transparency, and enable quicker responses to changing market demands.

You are assigned as the project manager after initial funding is approved. The product scope is defined at a high level, with clear business objectives, but detailed requirements are expected to evolve based on customer feedback and regulatory considerations related to data privacy and service availability. Some teams advocate for a highly adaptive delivery approach to accelerate learning and respond quickly to feedback, while others emphasize the need for more structure to manage dependencies, compliance constraints, and integration with existing enterprise systems.

As planning progresses, multiple delivery teams become involved, including software development, data analytics, operations, and customer support. Coordination proves challenging due to different delivery cadences, varying levels of agile maturity, and competing operational priorities. While initial planning artifacts exist, there is limited agreement on how progress and forecasts should be communicated to leadership in a way that reflects not only task completion but also value delivered to customers.
Midway through execution, leadership requests more frequent and data-driven visibility into delivery progress and expected release timelines after a key competitor announces a similar product enhancement. Teams express concern that estimates remain uncertain because requirements continue to evolve and technical complexity is higher than anticipated. Discussions emerge about using advanced analytical tools to support forecasting and provide insights, while emphasizing that final decisions and accountability must remain with project leadership.

As the product approaches a major release milestone, several critical impediments surface, including integration delays and performance risks that could impact customer experience at launch. External changes in customer expectations further complicate prioritization decisions. The project team must determine how to address these impediments, reassess delivery expectations, and maintain stakeholder trust while continuing to focus on delivering meaningful value.

In the later stages of the initiative, portions of the product are released incrementally, generating early usage data and customer feedback. Leadership looks to the project manager to help interpret this information, guide trade-off decisions, and ensure that ongoing delivery choices remain aligned with strategic objectives, regulatory obligations, and long-term value realization rather than short-term visibility alone.

--------------

This is a Case Study 2 question. Please review the case study before answering the question. As the initiative approaches a planned release window, unresolved integration and performance risks remain. Leadership is under pressure to announce the release to external stakeholders, while delivery teams report that additional time could significantly reduce customer-impacting risks. Delaying the release would affect market commitments and executive credibility. What should the project manager do?",,,A,,Escalate the decision to executive leadership formally without providing a recommendation to avoid personal bias.,,,FALSE,B,,Recommend delaying the release until all identified integration and performance risks are fully mitigated at this stage.,,,FALSE,C,,Proceed with the release as planned and manage remaining risks through enhanced monitoring after launch.,,,FALSE,D,,"Facilitate a decision using readiness criteria, presenting the trade-offs between customer risk and market commitments.",,,TRUE,,,,,,,,,,,,,,,,,,,,,,,,,,,,,,,,,,,,,,,,,,,,,,,,,,,,,,,,,,,,,,,,,,,,,,,,,,,,,,,,,,,,,,,,,,,,,,,,
ab12700a-a1eb-48b9-8605-fbf308119186,final-exam-26,SINGLE_CHOICE,DRAFT,,,"Case Study 2: Digital Product Delivery Under Market Pressure

A large organization is developing a customer-facing digital product intended to replace several fragmented legacy solutions used by its customers across multiple regions. The initiative is strategically important due to increasing customer churn and competitive pressure from digital-native competitors that offer faster, more personalized experiences. Executive leadership expects the product to improve customer satisfaction, increase operational transparency, and enable quicker responses to changing market demands.

You are assigned as the project manager after initial funding is approved. The product scope is defined at a high level, with clear business objectives, but detailed requirements are expected to evolve based on customer feedback and regulatory considerations related to data privacy and service availability. Some teams advocate for a highly adaptive delivery approach to accelerate learning and respond quickly to feedback, while others emphasize the need for more structure to manage dependencies, compliance constraints, and integration with existing enterprise systems.

As planning progresses, multiple delivery teams become involved, including software development, data analytics, operations, and customer support. Coordination proves challenging due to different delivery cadences, varying levels of agile maturity, and competing operational priorities. While initial planning artifacts exist, there is limited agreement on how progress and forecasts should be communicated to leadership in a way that reflects not only task completion but also value delivered to customers.
Midway through execution, leadership requests more frequent and data-driven visibility into delivery progress and expected release timelines after a key competitor announces a similar product enhancement. Teams express concern that estimates remain uncertain because requirements continue to evolve and technical complexity is higher than anticipated. Discussions emerge about using advanced analytical tools to support forecasting and provide insights, while emphasizing that final decisions and accountability must remain with project leadership.

As the product approaches a major release milestone, several critical impediments surface, including integration delays and performance risks that could impact customer experience at launch. External changes in customer expectations further complicate prioritization decisions. The project team must determine how to address these impediments, reassess delivery expectations, and maintain stakeholder trust while continuing to focus on delivering meaningful value.

In the later stages of the initiative, portions of the product are released incrementally, generating early usage data and customer feedback. Leadership looks to the project manager to help interpret this information, guide trade-off decisions, and ensure that ongoing delivery choices remain aligned with strategic objectives, regulatory obligations, and long-term value realization rather than short-term visibility alone.

--------------

This is a Case Study 2 question. Please review the case study before answering the question. Following leadership requests for more data-driven insights, the project team proposes using advanced analytical tools to generate delivery forecasts and scenario projections. While the tools provide faster analysis, some assumptions and data limitations are not fully transparent, and leaders expect the project manager to stand behind the recommendations. What should the project manager do?",,,A,,Use AI-generated forecasts as the primary basis for decisions to improve speed and consistency under executive pressure.,,,FALSE,B,,Limit the use of AI-generated insights to internal analysis until their accuracy and assumptions are fully understood.,,,FALSE,C,,Integrate AI-generated insights into decision-making by validating assumptions and retaining accountability.,,,TRUE,D,,Present AI-generated outputs to leadership without interpretation to avoid influencing decision outcomes.,,,FALSE,,,,,,,,,,,,,,,,,,,,,,,,,,,,,,,,,,,,,,,,,,,,,,,,,,,,,,,,,,,,,,,,,,,,,,,,,,,,,,,,,,,,,,,,,,,,,,,,
65aa8135-c1db-40d6-9707-a7650a06bac3,final-exam-26,SINGLE_CHOICE,DRAFT,,,"Case Study 2: Digital Product Delivery Under Market Pressure

A large organization is developing a customer-facing digital product intended to replace several fragmented legacy solutions used by its customers across multiple regions. The initiative is strategically important due to increasing customer churn and competitive pressure from digital-native competitors that offer faster, more personalized experiences. Executive leadership expects the product to improve customer satisfaction, increase operational transparency, and enable quicker responses to changing market demands.

You are assigned as the project manager after initial funding is approved. The product scope is defined at a high level, with clear business objectives, but detailed requirements are expected to evolve based on customer feedback and regulatory considerations related to data privacy and service availability. Some teams advocate for a highly adaptive delivery approach to accelerate learning and respond quickly to feedback, while others emphasize the need for more structure to manage dependencies, compliance constraints, and integration with existing enterprise systems.

As planning progresses, multiple delivery teams become involved, including software development, data analytics, operations, and customer support. Coordination proves challenging due to different delivery cadences, varying levels of agile maturity, and competing operational priorities. While initial planning artifacts exist, there is limited agreement on how progress and forecasts should be communicated to leadership in a way that reflects not only task completion but also value delivered to customers.
Midway through execution, leadership requests more frequent and data-driven visibility into delivery progress and expected release timelines after a key competitor announces a similar product enhancement. Teams express concern that estimates remain uncertain because requirements continue to evolve and technical complexity is higher than anticipated. Discussions emerge about using advanced analytical tools to support forecasting and provide insights, while emphasizing that final decisions and accountability must remain with project leadership.

As the product approaches a major release milestone, several critical impediments surface, including integration delays and performance risks that could impact customer experience at launch. External changes in customer expectations further complicate prioritization decisions. The project team must determine how to address these impediments, reassess delivery expectations, and maintain stakeholder trust while continuing to focus on delivering meaningful value.

In the later stages of the initiative, portions of the product are released incrementally, generating early usage data and customer feedback. Leadership looks to the project manager to help interpret this information, guide trade-off decisions, and ensure that ongoing delivery choices remain aligned with strategic objectives, regulatory obligations, and long-term value realization rather than short-term visibility alone.

--------------

This is a Case Study 2 question. Please review the case study before answering the question. After several incremental releases, early usage data and customer feedback reveal shifts in customer expectations, while new market developments alter the competitive landscape. Some planned features no longer appear to deliver the expected value, and leadership is concerned about continued investment alignment with strategic objectives. What should the project manager do?",,,A,,"Reassess priorities using value information, then recommend adjustments to the delivery backlog.",,,TRUE,B,,Continue executing the approved plan to avoid disruption and protect prior investment decisions.,,,FALSE,C,,Pause further delivery until a revised business case is formally approved by governance bodies.,,,FALSE,D,,Allow delivery teams to decide which features to adjust based on local optimization and feedback.,,,FALSE,,,,,,,,,,,,,,,,,,,,,,,,,,,,,,,,,,,,,,,,,,,,,,,,,,,,,,,,,,,,,,,,,,,,,,,,,,,,,,,,,,,,,,,,,,,,,,,,
754e322f-bdc6-4a46-a99e-b41161544f82,final-exam-26,SINGLE_CHOICE,DRAFT,,,"A quality management plan is in place for a project. The quality management plan stipulates that project deliverables must be reviewed, at a minimum, 10 business days before the deadline. Several deliverables have missed this quality requirement. What should the project manager do to manage this issue?",,,A,,Review the procurement management plan to help ensure supplier quality.,,,FALSE,B,,Modify the quality management plan to conform to project practices.,,,FALSE,C,,Request an audit for the project processes.,,,FALSE,D,,Use the Five Whys technique.,,,TRUE,,,,,,,,,,,,,,,,,,,,,,,,,,,,,,,,,,,,,,,,,,,,,,,,,,,,,,,,,,,,,,,,,,,,,,,,,,,,,,,,,,,,,,,,,,,,,,,,
8a1b34a7-8075-4f3a-b7dc-fd66e6a47566,final-exam-26,SINGLE_CHOICE,DRAFT,,,A large number of products are being produced in a project. The quality supervisor randomly selects products to evaluate. What is this approach?,,,A,,Prototyping,,,FALSE,B,,Statistical sampling,,,TRUE,C,,Process audit,,,FALSE,D,,Random testing,,,FALSE,,,,,,,,,,,,,,,,,,,,,,,,,,,,,,,,,,,,,,,,,,,,,,,,,,,,,,,,,,,,,,,,,,,,,,,,,,,,,,,,,,,,,,,,,,,,,,,,
adcef3d9-26fe-4672-8856-ffc2335d5d1e,final-exam-26,SINGLE_CHOICE,DRAFT,,,"A new project manager joins a project in progress. After reviewing the project documents, the project manager detects the quality management plan is missing. How should the project manager proceed?",,,A,,Probe for more requirements with the key stakeholders.,,,FALSE,B,,Ask the project management office for governance standards related to quality.,,,FALSE,C,,Revise the project charter for high-level quality standards.,,,TRUE,D,,Consult with organizational compliance specialists.,,,FALSE,,,,,,,,,,,,,,,,,,,,,,,,,,,,,,,,,,,,,,,,,,,,,,,,,,,,,,,,,,,,,,,,,,,,,,,,,,,,,,,,,,,,,,,,,,,,,,,,
2b2aafef-c80f-432b-a7b0-9bd766c74a8a,final-exam-26,MULTIPLE_CHOICE,DRAFT,,,A client brings a project manager into a project during the execution stage. The project manager reviews the project scope for cost estimating purposes and notices that some deliverables are missing from the work breakdown structure. Which two steps should the project manager take first? (Choose 2),,,A,,Check with the stakeholders to see if these missed deliverables were intentionally omitted.,,,TRUE,B,,Ask the project management office to approve additional funds for this work.,,,FALSE,C,,Include the work in the work breakdown structure per the 100% rule and recalculate the total project cost.,,,TRUE,D,,Initiate a change request.,,,FALSE,E,,Initiate the Validate Scope process.,,,FALSE,,,,,,,,,,,,,,,,,,,,,,,,,,,,,,,,,,,,,,,,,,,,,,,,,,,,,,,,,,,,,,,,,,,,,,,,,,,,,,,,,,,,,,,,,,
c3fe980e-a66e-45e8-906d-8c8eade07b64,final-exam-26,MULTIPLE_CHOICE,DRAFT,,,A project manager is working with a customer who repeatedly submits requests for new requirements for a product. The project manager has already provided stakeholders with the completed scope definition for the next release of the product. Which two actions should the project manager take next? (Choose 2),,,A,,Ask the product manager to reduce the number of new requests.,,,FALSE,B,,Immediately define project boundaries with the sponsor.,,,FALSE,C,,Meet with the stakeholders to set expectations.,,,FALSE,D,,Analyze the scope management plan to determine how scope changes are handled.,,,TRUE,E,,Review the communications management plan with the stakeholder and coach them on the correct change control process.,,,TRUE,,,,,,,,,,,,,,,,,,,,,,,,,,,,,,,,,,,,,,,,,,,,,,,,,,,,,,,,,,,,,,,,,,,,,,,,,,,,,,,,,,,,,,,,,,
1bdb15df-c990-45a9-8b07-ea2cb4022660,final-exam-26,SINGLE_CHOICE,DRAFT,,,A project team is working on a software development project. Two customers are repeatedly submitting new feature requests during iterations. The acceptance criteria for the product's next release have already been approved by the product owner. What should the project team do next?,,,A,,Evaluate each customer request and prioritize responses during daily coordination meetings.,,,FALSE,B,,Discuss project roles and responsibilities with the product owner.,,,FALSE,C,,Meet face-to-face with customers to better understand their requirements.,,,FALSE,D,,Ask the product owner to work more closely with the customer while prioritizing the product backlog.,,,TRUE,,,,,,,,,,,,,,,,,,,,,,,,,,,,,,,,,,,,,,,,,,,,,,,,,,,,,,,,,,,,,,,,,,,,,,,,,,,,,,,,,,,,,,,,,,,,,,,,
af4fb4c4-13a5-4fdf-ac0b-b8ca17b1372d,final-exam-26,SINGLE_CHOICE,DRAFT,,,"The project manager reviews a stakeholder engagement dashboard summarizing recent communication effectiveness, stakeholder sentiment, and engagement levels. The dashboard shows that executive stakeholders remain supportive, while several operational and community stakeholders demonstrate declining engagement and increasing concerns related to sustainability impacts and schedule transparency. Communication frequency has remained consistent across all groups. Based on the stakeholder engagement dashboard, what should the project manager do?",,,A,,Tailor communication and engagement strategies to address disengaged stakeholder groups.,,,TRUE,B,,Increase overall communication frequency to improve engagement across all stakeholders.,,,FALSE,C,,Maintain the current communication approach since executive stakeholders remain supportive.,,,FALSE,D,,Escalate stakeholder concerns to sponsors without modifying current engagement activities.,,,FALSE,,,,,,,,,,,,,,,,,,,,,,,,,,,,,,,,,,,,,,,,,,,,,,,,,,,,,,,,,,,,,,,,,,,,,,,,,,,,,,,,,,,,,,,,,,,,,,,,
5d7c2150-5b15-41e6-ab6e-b272227928a9,final-exam-26,SINGLE_CHOICE,DRAFT,,,An agile team is struggling to solve an issue with a packaging design. Eventually the team finds a solution but it requires a different product format. What should the team do before further developing the solution?,,,A,,Create a prototype and demo it to the end customer.,,,FALSE,B,,Engage the product owner and demonstrate the new format.,,,TRUE,C,,Run a cost-benefit analysis to determine the solution's value.,,,FALSE,D,,Determine if the change is consistent with the product vision.,,,FALSE,,,,,,,,,,,,,,,,,,,,,,,,,,,,,,,,,,,,,,,,,,,,,,,,,,,,,,,,,,,,,,,,,,,,,,,,,,,,,,,,,,,,,,,,,,,,,,,,
75e96490-9cf2-41d3-b89f-7289c7e8a23c,final-exam-26,SINGLE_CHOICE,DRAFT,,,"A company decides to combine an agile software project and a predictive electronics project into one hybrid project. Two months later, requirements have changed for both the software and electronics projects. The team is not clear on the status or importance of the requirements. What should the project manager do to address the problem?",,,A,,Update the product backlog with the requirements specifications and educate the software team on working with the new document.,,,FALSE,B,,Review and update the requirements as an input into rebaselining the scope and reprioritizing the product backlog.,,,TRUE,C,,Develop the scope using a scope baseline and predictive approach and use agile iterations to develop the software.,,,FALSE,D,,"Work with the product owner to reconsider the total scope of the new project, update the product backlog, and use an agile development approach.",,,FALSE,,,,,,,,,,,,,,,,,,,,,,,,,,,,,,,,,,,,,,,,,,,,,,,,,,,,,,,,,,,,,,,,,,,,,,,,,,,,,,,,,,,,,,,,,,,,,,,,
79c0e221-fea8-4197-b762-387a58219061,final-exam-26,SINGLE_CHOICE,DRAFT,,,"A company wants to develop a new product. A feasibility study was conducted, but during execution, a change request was approved to develop a product that contradicts the original requirements. Data analysis was conducted before the change request was approved. Which action should the project manager take next?",,,A,,Execute the change request.,,,TRUE,B,,Decline the change request.,,,FALSE,C,,Ask for a detailed data analysis report.,,,FALSE,D,,Ask for a feasibility study of the new product.,,,FALSE,,,,,,,,,,,,,,,,,,,,,,,,,,,,,,,,,,,,,,,,,,,,,,,,,,,,,,,,,,,,,,,,,,,,,,,,,,,,,,,,,,,,,,,,,,,,,,,,
2cec9f56-2ca0-464f-a103-1c5b845355ca,final-exam-26,SINGLE_CHOICE,DRAFT,,,User test results for a prototype release are ready. Some test users want smoother experiences and adding some missing features. These test users also want the product to be more visually appealing. How should the project team factor the test results into the project scope?,,,A,,Discuss the results at the retrospective to determine the suitability of the product vision.,,,FALSE,B,,Update the iteration backlog with the new features at the next iteration planning.,,,FALSE,C,,Conduct further testing and recommend the inputs to the product owner to update the product backlog.,,,TRUE,D,,Conduct further testing with and recommend to the product owner to update the iteration backlog.,,,FALSE,,,,,,,,,,,,,,,,,,,,,,,,,,,,,,,,,,,,,,,,,,,,,,,,,,,,,,,,,,,,,,,,,,,,,,,,,,,,,,,,,,,,,,,,,,,,,,,,
d478ebfb-0b31-4874-8f89-c5d2c43529a6,final-exam-26,MATCHING,DRAFT,,,Match each project artifact with its primary purpose.,,,A,,"(1)	
Change Log",,Plan strategies to engage stakeholders based on their needs and influence,,B,,"(2)	
Risk Register",,"Identify, analyze, and monitor project risks",,C,,"(3)	
Benefits Management Plan",,Track approved changes and their cumulative impact,,D,,"(4)	
Stakeholder Engagement Plan",,Define how expected benefits will be measured and realized,,,,,,,,,,,,,,,,,,,,,,,,,,,,,,,,,,,,,,,,,,,,,,,,,,,,,,,,,,,,,,,,,,,,,,,,,,,,,,,,,,,,,,,,,,,,,,,,,
2d16d35c-8aec-4750-b575-13c10c3f4726,final-exam-26,SINGLE_CHOICE,DRAFT,,,A project team is discussing an item in the backlog during estimating. It becomes clear that the item can be done in different ways and the best way is not obvious. What should the project team do next?,,,A,,Add ranked alternatives to the backlog.,,,FALSE,B,,Select the cheapest alternative to build.,,,FALSE,C,,Add a new spike item to the product backlog.,,,TRUE,D,,Select the fastest alternative to build.,,,FALSE,,,,,,,,,,,,,,,,,,,,,,,,,,,,,,,,,,,,,,,,,,,,,,,,,,,,,,,,,,,,,,,,,,,,,,,,,,,,,,,,,,,,,,,,,,,,,,,,
a82d8599-ca06-4246-9d85-e437bfc95510,final-exam-26,MULTIPLE_CHOICE,DRAFT,,,"A project is in the execution stage when a new law in the country where the company operates requires immediate compliance. This law will impact the project scope, schedule, and cost. Which three actions should the project manager take first to help ensure compliance? (Choose 3)",,,A,,Conduct a risk assessment.,,,FALSE,B,,Help ensure the project management plan is updated.,,,FALSE,C,,Escalate the issue to senior management.,,,TRUE,D,,Update the issue log.,,,TRUE,E,,Begin the change request process.,,,TRUE,,,,,,,,,,,,,,,,,,,,,,,,,,,,,,,,,,,,,,,,,,,,,,,,,,,,,,,,,,,,,,,,,,,,,,,,,,,,,,,,,,,,,,,,,,
bbd3510e-9116-44d5-949c-0f4915d8db9a,final-exam-26,SINGLE_CHOICE,DRAFT,,,"A new law that will affect a business’s product line is expected in the next 6 months. The next product is being launched and should be completed within 3 months. Unfortunately, the new product may not meet the requirements of the proposed law. How should the project manager respond to this risk?",,,A,,Meet with the sponsor and key stakeholders to discuss the impact of the risk and identify a solution.,,,TRUE,B,,Revise the risk management plan to accept the risk; then move ahead with planning the project.,,,FALSE,C,,Request funding to proactively address the issue; then move ahead with the project.,,,FALSE,D,,Meet with the sponsor and key stakeholders to warn them about the law and advise them to cancel the project until the legislation is finalized.,,,FALSE,,,,,,,,,,,,,,,,,,,,,,,,,,,,,,,,,,,,,,,,,,,,,,,,,,,,,,,,,,,,,,,,,,,,,,,,,,,,,,,,,,,,,,,,,,,,,,,,
04a861f3-3cad-4846-afed-71be1723d65e,final-exam-26,SINGLE_CHOICE,DRAFT,,,A project is conducting a business merger in a highly regulated industry. The project sponsor and a high-level executive have asked for changes that appear to disregard legal requirements. What should the project manager do next?,,,A,,Deny the request because it may not be legal.,,,FALSE,B,,Send a change request to the change control board (CCB) with a request to review the associated legal requirements.,,,FALSE,C,,Research the organization's relevant compliance guidance before meeting with the stakeholders to approve their request.,,,FALSE,D,,Seek the organization's compliance owner for expert judgment.,,,TRUE,,,,,,,,,,,,,,,,,,,,,,,,,,,,,,,,,,,,,,,,,,,,,,,,,,,,,,,,,,,,,,,,,,,,,,,,,,,,,,,,,,,,,,,,,,,,,,,,
05204f85-f666-4322-acb4-bb5f63b2b6cc,final-exam-26,SINGLE_CHOICE,DRAFT,,,"Just as a project charter is completed and the project sponsor has approved a project, a project manager learns about a new compliance requirement from an international entity. The new requirement may impact the business case for the project. How should the project manager proceed?",,,A,,"Ask the business analyst to research the requirement and possible consequences, then give the project sponsor a recommendation.",,,TRUE,B,,"Assess the risk of the new compliance requirement and conduct a volatility, uncertainty, complexity, and ambiguity (VUCA) analysis.",,,FALSE,C,,Manage Project Changes Process,,,FALSE,D,,Initiate a change request to modify the project charter to include the new requirement.,,,FALSE,,,,,,,,,,,,,,,,,,,,,,,,,,,,,,,,,,,,,,,,,,,,,,,,,,,,,,,,,,,,,,,,,,,,,,,,,,,,,,,,,,,,,,,,,,,,,,,,
731ddd0a-55a3-4e4e-96b1-aaa24da14f8d,final-exam-26,SINGLE_CHOICE,DRAFT,,,"A new regulation requires consumer warnings on labels, but a company's product package is too small to fit the additional information. The agile team decides to solve the problem by displaying the information on a fold-out flap, because production is scheduled to begin in 5 days. What should the product owner do next?",,,A,,Update the iteration backlog to reflect the additional product label requirement.,,,FALSE,B,,Contact the compliance team to determine validity of the label format.,,,TRUE,C,,Develop a prototype and submit it to the label manufacturer for approval.,,,FALSE,D,,Perform testing with a focus group to validate the labeling.,,,FALSE,,,,,,,,,,,,,,,,,,,,,,,,,,,,,,,,,,,,,,,,,,,,,,,,,,,,,,,,,,,,,,,,,,,,,,,,,,,,,,,,,,,,,,,,,,,,,,,,
1becc7d6-b29b-4616-9cb2-8212a382bb05,final-exam-26,SINGLE_CHOICE,DRAFT,,,"A project manager is reviewing the assumptions, constraints, and preliminary scope for a new project. What should the project manager do first?",,,A,,Review and understand the business case and project goals.,,,TRUE,B,,Build the project team and assign project tasks.,,,FALSE,C,,Create the project schedule and determine the critical path.,,,FALSE,D,,Analyze the project charter to determine feasibility.,,,FALSE,,,,,,,,,,,,,,,,,,,,,,,,,,,,,,,,,,,,,,,,,,,,,,,,,,,,,,,,,,,,,,,,,,,,,,,,,,,,,,,,,,,,,,,,,,,,,,,,
60fc0ecd-31f5-4aaa-8677-bc687e15bd7b,final-exam-26,SINGLE_CHOICE,DRAFT,,,"A week prior to a project kickoff meeting, a project manager meets with a trusted project team member to gain a deeper understanding of the complexity of the project deliverables. The team member feels the intended timeline and quality requirements for the product are not possible, given the stated deliverables. What should the project manager do next?",,,A,,Ask the team member to conduct a feasibility study and then assess the results.,,,FALSE,B,,Ask the project sponsor to postpone kickoff until a solution can be found.,,,FALSE,C,,Note the concerns in the issue log to review later.,,,FALSE,D,,Conduct a risk assessment with the team.,,,TRUE,,,,,,,,,,,,,,,,,,,,,,,,,,,,,,,,,,,,,,,,,,,,,,,,,,,,,,,,,,,,,,,,,,,,,,,,,,,,,,,,,,,,,,,,,,,,,,,,
4a1d81d9-6128-4ec1-b130-d01aff145edf,final-exam-26,SINGLE_CHOICE,DRAFT,,,"The project manager reviews a quality metrics dashboard showing defect trends over the last three iterations. The dashboard indicates that overall defect volume is decreasing, but defects related to recently introduced sustainability features are increasing. Delivery velocity remains stable, and upcoming milestones are visible to external stakeholders. 

Based on the quality metrics dashboard, what should the project manager do?",,,A,,Remove sustainability features from upcoming releases to reduce defect rates.,,,FALSE,B,,Continue current delivery practices since overall defect volume is decreasing.,,,FALSE,C,,Delay upcoming releases until all sustainability-related defects are fully resolved.,,,FALSE,D,,Analyze sustainability-related defect trends and adjust priorities to address quality risks.,,,TRUE,,,,,,,,,,,,,,,,,,,,,,,,,,,,,,,,,,,,,,,,,,,,,,,,,,,,,,,,,,,,,,,,,,,,,,,,,,,,,,,,,,,,,,,,,,,,,,,,
e4515a21-6510-4343-9606-257e7e102fc5,final-exam-26,SINGLE_CHOICE,DRAFT,,,"A company wants to develop a new product in a difficult business context. Competition is driving prices down, and supply costs are rising. Why should the company use an agile approach in this context?",,,A,,An agile approach helps ensure the project can be canceled at any time without loss.,,,FALSE,B,,An agile approach accelerates delivery of business value and minimizes the risk of irrelevancy.,,,TRUE,C,,An agile approach reduces personnel and resource costs.,,,FALSE,D,,An agile approach provides stringent practices to reduce quality and conformity costs.,,,FALSE,,,,,,,,,,,,,,,,,,,,,,,,,,,,,,,,,,,,,,,,,,,,,,,,,,,,,,,,,,,,,,,,,,,,,,,,,,,,,,,,,,,,,,,,,,,,,,,,
d5bbc109-9a43-4ff6-a37a-4ce03bcf8e1c,final-exam-26,SINGLE_CHOICE,DRAFT,,,An agile team in a company is highly productive. The head of operations informs the product owner that the company is getting a poor return on investment (ROI) from the team’s work. What should the project manager do to address this problem?,,,A,,Define a minimum viable product (MVP) with the team and prioritize relevant backlog items.,,,FALSE,B,,Adjust the team composition as necessary to guarantee a positive ROI.,,,FALSE,C,,Work with the product owner to conduct a retrospective to understand the problems the team may be experiencing.,,,FALSE,D,,Work with the product owner and the head of operations to determine how they are calculating ROI.,,,TRUE,,,,,,,,,,,,,,,,,,,,,,,,,,,,,,,,,,,,,,,,,,,,,,,,,,,,,,,,,,,,,,,,,,,,,,,,,,,,,,,,,,,,,,,,,,,,,,,,
d68b3ed8-f2cc-4e87-bd19-5ceac564ba41,final-exam-26,SINGLE_CHOICE,DRAFT,,,A company is losing its market share to disruptive competitors with new business models. A team has been formed to recommend ways to recover market share. What should the team do next?,,,A,,Ask a team member to conduct a feasibility study and then assess the results.,,,FALSE,B,,"Focus on enabling profitable delivery of unique, high-quality, and innovative products.",,,FALSE,C,,Understand how the competitors' business models can reach more consumers at a lower cost.,,,FALSE,D,,Focus on understanding the value consumers seek and the company's value proposition.,,,TRUE,,,,,,,,,,,,,,,,,,,,,,,,,,,,,,,,,,,,,,,,,,,,,,,,,,,,,,,,,,,,,,,,,,,,,,,,,,,,,,,,,,,,,,,,,,,,,,,,
400ccc52-11f5-446e-a783-34ad0d861bcc,final-exam-26,SINGLE_CHOICE,DRAFT,,,"Over the past 6 months, the development cost per user story has risen by more than 250% because it uses a platform that is no longer supported. What should the project manager do to determine the next steps?",,,A,,Cancel the project due to exceeding the budget constraint.,,,FALSE,B,,Ask the product owner to select an alternative platform.,,,FALSE,C,,Cancel the project as the product vision cannot be fulfilled.,,,FALSE,D,,Run a cost-benefit analysis with the product owner.,,,TRUE,,,,,,,,,,,,,,,,,,,,,,,,,,,,,,,,,,,,,,,,,,,,,,,,,,,,,,,,,,,,,,,,,,,,,,,,,,,,,,,,,,,,,,,,,,,,,,,,
ae84327b-d05e-434f-bb9a-2cf2d7e456aa,final-exam-26,MATCHING,DRAFT,,,Match each sustainability dimension with its primary focus in project decision-making.,,,A,,"(1)	
Economic",,"Community impact, workforce well-being, and stakeholder equity",,B,,"(2)	
Governance",,Long-term financial viability and value realization,,C,,"(3)	
Environmental",,"Resource efficiency, emissions reduction, and ecological impact",,D,,"(4)	
Social",,"Ethical oversight, transparency, and accountability",,,,,,,,,,,,,,,,,,,,,,,,,,,,,,,,,,,,,,,,,,,,,,,,,,,,,,,,,,,,,,,,,,,,,,,,,,,,,,,,,,,,,,,,,,,,,,,,,
58f9a335-e8b5-4d23-9fd0-ec66f619857a,final-exam-26,SINGLE_CHOICE,DRAFT,,,An agile team will take over the maintenance of a client’s website from another supplier. The team notices that recent browser changes imply that most of the website's existing content requires users to install a plug-in. How should the agile team move forward?,,,A,,Inform the client and propose alternatives.,,,TRUE,B,,Update all preexisting codes to remove plug-in dependencies.,,,FALSE,C,,Document the reason for requiring the change.,,,FALSE,D,,Deliver the code updates as defined in the contract.,,,FALSE,,,,,,,,,,,,,,,,,,,,,,,,,,,,,,,,,,,,,,,,,,,,,,,,,,,,,,,,,,,,,,,,,,,,,,,,,,,,,,,,,,,,,,,,,,,,,,,,
481d47f6-2d89-436e-bab9-baa4501e4389,final-exam-26,SINGLE_CHOICE,DRAFT,,,"A pharmaceutical project includes an agile team of doctors who analyze human tissue scans from patients participating in clinical drug trials. The CEO wants to leverage machine learning (ML) technology, because it has proven to be faster and more accurate than human-based scan analysis. How should the product owner proceed in response to the CEO’s request?",,,A,,Record the risk in the risk register and plan to discuss a response in the retrospective.,,,FALSE,B,,Work with the team to plan how they can leverage machine learning (ML) based on the data.,,,TRUE,C,,Facilitate training in machine learning (ML) for project team members to demonstrate a growth mindset and prepare for the change.,,,FALSE,D,,"Ask the team to produce a SWOT (strengths, weaknesses, opportunities, threats) analysis supporting human-based validation.",,,FALSE,,,,,,,,,,,,,,,,,,,,,,,,,,,,,,,,,,,,,,,,,,,,,,,,,,,,,,,,,,,,,,,,,,,,,,,,,,,,,,,,,,,,,,,,,,,,,,,,
b7bd77d3-5411-402d-8a1b-84ed5542ccde,final-exam-26,SINGLE_CHOICE,DRAFT,,,An expert project manager with agile experience and certification is hired by a company with a strong predictive culture. What should the project manager do first to help the company adopt agile approaches?,,,A,,Replace requirements gathering with user stories in one project on a trial basis.,,,FALSE,B,,Hire consultants to facilitate a change in organizational culture.,,,FALSE,C,,Show stakeholders how agile approaches can increase quality and decrease risk.,,,TRUE,D,,Train the teams in Scrum.,,,FALSE,,,,,,,,,,,,,,,,,,,,,,,,,,,,,,,,,,,,,,,,,,,,,,,,,,,,,,,,,,,,,,,,,,,,,,,,,,,,,,,,,,,,,,,,,,,,,,,,
e93f40cc-261a-40b3-a1b6-df13e48d564f,final-exam-26,SINGLE_CHOICE,DRAFT,,,"A project team is building a pedestrian bridge across a major river. Some technical project team members are highly experienced with infrastructure megaprojects, but some team members have little experience. This variance in team experience is listed as a risk to project build quality. What should the project manager do to help this team improve?",,,A,,Replace inexperienced team members with more experienced members.,,,FALSE,B,,Have more team meetings.,,,FALSE,C,,Provide on-site training opportunities.,,,TRUE,D,,Revise the quality standards.,,,FALSE,,,,,,,,,,,,,,,,,,,,,,,,,,,,,,,,,,,,,,,,,,,,,,,,,,,,,,,,,,,,,,,,,,,,,,,,,,,,,,,,,,,,,,,,,,,,,,,,
e70b10c6-badd-4912-9680-a7183a925e25,final-exam-26,MULTIPLE_CHOICE,DRAFT,,,A global volunteer organization operates a continuous training model to improve the knowledge of all volunteers and members. The organization designs custom training on a wide range of topics and delivers it virtually on the third Friday of every month. The team in charge of training brainstorms ideas to check if the training is effective and adequate. Which two actions should the team take to help determine the effectiveness of this training? (Choose 2),,,A,,Give trainees a preassessment.,,,TRUE,B,,Monitor how many people attended the sessions and for how long.,,,FALSE,C,,Survey people about their areas of interest.,,,FALSE,D,,Give a post-training assessment to a statistical sampling of attendees.,,,TRUE,E,,Conduct an anonymous poll about the training content.,,,FALSE,,,,,,,,,,,,,,,,,,,,,,,,,,,,,,,,,,,,,,,,,,,,,,,,,,,,,,,,,,,,,,,,,,,,,,,,,,,,,,,,,,,,,,,,,,
cf8f55ad-91f8-4d21-b2db-5da8a967998e,final-exam-26,MULTIPLE_CHOICE,DRAFT,,,The goal of a project is to improve a company’s customer service process through automation and staff development. A project team sent initial surveys to the staff to assess their satisfaction with the current process and is now analyzing these top four responses: 1) The current process works fine. 2) The current process needs fixing. 3) We need better training. 4) We do not need any more training. Which two activities should the project team perform first? (Choose 2),,,A,,Job satisfaction survey,,,FALSE,B,,Pareto analysis,,,TRUE,C,,Risk analysis,,,FALSE,D,,"MoSCoW (must have, should have, could have, won't have) diagram",,,TRUE,E,,"SWOT (strengths, weaknesses, opportunities, threats) analysis",,,FALSE,,,,,,,,,,,,,,,,,,,,,,,,,,,,,,,,,,,,,,,,,,,,,,,,,,,,,,,,,,,,,,,,,,,,,,,,,,,,,,,,,,,,,,,,,,
89d3dfc9-6b79-4180-9ddb-13045a89bf0f,final-exam-26,SINGLE_CHOICE,DRAFT,,,"A team member reported a project manager to human resources (HR) for shouting during meetings. Other team members validated the complaint. During the HR investigation, the project manager revealed they feel they are motivating the team by shouting. What should the project manager do first?",,,A,,Apologize to the team members.,,,FALSE,B,,Apply emotional intelligence in personal conduct.,,,TRUE,C,,Update the team charter to include information about appropriate conduct.,,,FALSE,D,,Review the PMI Code of Ethics and Professional Conduct.,,,FALSE,,,,,,,,,,,,,,,,,,,,,,,,,,,,,,,,,,,,,,,,,,,,,,,,,,,,,,,,,,,,,,,,,,,,,,,,,,,,,,,,,,,,,,,,,,,,,,,,
38353248-70ee-4d8b-9875-4263d490b53b,final-exam-26,SINGLE_CHOICE,DRAFT,,,"The project manager reviews a change log and change impact summary covering the last two reporting periods. Several approved changes relate to sustainability enhancements requested by stakeholders. The summary shows cumulative impacts on cost, schedule, and expected long-term value. Individually, each change appears manageable, but collectively they are beginning to erode contingency reserves and compress schedule float. Based on the change log and impact summary, what should the project manager do?",,,A,,Reassess cumulative change impacts and recommend adjustments to approval criteria accordingly.,,,TRUE,B,,Continue approving sustainability-related changes since each was individually justified and approved.,,,FALSE,C,,Reject further sustainability-related changes to protect remaining contingency reserves.,,,FALSE,D,,Implement approved changes without further analysis to maintain stakeholder confidence.,,,FALSE,,,,,,,,,,,,,,,,,,,,,,,,,,,,,,,,,,,,,,,,,,,,,,,,,,,,,,,,,,,,,,,,,,,,,,,,,,,,,,,,,,,,,,,,,,,,,,,,
b0dc466f-6ae8-442d-a8f3-2247395800b4,final-exam-26,SINGLE_CHOICE,DRAFT,,,"A new product owner has been brought into a sports team organization to create a VIP benefits program. The project stakeholders, including executives, managers, and coaches, often disagree. The product owner gets a lot of conflicting information during a stakeholder, requirements meeting so they ask the project team for help. How should the project team help the new product owner make decisions to create the initial product backlog?",,,A,,"Meet with the stakeholders to brainstorm, allow them to provide opinions, and use active listening and conflict management techniques to note areas of agreement.",,,TRUE,B,,Interview the stakeholders separately; then the team and product owner can make the decisions.,,,FALSE,C,,"Hold a kickoff meeting with all stakeholders, present the conflicting points of view, and take notes on the whiteboard—these will become user stories.",,,FALSE,D,,"Since the stakeholders cannot agree, send them individual surveys to collect data, then write user stories and use voting techniques to prioritize them.",,,FALSE,,,,,,,,,,,,,,,,,,,,,,,,,,,,,,,,,,,,,,,,,,,,,,,,,,,,,,,,,,,,,,,,,,,,,,,,,,,,,,,,,,,,,,,,,,,,,,,,
21e2999a-695f-4d4b-a77b-06df509ec61d,final-exam-26,SINGLE_CHOICE,DRAFT,,,"A project manager develops a project management plan and schedule based on an agreed-upon project life cycle of 16 months. Due to changing business requirements, the project sponsor requests completion within 9 months. How should the project manager respond to this proposed change?",,,A,,Perform an impact evaluation of this change request with the team.,,,TRUE,B,,Work with key stakeholders and project team members to review the business requirements.,,,FALSE,C,,Use a schedule compression method to meet the revised deadline.,,,FALSE,D,,Meet with project team members to discuss which aspects of the project can be removed from the scope.,,,FALSE,,,,,,,,,,,,,,,,,,,,,,,,,,,,,,,,,,,,,,,,,,,,,,,,,,,,,,,,,,,,,,,,,,,,,,,,,,,,,,,,,,,,,,,,,,,,,,,,
89329e72-c319-4a91-b421-34872f981b13,final-exam-26,SINGLE_CHOICE,DRAFT,,,A project sponsor is unhappy because of a delay in a critical project. The project manager attributes the delay to a growing deficiency in a key skill area and the difficulty in sourcing the appropriate subject matter expert. What should the project manager do to improve this situation in the future?,,,A,,Plan training sessions at the start of the project so team members can learn the necessary skills.,,,FALSE,B,,List required skills for the project and organize the project team based on those skills.,,,FALSE,C,,Consult with the project sponsor to add training as soon as the lack of a specific skill becomes apparent.,,,TRUE,D,,"Empower team members to problem-solve where skills may be lacking, using the skills they have.",,,FALSE,,,,,,,,,,,,,,,,,,,,,,,,,,,,,,,,,,,,,,,,,,,,,,,,,,,,,,,,,,,,,,,,,,,,,,,,,,,,,,,,,,,,,,,,,,,,,,,,
78d910b2-f104-4514-8d78-066a0c929228,final-exam-26,SINGLE_CHOICE,DRAFT,,,A product owner complains that a function developed by the development team does not align with the original design. Which action should the development team take to avoid this problem in the future?,,,A,,Ask the product owner to explain their point of view clearly.,,,FALSE,B,,Ask the quality assurance team to identify any mismatches in functionality compared to the initial design.,,,FALSE,C,,Rewrite the function to match the project scope.,,,FALSE,D,,Work with the product owner to clarify a vague requirement.,,,TRUE,,,,,,,,,,,,,,,,,,,,,,,,,,,,,,,,,,,,,,,,,,,,,,,,,,,,,,,,,,,,,,,,,,,,,,,,,,,,,,,,,,,,,,,,,,,,,,,,
ca60c02d-759e-43dd-b25e-ca3c36735411,final-exam-26,SINGLE_CHOICE,DRAFT,,,"A project manager identifies three critical risks with probability of a high impact on the schedule and budget of a project producing critical deliverables for the company.  The team meets to plan mitigation of the risks and decides that three specific team members will be required. However, these team members are already committed to a separate project, which is managed by another project manager. Which party should the project manager work with first to find a solution?",,,A,,The project team members—to assist in training the new team members quickly so they can complete the work on time,,,FALSE,B,,The project sponsor—to request more funding for the budget to hire contractors,,,FALSE,C,,The three team members—to convince them to join the team or at least agree to coach the existing team,,,FALSE,D,,The other project manager—to negotiate reallocation or sharing of the three required team members,,,TRUE,,,,,,,,,,,,,,,,,,,,,,,,,,,,,,,,,,,,,,,,,,,,,,,,,,,,,,,,,,,,,,,,,,,,,,,,,,,,,,,,,,,,,,,,,,,,,,,,
d64e8077-af69-4af1-9321-31e638213075,final-exam-26,SINGLE_CHOICE,DRAFT,,,A contractor working with a team on a project left. The contractor sent an email requesting urgent payment of their last invoice. How should the project manager respond to this contractor's request?,,,A,,Negotiate payment terms through a meeting with procurement and the contractor.,,,FALSE,B,,Authorize the payment by notifying accounts payable and follow up to help ensure it was made.,,,FALSE,C,,Act according to the agreed-upon commitments in the procurement management plan and signed agreement.,,,TRUE,D,,Authorize payment only after reviewing the forecast spend versus the actual spend to see if the actual status allows it.,,,FALSE,,,,,,,,,,,,,,,,,,,,,,,,,,,,,,,,,,,,,,,,,,,,,,,,,,,,,,,,,,,,,,,,,,,,,,,,,,,,,,,,,,,,,,,,,,,,,,,,
1546075d-203b-4c75-9137-fe0f578d714b,final-exam-26,MULTIPLE_CHOICE,DRAFT,,,"A project manager for a construction firm meets with stakeholders. All stakeholders agree on a 20-month timeline for a project. After work has begun, the project manager learns that stakeholders would like project completion within no more than 16 months. Which three steps should the project manager take? (Choose 3)",,,A,,Negotiate with stakeholders on the timeline and updated requirements.,,,TRUE,B,,Renegotiate the contracts and timeline with subcontractors.,,,FALSE,C,,Analyze the impact of the stakeholders' request.,,,TRUE,D,,Justify the 20-month timeline.,,,TRUE,E,,Ask the project team if they can deliver the work in a reduced timeline.,,,FALSE,,,,,,,,,,,,,,,,,,,,,,,,,,,,,,,,,,,,,,,,,,,,,,,,,,,,,,,,,,,,,,,,,,,,,,,,,,,,,,,,,,,,,,,,,,
f720bca0-dc97-4211-953c-ecd041f0592a,final-exam-26,SINGLE_CHOICE,DRAFT,,,"The COVID-19 pandemic caused delays in a company that will make it very difficult to launch a new product on time. Television ads for the launch date have already been purchased, so the CEO has asked the project manager to find a way to launch the product even if some minor features are not included. Which action should the project manager take toward a successful and timely product launch?",,,A,,Double the size of the test team to help ensure any defects will be detected and corrected as early as possible.,,,FALSE,B,,Ask the team to remove product tests that are most likely to fail on the first attempt and descope requirements relating to those tests.,,,FALSE,C,,Fast-track the schedule and establish new test and readiness milestones as close as possible to the planned launch date.,,,FALSE,D,,Plan a parallel iterative track to develop requirements for a minimum viable product (MVP) and descope unnecessary predictive tasks.,,,TRUE,,,,,,,,,,,,,,,,,,,,,,,,,,,,,,,,,,,,,,,,,,,,,,,,,,,,,,,,,,,,,,,,,,,,,,,,,,,,,,,,,,,,,,,,,,,,,,,,
fc4154ec-1005-4712-8c7f-658a3f125446,final-exam-26,SINGLE_CHOICE,DRAFT,,,A project is 50% complete. An essential colocated project team member requests a 2-month leave for personal matters. What should the project manager do first?,,,A,,Check with this team member to see if they can work remotely.,,,FALSE,B,,Discuss the issue with the functional manager and request a replacement.,,,FALSE,C,,Assess how the leave will impact the project.,,,TRUE,D,,Refer to the resource management plan.,,,FALSE,,,,,,,,,,,,,,,,,,,,,,,,,,,,,,,,,,,,,,,,,,,,,,,,,,,,,,,,,,,,,,,,,,,,,,,,,,,,,,,,,,,,,,,,,,,,,,,,
4f0d5825-aa24-40a3-9501-74b49b409181,final-exam-26,MULTIPLE_CHOICE,DRAFT,,,A cross-functional team on a project reports a delay in developing a prototype. The project manager believes the cause of this delay is lack of knowledge in a specific required skill on the team. Which three actions should the project manager take to prevent this situation in future projects? (Choose 3),,,A,,Ask the team lead to recommend a solution.,,,FALSE,B,,Identify required skills and organize the team based on the strengths of those skills.,,,TRUE,C,,Look into automation options to enable team members to work more quickly.,,,FALSE,D,,Ask human resources to provide a team member with the appropriate skills.,,,TRUE,E,,Identify the skill deficiency as a project risk.,,,TRUE,,,,,,,,,,,,,,,,,,,,,,,,,,,,,,,,,,,,,,,,,,,,,,,,,,,,,,,,,,,,,,,,,,,,,,,,,,,,,,,,,,,,,,,,,,
d0b65bb1-bd95-4b57-9df6-41e67b90957a,final-exam-26,MULTIPLE_CHOICE,DRAFT,,,An agile team member solved a problem that blocked work on a project for several weeks. The solution caused a function to fail after the release of the software. The quality director demands an explanation. Which two actions should the project manager take? (Choose 2),,,A,,Ask the team member to present their rationale and lessons learned.,,,TRUE,B,,Instruct the team member not to take risky initiatives.,,,FALSE,C,,Explain to the director that mistakes are inevitable but will be remedied.,,,FALSE,D,,"Assess the severity of the failure, then roll back or patch the software.",,,TRUE,,,,,,,,,,,,,,,,,,,,,,,,,,,,,,,,,,,,,,,,,,,,,,,,,,,,,,,,,,,,,,,,,,,,,,,,,,,,,,,,,,,,,,,,,,,,,,,,
900229f2-b222-41ba-809b-668772f8c2cf,final-exam-26,SINGLE_CHOICE,DRAFT,,,"A project for a textile development company needs a specialized team member to work for 900 hours. The company has decided to outsource these hours. Because of internal policies, all potential vendors must be given the same requirements information. Which action should the project manager take to help ensure all vendors receive the same requirements information?",,,A,,Negotiate directly with each vendor.,,,FALSE,B,,Create a request for proposal (RFP) and hold a bidder conference.,,,TRUE,C,,Help ensure the procurement management plan is sent to each vendor.,,,FALSE,D,,Allow each vendor to gather requirements.,,,FALSE,,,,,,,,,,,,,,,,,,,,,,,,,,,,,,,,,,,,,,,,,,,,,,,,,,,,,,,,,,,,,,,,,,,,,,,,,,,,,,,,,,,,,,,,,,,,,,,,
7b920b12-1df4-4aba-bf34-e2eae6dfac38,final-exam-26,MULTIPLE_CHOICE,DRAFT,,,"Two project teams are working on a hybrid project. An IT integration team is using a predictive scheduling approach, and a software development team is using an agile development approach. The teams are working in silos, resulting in misaligned deliverable scheduling. Which two measures should the teams use to better synchronize their deliveries? (Choose 2)",,,A,,Alter the story size to help ensure more complete integration into the IT build requirements.,,,FALSE,B,,Use the IT predictive schedule to limit the features the software team starts to develop.,,,FALSE,C,,Create a common kanban board to queue and track progress of both teams' deliverables.,,,TRUE,D,,Break down IT work packages into more detailed tasks to align to the software releases.,,,FALSE,E,,Define common milestones and an overall dependency network to be used by both teams.,,,TRUE,,,,,,,,,,,,,,,,,,,,,,,,,,,,,,,,,,,,,,,,,,,,,,,,,,,,,,,,,,,,,,,,,,,,,,,,,,,,,,,,,,,,,,,,,,
7b122d9d-e282-46e0-aedf-21ea8c37b957,final-exam-26,SINGLE_CHOICE,DRAFT,,,"A project to build a resort complex has been planned and the contract is ready for signature. However, the project team still needs to identify the types of structures to build on the parcel of land, so they initiate a consumer study. Which type of agreement should be pursued?",,,A,,Create a cost-plus contract that reimburses the team while they uncover the scope.,,,TRUE,B,,Add a risk premium to the agreed-on price of the full work and add a clause to renegotiate the new scope when it is fully defined.,,,FALSE,C,,Raise a change request to examine the impact on scope and price and close the deal when all information is available.,,,FALSE,D,,Exclude all work on the parcel of land from the project management plan and pricing and propose a separate contract when the scope becomes clear.,,,FALSE,,,,,,,,,,,,,,,,,,,,,,,,,,,,,,,,,,,,,,,,,,,,,,,,,,,,,,,,,,,,,,,,,,,,,,,,,,,,,,,,,,,,,,,,,,,,,,,,
06432ab0-e7be-454b-864f-bf69bf7a8779,final-exam-26,SINGLE_CHOICE,DRAFT,,,"A large multinational project includes functional groups, a steering committee, and a project sponsor in four countries. As the project approaches completion, the project manager prepares closeout documents and obtains customer acceptance of the deliverables. How should the project manager document customer acceptance of the product?",,,A,,Review the project management plan and follow the closeout procedures.,,,TRUE,B,,Submit a final report to the steering committee and project sponsor.,,,FALSE,C,,Validate fulfillment of all user stories in the product backlog.,,,FALSE,D,,Hold a final retrospective with all stakeholders.,,,FALSE,,,,,,,,,,,,,,,,,,,,,,,,,,,,,,,,,,,,,,,,,,,,,,,,,,,,,,,,,,,,,,,,,,,,,,,,,,,,,,,,,,,,,,,,,,,,,,,,
71e4be95-92f0-49e6-8a4e-b34faec4a22c,final-exam-26,MULTIPLE_CHOICE,DRAFT,,,"After five iterations of an agile project to develop a new product, user stories are being completed on schedule and all tests passed. Despite this progress, the customer is displeased because their main competitor has just introduced a better product. Which two actions should the project team and product owner take to facilitate a good outcome for this project? (Choose 2)",,,A,,Work with the customer to revise the product vision and roadmap.,,,FALSE,B,,Collaborate with the customer on an updated definition of done (DoD).,,,FALSE,C,,Facilitate an updated analysis of the business and market for the product.,,,TRUE,D,,Help ensure the test plan includes nonfunctional requirements in the backlog.,,,FALSE,E,,Process customer feedback with iteration demos and user tests.,,,TRUE,,,,,,,,,,,,,,,,,,,,,,,,,,,,,,,,,,,,,,,,,,,,,,,,,,,,,,,,,,,,,,,,,,,,,,,,,,,,,,,,,,,,,,,,,,
5e944d13-13c2-41b6-819f-07f5d97bcce6,final-exam-26,SINGLE_CHOICE,DRAFT,,,A smart grid project combines predictive and agile tracks. An agile team detected a major software defect after project release and began working on a correction. The defective release was deployed by the predictive track but this caused a field test to fail. Which action should the agile team take to prevent similar problems in the future?,,,A,,Run the same unit tests in the agile lab and the field sites.,,,FALSE,B,,Review the communications management plan and update it as necessary.,,,TRUE,C,,Help ensure retrospectives are shared with the predictive team.,,,FALSE,D,,Replan the software track into a predictive approach.,,,FALSE,,,,,,,,,,,,,,,,,,,,,,,,,,,,,,,,,,,,,,,,,,,,,,,,,,,,,,,,,,,,,,,,,,,,,,,,,,,,,,,,,,,,,,,,,,,,,,,,
93e4ca7d-2824-46d5-af1e-7db14c0f6c60,final-exam-26,SINGLE_CHOICE,DRAFT,,,A new law is introduced during a project. The new law might affect project compliance and product viability in some of the planned markets. What should the project manager do next?,,,A,,"Engage in identification of project risks, then assess those risks.",,,TRUE,B,,Consult with a lawyer.,,,FALSE,C,,Engage the stakeholders to confirm risk tolerances.,,,FALSE,D,,Tailor the project risk approach for the potentially affected markets.,,,FALSE,,,,,,,,,,,,,,,,,,,,,,,,,,,,,,,,,,,,,,,,,,,,,,,,,,,,,,,,,,,,,,,,,,,,,,,,,,,,,,,,,,,,,,,,,,,,,,,,
b8926ee1-243e-4135-b6e1-0b48ac000d66,final-exam-26,SINGLE_CHOICE,DRAFT,,,A project manager is preparing a monthly project status report and identifies four new risks. These four risks could affect key milestones. How should the project manager improve the risk management process?,,,A,,Attend to the risks and delay the monthly project status report.,,,FALSE,B,,Review the organizational process assets (OPAs) and risk register.,,,FALSE,C,,Cross-reference the risks with the risk management plan.,,,FALSE,D,,Document and analyze the risks immediately.,,,TRUE,,,,,,,,,,,,,,,,,,,,,,,,,,,,,,,,,,,,,,,,,,,,,,,,,,,,,,,,,,,,,,,,,,,,,,,,,,,,,,,,,,,,,,,,,,,,,,,,
829f9472-9b92-4264-a3b9-6a1087a36267,final-exam-26,SINGLE_CHOICE,DRAFT,,,A few users complain during a project’s user acceptance stage. The users state their expectations were not met. Which action should the project manager take to avoid this issue in future projects?,,,A,,Send more frequent updates to stakeholders.,,,FALSE,B,,Engage in risk assessments throughout the project.,,,FALSE,C,,Get stakeholders more involved in gathering requirements.,,,TRUE,D,,Engage users more frequently during the project.,,,FALSE,,,,,,,,,,,,,,,,,,,,,,,,,,,,,,,,,,,,,,,,,,,,,,,,,,,,,,,,,,,,,,,,,,,,,,,,,,,,,,,,,,,,,,,,,,,,,,,,
28261387-9d88-4ffb-8f7c-fcf2484be0e6,final-exam-26,SINGLE_CHOICE,DRAFT,,,"A project has the following characteristics: 1) US$3 million budget. 2) Planned value (PV) of US$630,000. 3) Actual cost (AC) of US$650,000. 4) Earned value. 5) (EV) of US$640,000. Which statement is true about the current project status?",,,A,,The project is ahead of schedule and under budget.,,,FALSE,B,,The project is behind schedule and over budget.,,,FALSE,C,,The project is ahead of schedule and over budget.,,,TRUE,D,,The project is behind schedule and under budget.,,,FALSE,,,,,,,,,,,,,,,,,,,,,,,,,,,,,,,,,,,,,,,,,,,,,,,,,,,,,,,,,,,,,,,,,,,,,,,,,,,,,,,,,,,,,,,,,,,,,,,,
8bc84b1e-c4e3-4522-b69d-310157eaccd0,final-exam-26,MULTIPLE_CHOICE,DRAFT,,,"During execution, the project manager discovers inconsistencies between data sources used for status reporting. Some metrics are timely but incomplete, while others are accurate but lag in actual performance. Leadership expects timely updates to support decisions. Which actions should the project manager take? (Select all that apply.)",,,A,,Assess the reliability and limitations of each data source before using them in reports.,,,TRUE,B,,"Use the most current data available, even if accuracy cannot be fully verified.",,,FALSE,C,,Communicate data limitations and assumptions when presenting status information.,,,TRUE,D,,Delay all reporting until data discrepancies are fully resolved internally.,,,FALSE,E,,Improve data collection processes to increase accuracy and timeliness.,,,TRUE,,,,,,,,,,,,,,,,,,,,,,,,,,,,,,,,,,,,,,,,,,,,,,,,,,,,,,,,,,,,,,,,,,,,,,,,,,,,,,,,,,,,,,,,,,
c3f0325d-fd80-40a5-bd11-2100073590c8,final-exam-26,MULTIPLE_CHOICE,DRAFT,,,"As the project approaches closure, several lessons learned have been identified related to delivery approach, stakeholder engagement, use of AI-supported insights, and sustainability trade-offs. Leadership wants to ensure that these lessons inform future initiatives rather than remaining project-specific documentation. Which actions should the project manager take? (Select all that apply.)",,,A,,Facilitate a review of lessons learned and validate them with key stakeholders before finalizing.,,,TRUE,B,,Archive lessons learned in the project repository as part of formal closure activities.,,,FALSE,C,,"Integrate relevant lessons learned into organizational standards, guidance, or templates.",,,TRUE,D,,Share lessons learned only with the project team to avoid unnecessary organizational disruption.,,,FALSE,E,,Coordinate with governance functions to support adoption of lessons across future projects.,,,TRUE,,,,,,,,,,,,,,,,,,,,,,,,,,,,,,,,,,,,,,,,,,,,,,,,,,,,,,,,,,,,,,,,,,,,,,,,,,,,,,,,,,,,,,,,,,
839230a6-eedc-4b5d-82f6-054380de90fe,final-exam-26,SINGLE_CHOICE,DRAFT,,,"During execution, a project issue remains within defined performance tolerances but is drawing increased attention from senior stakeholders. Team members suggest escalating the issue immediately to avoid future scrutiny. What should the project manager do?",,,A,,Escalate the issue to governance immediately to demonstrate transparency.,,,FALSE,B,,Continue managing the issue at the project level while monitoring tolerance thresholds.,,,TRUE,C,,Request a formal change to expand issue tolerances and reduce escalation pressure.,,,FALSE,D,,Transfer ownership of the issue to senior stakeholders to share accountability.,,,FALSE,,,,,,,,,,,,,,,,,,,,,,,,,,,,,,,,,,,,,,,,,,,,,,,,,,,,,,,,,,,,,,,,,,,,,,,,,,,,,,,,,,,,,,,,,,,,,,,,
862c115c-2461-49df-b66c-b40e42344d31,final-exam-26,SINGLE_CHOICE,DRAFT,,,"A project is delivering outputs as planned, but early indicators show that expected business benefits may not be fully realized. Some stakeholders are satisfied with on-time delivery, while others question whether the project is delivering sufficient value. What should the project manager do?",,,A,,Continue executing the project as planned since deliverables are being completed on schedule.,,,FALSE,B,,Reassess expected benefits and adjust delivery priorities to improve value realization.,,,TRUE,C,,Request additional scope to increase the likelihood of achieving planned benefits.,,,FALSE,D,,Escalate concerns to sponsors and pause delivery until benefits are fully clarified.,,,FALSE,,,,,,,,,,,,,,,,,,,,,,,,,,,,,,,,,,,,,,,,,,,,,,,,,,,,,,,,,,,,,,,,,,,,,,,,,,,,,,,,,,,,,,,,,,,,,,,,
50782189-6aac-4424-80d6-beef9588bd83,final-exam-26,SINGLE_CHOICE,DRAFT,,,"During execution, stakeholder expectations begin to diverge. Some stakeholders prioritize rapid progress updates, while others request more detailed information about emerging risks and uncertainties. What should the project manager do?",,,A,,Tailor communication to stakeholder needs while maintaining transparency and consistency.,,,TRUE,B,,Provide the same level of information to all stakeholders to maintain uniform understanding.,,,FALSE,C,,Limit communication to high-level progress updates to avoid unnecessary confusion.,,,FALSE,D,,Escalate communication decisions to sponsors to determine an appropriate approach.,,,FALSE,,,,,,,,,,,,,,,,,,,,,,,,,,,,,,,,,,,,,,,,,,,,,,,,,,,,,,,,,,,,,,,,,,,,,,,,,,,,,,,,,,,,,,,,,,,,,,,,
